version;datetime;validation;test;bagging_fraction;bagging_freq;feature_fraction;gamma_pi;lambda_l1;lambda_l2;lamda;learning_rate;max_depth;min_data_in_leaf;min_gain_to_split;n_estimators;num_leaves;stopping_rounds
0;2024-01-09 00:03:48.340570;0,9221153862273315;;0,2;10;0,4;0,6862873845041763;45;75;0,0792872871389294;0,13969323811514006;21;1050;7,916288666627466;250;965;20
1;2024-01-09 00:05:09.503246;0,9081585338497733;;0,4;1;0,7;0,312158743735357;35;90;0,07632484014604483;0,7799009640287085;19;550;8,603193295917155;20;405;10
2;2024-01-09 00:06:29.415085;0,8944433263056928;;0,8;10;0,5;0,16601455258313808;60;30;0,05612292585900373;0,3528209922668134;13;750;0,4533558926464515;250;465;10
3;2024-01-09 00:07:50.856993;0,9016001110168675;;0,6000000000000001;0;0,6000000000000001;0,050076934683886465;55;30;0,050193059842491235;0,7273745109574429;11;650;10,790283769748637;20;265;20
4;2024-01-09 00:09:10.748969;0,8921147410147462;;0,9000000000000001;50;0,2;0,31966452941700463;25;50;0,07184757048387909;0,5976436894046149;10;150;6,486065607735335;50;885;10
5;2024-01-09 00:10:31.268180;0,895055352615306;;0,8;50;0,5;0,5612868495342309;0;40;0,02852118363867905;0,5034517268384572;21;950;10,17816521183712;500;165;50
6;2024-01-09 00:11:55.270812;0,9005206529179401;;0,30000000000000004;1;1,0;0,623923785195822;20;5;0,09461524578085079;0,5175688851673927;17;150;7,526476965043576;20;205;10
7;2024-01-09 00:13:14.531665;0,896521036050378;;0,6000000000000001;0;0,6000000000000001;0,9024656224788613;5;80;0,05156260289973709;0,724804353343687;20;950;11,234077449435086;50;125;20
8;2024-01-09 00:14:34.314815;0,8996494041922318;;1,0;1;0,7;0,533645628398869;30;70;0,08704435844408454;0,7715059056520017;25;150;14,634548205748258;20;285;20
9;2024-01-09 00:15:53.552293;0,8881973101117158;;0,7;0;0,5;0,6633634292267827;15;25;0,08386097142791099;0,2864581729118996;19;350;6,271872849186988;500;965;50
10;2024-01-09 00:17:17.220960;0,9044153418663747;;0,5;0;1,0;0,8332379936260285;85;10;0,0050166617747654865;0,9513189253623133;3;450;4,068035249033173;500;725;50
11;2024-01-09 00:18:39.148241;1,0196391508352682;;0,9000000000000001;50;0,2;0,31857146591966345;15;50;0,09687810368706007;0,004211016135476309;8;350;4,582143388040257;50;985;50
12;2024-01-09 00:20:02.184197;0,8924956803053681;;0,7;50;0,2;0,4187246763840041;25;55;0,07048406787951024;0,2983957635427383;7;50;5,335781785691475;100;785;50
13;2024-01-09 00:21:24.608519;0,8983022155410201;;1,0;0;0,30000000000000004;0,9915081191623948;80;20;0,09990568687739333;0,3664057215198906;15;350;5,692669842949617;500;725;10
14;2024-01-09 00:22:45.385290;0,9042998520901447;;0,8;50;0,8;0,7267655544383325;100;55;0,06857131866787262;0,5579272052592311;10;250;3,304198283240548;50;845;50
15;2024-01-09 00:24:07.659868;0,8931858255768056;;0,7;0;0,4;0,44248837015725295;45;40;0,08454187074124962;0,24995875710851878;25;50;6,354051728240739;100;605;10
16;2024-01-09 00:25:28.323284;0,8856890706026895;;0,9000000000000001;50;0,30000000000000004;0,7867721649704645;10;20;0,062213189021412825;0,4171218844709541;3;250;2,6441694635864663;500;885;50
17;2024-01-09 00:26:51.254818;0,8906538643435624;;0,5;10;0,4;0,7739214469223056;10;0;0,08426939991426062;0,43321578594100285;5;450;2,6502569277238175;500;625;50
18;2024-01-09 00:28:13.806613;0,8819970436268033;;0,7;0;0,30000000000000004;0,639981396270768;0;20;0,05887146329081569;0,19675650954265694;16;350;1,717238613213052;500;585;50
19;2024-01-09 00:29:40.290904;0,8834270464143199;;0,9000000000000001;50;0,30000000000000004;0,8452814782189582;0;15;0,06272692091650109;0,17879104477194532;14;750;0,19237853447066744;500;5;50
20;2024-01-09 00:31:11.448801;0,8841147960322434;;1,0;0;0,30000000000000004;0,8789840623586982;0;10;0,041048884293200444;0,17524840994923124;15;750;0,1975132725755253;500;565;50
21;2024-01-09 00:32:39.944859;0,8843212963341879;;1,0;0;0,30000000000000004;0,8753022235559853;0;10;0,042668426884388495;0,16331223932971695;15;750;0,770816180885745;500;585;50
22;2024-01-09 00:34:07.110968;0,8839087924880197;;0,9000000000000001;0;0,30000000000000004;0,9808437049737108;0;15;0,042665513177379;0,16184480538679455;17;750;0,03207997155437503;500;25;50
23;2024-01-09 00:35:36.520535;0,8889155528598008;;0,8;0;0,4;0,9782503185141312;35;15;0,06181136156032524;0,04722099351969761;17;850;1,4489285038538335;500;5;50
24;2024-01-09 00:37:14.018016;0,8829991738882633;;0,9000000000000001;0;0,2;0,749671374696022;10;0;0,061218425517140504;0,06179531765428049;13;650;1,6974562141911596;500;25;50
25;2024-01-09 00:38:51.103145;0,8858021540494357;;0,7;50;0,2;0,7285920787395858;10;0;0,06443050275783818;0,07275858431380966;13;650;1,9407404964425892;500;85;50
26;2024-01-09 00:40:25.536743;0,8867880621296242;;0,9000000000000001;1;0,2;0,6106239881662568;20;35;0,05849513485608676;0,09066220116099907;12;550;1,6105254562989317;100;385;50
27;2024-01-09 00:41:50.694704;0,8875848347363007;;0,8;10;0,30000000000000004;0,793320649135694;10;0;0,06648093170945055;0,22946574529001085;8;650;3,5309701285287574;250;325;50
28;2024-01-09 00:43:13.908875;0,8940192972049912;;0,5;0;0,4;0,6841545171316611;75;100;0,07312472335185907;0,027583223658413245;14;550;1,451958136631803;500;85;50
29;2024-01-09 00:44:53.896335;0,8972546200321695;;0,6000000000000001;10;0,9000000000000001;0,700311694158776;45;65;0,0765106438581942;0,13199109451894625;23;1050;2,48198769213326;250;485;20
30;2024-01-09 00:46:17.309477;0,9240035127754689;;0,2;50;0,5;0,625758431115464;65;20;0,05669247801029037;0,11318951937656446;17;850;3,9870044545062244;500;205;50
31;2024-01-09 00:47:39.204711;0,8835081414411246;;0,9000000000000001;0;0,30000000000000004;0,9303999770416912;0;15;0,04907017819588707;0,1955088106672285;17;850;0,13068569152078713;500;5;50
32;2024-01-09 00:49:09.978212;0,8855025079427028;;0,9000000000000001;0;0,4;0,9141877915543412;5;25;0,05084411126847265;0,21475591643670267;19;850;1,0591742597583709;500;5;50
33;2024-01-09 00:50:36.189676;0,883328785040864;;0,8;0;0,2;0,8501356508006563;5;5;0,0647742288786454;0,09950085255606893;16;650;0,02321241935774987;500;85;50
34;2024-01-09 00:52:11.675940;0,8843041743369208;;0,8;0;0,2;0,8282252069150148;20;5;0,07709335641366559;0,09892966971081736;13;650;1,1991131042937404;250;85;20
35;2024-01-09 00:53:40.683003;0,8867691224967794;;0,7;0;0,2;0,833692522368742;35;5;0,06673168204272592;0,060923809303509324;11;450;2,14107463666792;500;425;50
36;2024-01-09 00:55:17.717131;1,0274950124743056;;0,8;1;0,2;0,765585231400827;5;30;0,06011210982695163;0,007861087913139803;15;550;0,7937026638705147;20;165;50
37;2024-01-09 00:56:39.986657;0,8879392478286452;;0,7;10;0,30000000000000004;0,7290271266480421;15;0;0,056846255684833515;0,1266588461321936;12;650;2,996321775340591;500;245;10
38;2024-01-09 00:58:06.164697;0,8883133456808132;;0,8;0;0,4;0,6613015741009025;25;10;0,07235693740525345;0,26926698239112845;16;750;1,9763148042354894;100;65;50
39;2024-01-09 00:59:29.208244;0,8900286038725609;;0,6000000000000001;50;0,7;0,5707529258072849;5;40;0,06344532454752977;0,20248282630379796;19;450;0,051524287183167566;500;345;20
40;2024-01-09 01:00:54.797085;0,8861717411542024;;1,0;1;0,5;0,8594887003388848;15;25;0,05463243759856691;0,31095567077190434;22;550;0,9955110387223296;20;525;10
41;2024-01-09 01:02:16.270976;0,8863746199973368;;0,9000000000000001;0;0,30000000000000004;0,9323769318341861;0;15;0,04830556639358245;0,2046995972478971;18;950;0,09839465780818459;500;165;50
42;2024-01-09 01:03:43.567525;0,8842960210257367;;0,9000000000000001;0;0,2;0,9279282551693678;5;5;0,06702150860594004;0,14637234035334212;14;850;0,7840040799252216;500;45;50
43;2024-01-09 01:05:12.060470;0,8822868365062353;;0,8;0;0,30000000000000004;0,8142153569020005;0;15;0,054759739121584675;0,06886995149268396;16;650;1,8797700522045162;500;125;50
44;2024-01-09 01:06:43.457954;0,895831265948358;;0,8;0;0,2;0,8174701308793921;10;30;0,05891897697541053;0,05521381132598932;16;650;2,046877258673643;50;145;50
45;2024-01-09 01:08:06.445430;0,8882204727148778;;0,7;0;0,6000000000000001;0,7528569061922744;30;5;0,0537595735947081;0,08916836668923746;11;550;2,9460687693129572;500;125;50
46;2024-01-09 01:09:33.685336;0,8821688711751069;;0,8;0;0,30000000000000004;0,8081263074267226;5;20;0,07080044232490423;0,02798550346852205;13;650;1,558537642482345;500;685;50
47;2024-01-09 01:11:23.214717;0,9126163086461399;;0,6000000000000001;0;0,4;0,8011484221524747;55;20;0,07220582835403092;0,00389758451259151;12;650;3,6778649599845217;500;685;20
48;2024-01-09 01:13:18.612453;0,9392905225155903;;0,8;0;0,2;0,7112186983959906;15;25;0,08066726896747022;0,04708285853563127;16;450;4,49269758991132;20;765;50
49;2024-01-09 01:14:40.499048;0,8868881079848959;;0,7;0;0,30000000000000004;0,7497841950192037;20;35;0,07517382326813168;0,11803661145945307;20;250;3,237960929276632;50;665;10
50;2024-01-09 01:16:03.479959;0,9290055915635491;;0,8;0;0,5;0,7955716623293521;5;80;0,07046428898259384;0,004333721846436114;10;350;2,4010621198609603;250;225;50
51;2024-01-09 01:17:55.735711;0,8835904166125564;;0,9000000000000001;50;0,30000000000000004;0,8620147160200802;0;10;0,061511172868812775;0,07983592414040147;13;750;1,5499680892994927;500;525;50
52;2024-01-09 01:19:29.014907;0,8838701573755688;;0,7;0;0,2;0,8549677875905345;10;15;0,06766640439368393;0,1618943051864047;14;750;0,7361481512275022;500;665;50
53;2024-01-09 01:20:59.550369;0,8873946086370333;;0,8;50;0,30000000000000004;0,7713083629293148;5;20;0,06449515751995584;0,2333976285459009;18;650;0,5615102618934906;500;105;50
54;2024-01-09 01:22:27.564428;0,8816835781391165;;1,0;0;0,4;0,8941125744327426;0;10;0,0543638862471616;0,12114980832537312;15;550;1,5086303851539573;500;65;50
55;2024-01-09 01:23:54.963492;0,8829039749204135;;1,0;0;0,4;0,8901366617119845;5;5;0,05471126207637646;0,04703190576986302;16;550;2,637178570456414;500;285;50
56;2024-01-09 01:25:28.237443;0,8847922043874868;;1,0;0;0,4;0,8886604004303369;15;10;0,053741502590882846;0,05115654048728614;18;550;2,577174909864635;500;285;50
57;2024-01-09 01:27:00.029556;0,8821694995734713;;1,0;0;0,5;0,8971276419970002;10;45;0,04834495978536521;0,14000332632038864;15;350;1,751775198011607;100;445;50
58;2024-01-09 01:28:26.173676;0,8985521104936867;;1,0;0;0,5;0,9528985004484244;100;45;0,045410426118686086;0,12880063453478918;15;350;3,290928845827241;100;445;50
59;2024-01-09 01:29:51.872951;0,886273553231119;;1,0;0;0,6000000000000001;0,8923640900216891;20;30;0,03831917429584063;0,15580679613648613;15;150;4,808115435505366;100;345;50
60;2024-01-09 01:31:17.291083;0,88398379405601;;1,0;0;0,5;0,9935893261949086;0;60;0,052051541696542726;0,036272453730258655;20;250;2,051721035665243;100;545;10
61;2024-01-09 01:32:51.051109;0,8817791401456976;;1,0;0;0,4;0,896770498205646;10;0;0,05574006255216167;0,07372750319194576;13;450;1,544617252900921;100;625;50
62;2024-01-09 01:34:20.137735;0,8818302020525216;;1,0;0;0,4;0,9020853212926465;10;10;0,04695784072140351;0,08997759209534428;14;450;1,428488582793731;100;705;50
63;2024-01-09 01:35:50.146257;0,8812165243970249;;1,0;0;0,4;0,9541871994502302;10;10;0,04895458898870378;0,10839918304903677;9;350;1,2526854486314574;100;825;50
64;2024-01-09 01:37:16.507320;0,8853759247832184;;1,0;0;0,4;0,9441004690290964;30;10;0,0472049488139544;0,1369593643310557;8;350;1,3125056083292235;100;785;50
65;2024-01-09 01:38:40.781055;0,8852001709361946;;1,0;1;0,5;0,9227851389729634;25;35;0,04578717190932752;0,18476479927249256;9;450;1,2318609599225987;100;925;50
66;2024-01-09 01:40:07.529417;0,8812931305939167;;1,0;10;0,4;0,8729241776862652;15;0;0,05100539324061638;0,10259740440705999;11;350;0,5889151533226649;100;625;50
67;2024-01-09 01:41:37.778948;0,8956119046747396;;0,4;10;0,4;0,9635050909435351;40;0;0,05911062752203237;0,09495624284761284;9;450;0,8199151489763974;100;625;20
68;2024-01-09 01:43:02.510015;0,8820533736322884;;1,0;10;0,4;0,9626897030818389;15;5;0,051247232923579245;0,2500247360997522;6;350;0,5969570463591034;100;845;50
69;2024-01-09 01:44:26.724545;0,8820747017781336;;1,0;10;0,4;0,9647086177457215;15;0;0,039433158471829335;0,2661865585826106;7;250;0,5039844614406646;100;845;50
70;2024-01-09 01:45:51.683578;0,8830282123760327;;0,9000000000000001;10;0,4;0,9774664871173661;15;10;0,05198684715419294;0,23672476584080687;5;350;1,0984681279740642;100;745;50
71;2024-01-09 01:47:15.840316;0,8805594636730094;;1,0;10;0,4;0,9969701222250247;15;0;0,03871944227235174;0,18101371253669535;6;250;0,5708893977811449;100;825;50
72;2024-01-09 01:48:41.935836;0,880305997746332;;1,0;10;0,4;0,9106168949235218;10;5;0,05100021846859565;0,1911297167207033;5;250;0,47933883756651086;100;805;50
73;2024-01-09 01:50:07.353069;0,8788848814132733;;1,0;10;0,4;0,9067404099464257;10;0;0,03616970844513599;0,17612888635808244;5;150;0,4613701064000315;100;825;50
74;2024-01-09 01:51:35.484665;0,8827335263138796;;1,0;10;0,4;0,9998550687326625;25;0;0,03929429633353138;0,18506883715501937;4;150;0,5209055009214498;100;885;50
75;2024-01-09 01:53:00.484102;0,882220369024959;;1,0;10;0,5;0,9165673541815441;20;5;0,035546237046656055;0,11466240630305148;4;50;1,2474978765894593;100;805;50
76;2024-01-09 01:54:26.558910;0,880255243092553;;0,9000000000000001;10;0,5;0,9449710438352875;10;0;0,04436971964502595;0,16599589327737402;7;150;0,48753830157162553;100;805;50
77;2024-01-09 01:55:56.775490;0,8803915977311334;;0,9000000000000001;10;0,5;0,9486399965052195;10;0;0,043592605987857254;0,1712286782266146;6;150;0,5048319901903132;100;965;50
78;2024-01-09 01:57:29.069641;0,8819225812853647;;0,9000000000000001;10;0,6000000000000001;0,947690729138872;20;0;0,04414838589900637;0,16498796135797703;6;150;0,31152339101498383;100;945;50
79;2024-01-09 01:58:58.939142;0,8810464999660332;;0,9000000000000001;10;0,5;0,9990375274679101;10;5;0,03532451994536484;0,21992021595641068;7;150;0,4031571971960197;100;905;50
80;2024-01-09 02:00:27.896657;0,8842734675716383;;0,9000000000000001;10;0,5;0,9929985604174794;25;5;0,0337227393673044;0,31136130995046796;7;150;0,3705967869896173;100;985;10
81;2024-01-09 02:01:51.188595;0,8799340419012649;;0,9000000000000001;10;0,5;0,9329566492424746;10;0;0,044199175523953874;0,22057528330133502;6;150;0,9562626981447407;100;905;50
82;2024-01-09 02:03:18.076302;0,8820448157116078;;0,9000000000000001;10;0,6000000000000001;0,9418338896136055;15;0;0,031685764153441265;0,20500471732410852;6;150;0,018537595146146613;100;905;50
83;2024-01-09 02:04:48.864767;0,895463292019123;;0,9000000000000001;10;0,5;0,9733913586268031;90;5;0,04165160218176427;0,230891086368425;5;50;0,840916597421355;100;825;50
84;2024-01-09 02:06:12.449214;0,8803244000028402;;0,9000000000000001;10;0,5;0,9223359002256548;10;0;0,0436168902274687;0,17049542014678679;7;250;0,996945198638449;100;945;50
85;2024-01-09 02:07:39.970253;0,8813298770258434;;0,9000000000000001;10;0,6000000000000001;0,9212256044235616;10;5;0,043127528601340524;0,2827163644856668;4;250;1,0175142372087025;100;945;20
86;2024-01-09 02:09:04.329293;0,8910324756287163;;0,9000000000000001;10;0,5;0,9460665376584347;65;0;0,03734628122137722;0,21644486792569195;7;150;0,42978070953589415;100;885;50
87;2024-01-09 02:10:29.750903;0,8803504251527039;;0,9000000000000001;10;0,7;0,9992849481487226;10;5;0,04180306477646586;0,1769807001499725;5;250;0,9680759255707123;100;865;50
88;2024-01-09 02:11:56.757771;0,8810079248831411;;0,9000000000000001;10;0,7;0,9987788997665838;5;5;0,0421780570058026;0,17671688044692618;3;250;2,1664867205909246;100;905;50
89;2024-01-09 02:13:21.781185;0,8812754294144337;;0,9000000000000001;10;0,7;0,9690905554719627;5;15;0,04022267406752859;0,17790660892355517;3;250;2,073192608793976;100;985;50
90;2024-01-09 02:14:47.713615;0,8817457544008086;;0,9000000000000001;10;0,8;0,8409641262996367;10;0;0,04440250374584132;0,15308058679472397;5;250;2,3495907384148977;100;865;50
91;2024-01-09 02:16:12.849996;0,8794490035298613;;0,9000000000000001;10;0,8;0,9996590773205396;5;5;0,042374692573589494;0,2139466660599977;6;50;1,0460272186472228;100;925;50
92;2024-01-09 02:17:39.573274;0,8787460945215575;;0,9000000000000001;10;0,8;0,9788493071928;5;5;0,04154849293899887;0,17794929095921597;6;50;1,0888447486379684;100;945;50
93;2024-01-09 02:19:07.023098;0,8793959944898233;;0,9000000000000001;10;0,8;0,9277215141955667;5;0;0,04117766476670569;0,2533301018681908;6;50;1,0767634663041363;100;945;50
94;2024-01-09 02:20:32.309613;0,879275156492875;;0,9000000000000001;10;0,8;0,919613705359957;5;5;0,04152866519105739;0,25263879762061336;4;50;0,9932667885371882;50;965;50
95;2024-01-09 02:21:55.680987;0,8830118167444411;;0,8;10;0,8;0,9219059199742878;5;95;0,0419156210807151;0,2575910587416341;4;50;1,0233383652408239;50;925;50
96;2024-01-09 02:23:18.489546;0,8783475442498829;;0,9000000000000001;10;0,9000000000000001;0,8745173123027905;0;5;0,045595882088649925;0,289963720294904;5;50;1,8511744852244194;250;945;50
97;2024-01-09 02:24:43.353068;0,8816131116181332;;0,9000000000000001;10;0,9000000000000001;0,9103888893710113;0;10;0,04589853770873329;0,28914682021884835;8;50;1,8194592645776546;250;945;50
98;2024-01-09 02:26:08.575348;0,8793890565411967;;0,9000000000000001;10;0,9000000000000001;0,8676592238753658;0;15;0,04920199530224565;0,24762527317930327;4;50;2,8315819650467;50;985;50
99;2024-01-09 02:27:32.104671;0,8805886573360064;;0,8;10;0,9000000000000001;0,8725448129150541;0;15;0,04884773800495327;0,3097734556222695;4;50;1,7871862417250317;50;985;10
100;2024-01-09 02:28:56.692495;0,8789858775839751;;0,9000000000000001;10;1,0;0,8320219857930443;0;10;0,04678255678958317;0,2433957550576374;5;50;2,7933951225389664;50;925;20
101;2024-01-09 02:30:19.708078;0,8786472932070192;;0,9000000000000001;10;1,0;0,8686444882367472;0;10;0,04692759640306053;0,23662907094029054;5;50;2,4383255680031146;50;965;20
102;2024-01-09 02:31:43.015418;0,8800980829766166;;0,9000000000000001;10;1,0;0,8690794383488545;0;10;0,045048693609671515;0,2499637036921315;3;50;2,848986967004409;50;965;20
103;2024-01-09 02:33:06.162881;0,8802358103756415;;0,9000000000000001;10;1,0;0,8301025020217554;0;10;0,046450199809761755;0,24643146961959478;3;50;2,960678906827029;50;925;20
104;2024-01-09 02:34:29.558647;0,8819147581677275;;0,8;10;1,0;0,873848271856786;5;15;0,0403892213358104;0,2756984400695489;4;50;2,870418670173108;50;965;20
105;2024-01-09 02:35:52.528575;0,8797661076259399;;0,9000000000000001;10;1,0;0,8539337406309239;0;10;0,04723398786684513;0,21780013039634993;3;50;2,3560544612007197;50;965;20
106;2024-01-09 02:37:15.194846;0,8956096694085229;;0,2;10;0,9000000000000001;0,8592228884358052;0;15;0,047269472189842565;0,3353096814324808;5;50;2,203409240831815;50;905;20
107;2024-01-09 02:38:37.315584;0,8796787926342213;;0,9000000000000001;10;0,8;0,7889377873001542;5;5;0,04945265332985018;0,22529185538893906;6;50;2,408639157790284;50;925;20
108;2024-01-09 02:40:01.176468;0,8812606866140117;;0,8;10;0,8;0,8417736863280464;5;10;0,0498099021993289;0,2612218209519332;4;50;2,6200007512458416;50;965;20
109;2024-01-09 02:41:23.347557;0,8797781662879391;;0,9000000000000001;1;0,9000000000000001;0,8236229042202613;0;20;0,03691078573841951;0,20643766724619683;5;50;3,623323454797136;50;865;20
110;2024-01-09 02:42:46.340132;0,8807541759709038;;0,9000000000000001;10;0,8;0,7803787125720076;5;5;0,04942563350033598;0,2793248629977838;3;50;2,4639129772252257;50;985;20
111;2024-01-09 02:44:08.734837;0,8793552747310784;;0,9000000000000001;1;0,9000000000000001;0,8262463238280942;0;20;0,03719044906467945;0,21273839266269606;5;50;3,3843156430769348;50;865;20
112;2024-01-09 02:45:31.932453;0,8793037411298685;;0,9000000000000001;1;1,0;0,8037927494554898;0;15;0,04091207985341627;0,24130072414688164;6;50;2,352673175607494;50;925;20
113;2024-01-09 02:46:54.952801;0,8800583289279722;;0,9000000000000001;1;0,8;0,8125873739107758;5;15;0,039176847493455444;0,2515826700562567;6;50;1,7696401047215606;50;925;20
114;2024-01-09 02:48:18.379882;0,8789451119869154;;0,9000000000000001;1;0,9000000000000001;0,8002260720261354;0;20;0,04081254598611734;0,2321150696694398;5;50;3,4642532689963312;50;925;20
115;2024-01-09 02:49:41.180572;0,8839746042030541;;0,4;1;0,9000000000000001;0,889595182564757;0;20;0,04066223554101012;0,23698580109230005;5;50;3,4047257573237384;250;865;20
116;2024-01-09 02:51:04.400659;0,8803918152747977;;0,8;1;1,0;0,8039378966557037;0;20;0,03656593889901149;0,2943148307986024;4;50;3,2554211435710703;50;885;20
117;2024-01-09 02:52:27.567285;0,8817004505549473;;0,9000000000000001;1;0,9000000000000001;0,8478435022146301;5;25;0,038139169587806845;0,2001569359685659;5;150;3,757408426702442;50;945;20
118;2024-01-09 02:53:50.491980;0,8865082552620394;;0,30000000000000004;1;1,0;0,8298533838643728;0;15;0,033875786316707575;0,26830854036169055;6;50;3,9227359538657396;50;945;20
119;2024-01-09 02:55:12.544866;0,879855024664713;;0,9000000000000001;1;0,9000000000000001;0,8735120633334029;0;25;0,04087802753534336;0,3344190518226652;4;50;3,105098078065221;250;885;20
120;2024-01-09 02:56:36.260717;0,8801632906975723;;0,8;1;1,0;0,8800818822141377;5;15;0,0309427587339996;0,23887412162865868;5;50;1,4399705548111026;50;985;20
121;2024-01-09 02:57:59.904774;0,8798728673479562;;0,9000000000000001;1;0,8;0,7688656010794859;5;5;0,046065126701356415;0,22482461507606988;6;50;2,7915574130481953;50;925;20
122;2024-01-09 02:59:22.590245;0,879182897889109;;0,9000000000000001;1;0,8;0,7859953026447424;5;10;0,04217833121349113;0,1940040681962052;6;50;2,060126954127187;50;925;20
123;2024-01-09 03:00:45.952496;0,8791735807720851;;0,9000000000000001;1;0,9000000000000001;0,79539878628414;0;10;0,03774331081879617;0,19458019852063319;7;150;1,9737176120588549;50;905;20
124;2024-01-09 03:02:10.233165;0,8790588557454821;;0,9000000000000001;1;0,9000000000000001;0,7896871280913896;0;10;0,03756714830420286;0,14730419770562989;5;150;1,9018323948114602;50;845;20
125;2024-01-09 03:03:34.165377;0,878867833653843;;0,9000000000000001;1;0,9000000000000001;0,784865054054228;0;10;0,03672163617579644;0,13912681560378518;8;150;1,9889866972823638;50;845;20
126;2024-01-09 03:04:59.071701;0,8842175138203382;;0,5;1;0,9000000000000001;0,7427580193298013;0;10;0,03555978320757673;0,14214330270423828;8;150;1,8128135248721828;50;845;20
127;2024-01-09 03:06:23.347020;0,8798284642687341;;0,8;1;0,9000000000000001;0,7823081929577574;0;10;0,03788123036578032;0,14665769595146716;7;150;2,2598536311672626;50;845;20
128;2024-01-09 03:07:48.147665;0,8789946540734104;;0,9000000000000001;1;1,0;0,8099208481430514;0;10;0,03371185770110335;0,19262144856374377;5;150;1,5579749509716965;50;885;20
129;2024-01-09 03:09:12.348422;0,8846314468126855;;0,9000000000000001;1;1,0;0,7997093337192483;0;10;0,029740291420315885;0,12757703886891014;8;150;1,6178684364828668;20;765;20
130;2024-01-09 03:10:34.438169;0,879458162955855;;0,9000000000000001;1;1,0;0,7548274908175269;5;10;0,02598883974434143;0,19437132133120322;7;150;2,0171784044140413;50;885;20
131;2024-01-09 03:11:58.177564;0,879415754340771;;0,9000000000000001;1;0,9000000000000001;0,817191276633181;0;20;0,034365681852256046;0,1956636513495303;5;150;2,583320373538343;50;905;20
132;2024-01-09 03:13:21.008015;0,8818235231762133;;0,9000000000000001;1;1,0;0,7688238529235296;5;70;0,037255958949444334;0,1557839213427749;5;150;1,4134025606757565;50;865;20
133;2024-01-09 03:14:45.708219;0,8790143405331005;;0,9000000000000001;1;0,9000000000000001;0,8005499499464116;0;15;0,032471082669179446;0,19715524829255066;5;150;1,974872077837983;50;825;20
134;2024-01-09 03:16:08.626786;0,8798335431627262;;0,9000000000000001;1;1,0;0,723350899738246;0;10;0,032871216236567954;0,14535428650833154;4;150;2,0054302393813046;50;785;20
135;2024-01-09 03:17:32.509514;0,889884185432334;;0,9000000000000001;1;0,9000000000000001;0,7939063475413082;50;15;0,03499969709323469;0,19204408984418844;6;150;1,6298025749265084;50;825;20
136;2024-01-09 03:18:54.829690;0,8783423991791599;;1,0;1;0,9000000000000001;0,7378543331706393;0;5;0,032227432552159915;0,1310826728047098;7;150;2,1751572818310296;50;905;20
137;2024-01-09 03:20:19.111961;0,879274341812688;;1,0;1;0,9000000000000001;0,7011843026367771;5;5;0,027545721833925774;0,12041702400767704;7;150;1,9093947207158535;50;885;20
138;2024-01-09 03:21:45.652230;0,8792223567457114;;1,0;1;0,9000000000000001;0,6921723554809375;0;5;0,02714688825740489;0,11701036769875547;9;150;2,106530370181898;250;805;20
139;2024-01-09 03:23:11.587863;0,8789008598868573;;1,0;1;0,9000000000000001;0,7386048954263009;0;10;0,030833791502431596;0,10722704604577143;9;150;3,0956326370042726;250;845;20
140;2024-01-09 03:24:38.454885;0,8785820091229617;;1,0;1;0,9000000000000001;0,75422220301344;0;10;0,03225220325839418;0,09467041304389157;8;150;2,6826577342337403;250;745;20
141;2024-01-09 03:26:06.803339;0,8786660885641389;;1,0;1;0,9000000000000001;0,73636384590457;0;10;0,03229157148807158;0,08094888374003505;8;150;3,1483903597198966;250;825;20
142;2024-01-09 03:27:33.897966;0,8786408346386978;;1,0;1;0,9000000000000001;0,7308802996759323;0;10;0,03207267376347463;0,08592637634977955;8;150;3,129172255395411;250;745;20
143;2024-01-09 03:29:00.684774;0,8787297389521477;;1,0;1;0,9000000000000001;0,6700738961302819;0;10;0,03171779689162896;0,07107180966734836;8;150;3,2219280819445704;250;725;20
144;2024-01-09 03:30:28.546134;0,8790676105312276;;1,0;1;0,9000000000000001;0,7349181318981167;0;15;0,03216183664334485;0,06819090415024205;9;150;3,134745906835164;250;745;20
145;2024-01-09 03:31:57.313955;0,8799319803006262;;1,0;1;0,9000000000000001;0,7215229385004687;5;5;0,030665790863299947;0,09341429911888947;8;150;3,1278885133723846;250;745;20
146;2024-01-09 03:33:24.224637;0,8810589611970364;;1,0;1;0,9000000000000001;0,7536284790066741;0;55;0,029950997522997902;0,07722179992236618;10;150;4,139176692098586;250;705;20
147;2024-01-09 03:34:52.450633;0,8788593996194425;;1,0;1;0,9000000000000001;0,6630980918460361;0;10;0,0322110066171767;0,029101787511235176;8;150;3,466872087380879;250;785;20
148;2024-01-09 03:36:31.144242;0,8793618768146463;;1,0;1;1,0;0,6580662698661822;0;10;0,02830087122287589;0,023353403073111942;9;150;3,6539262409865203;250;785;20
149;2024-01-09 03:38:14.290419;0,881137223027712;;1,0;1;0,9000000000000001;0,7099836291747457;5;5;0,029207715430902562;0,05775223462151376;8;250;3,4634631817081627;250;765;20
150;2024-01-09 03:39:43.592045;0,8804332998763403;;1,0;50;0,9000000000000001;0,6810893720165028;5;10;0,03283940100319068;0,1015084762656949;8;150;4,19583091462881;250;725;20
151;2024-01-09 03:41:09.189673;0,8787264351124847;;1,0;1;0,9000000000000001;0,7385690456950469;0;15;0,031893425412984525;0,09487241491526797;9;150;2,7673585502495412;250;805;20
152;2024-01-09 03:42:35.784782;0,8791938556897646;;1,0;1;0,9000000000000001;0,7337082131024844;0;10;0,031143243356117657;0,08203768623303093;10;150;2,691126895275659;250;785;20
153;2024-01-09 03:44:03.327007;0,8786548284700478;;1,0;1;0,9000000000000001;0,7453881824006919;0;5;0,025567845339645283;0,04816965887422353;9;150;2,9480991700860844;250;805;20
154;2024-01-09 03:45:35.240101;0,8796652525047666;;1,0;1;0,9000000000000001;0,7521705775539314;0;5;0,026574558804166183;0,04848174710631546;9;250;3,0785884671573314;250;765;20
155;2024-01-09 03:47:07.045168;0,879510707208231;;1,0;1;0,9000000000000001;0,7125289394732788;5;5;0,023430261660701737;0,02395280650967551;10;150;2,705746227182428;250;725;20
156;2024-01-09 03:48:52.188543;0,8790611658202124;;1,0;1;0,9000000000000001;0,6842974203295268;0;5;0,024762751507110246;0,06591782754890713;8;150;3,798768386503931;250;805;20
157;2024-01-09 03:50:21.304051;0,8804836514987034;;1,0;1;0,9000000000000001;0,7370188092325078;5;15;0,028659285337094376;0,0915653262401844;9;150;3,5034409906920585;250;805;20
158;2024-01-09 03:51:48.063474;0,8800567060911157;;1,0;1;0,9000000000000001;0,7544150173047097;0;15;0,034863405391092575;0,03840578165449502;9;250;2,992786957245406;250;825;20
159;2024-01-09 03:53:23.528057;0,8799003713591679;;1,0;1;0,9000000000000001;0,7669374265975218;5;10;0,03152243123648784;0,10976223260329873;8;150;3,3846885481414692;250;665;10
160;2024-01-09 03:54:48.097193;0,8788242625766163;;1,0;1;0,9000000000000001;0,7197313797767644;0;5;0,029816288175821656;0,07512611995549165;10;150;2,4943728113884753;250;745;20
161;2024-01-09 03:56:16.925265;0,8787213729362181;;1,0;1;0,9000000000000001;0,716155962296329;0;5;0,028772727147908565;0,061250910645568715;10;150;2,6732619453151116;250;705;20
162;2024-01-09 03:57:48.433979;0,8785688841415314;;1,0;1;0,9000000000000001;0,7171952053957753;0;0;0,029416365065281922;0,03130766165215432;10;150;2,4481222007835153;250;705;20
163;2024-01-09 03:59:29.508654;0,8784102609089459;;1,0;1;0,9000000000000001;0,7122684226717573;0;0;0,03007073945578526;0,02892196310621185;11;150;2,4551660870086423;250;705;20
164;2024-01-09 04:01:12.805013;0,9046697604133662;;1,0;1;0,9000000000000001;0,7052415647742082;5;0;0,023554314304780152;0,005428976315102363;11;150;2,5029544283802463;250;685;20
165;2024-01-09 04:03:14.214583;0,8938426909237498;;1,0;1;0,9000000000000001;0,6730092809303564;75;0;0,02852423936926774;0,03343178157344662;10;250;2,4041432542227095;250;705;20
166;2024-01-09 04:04:51.984459;0,8790269454694547;;1,0;1;0,9000000000000001;0,6594481969586486;0;0;0,02561924587686997;0,05991984130858458;10;150;2,8371962098788397;250;745;20
167;2024-01-09 04:06:22.965993;0,8790735843790161;;1,0;1;0,8;0,697423613259598;5;0;0,03327324954377077;0,022127061640680276;12;150;2,558309348316268;250;645;20
168;2024-01-09 04:08:09.557740;0,8861971190805971;;1,0;1;0,9000000000000001;0,719874770150109;0;5;0,029294037478834446;0,07738167142734825;10;1050;2,387582329228882;250;725;20
169;2024-01-09 04:09:37.798488;0,878417379909763;;1,0;1;0,9000000000000001;0,6910176347766338;0;0;0,027685842402171246;0,04698840150105063;11;150;2,8017043959004306;250;765;20
170;2024-01-09 04:11:11.619901;0,8795436784055781;;1,0;1;0,9000000000000001;0,6839838780990589;0;5;0,024049679591681115;0,04320442432897367;11;250;2,848475130912499;250;765;20
171;2024-01-09 04:12:47.270138;0,8794605844298962;;1,0;1;0,9000000000000001;0,7135834332087447;5;0;0,0277793731695566;0,057673006638893354;11;150;2,6548432098598305;250;705;20
172;2024-01-09 04:14:18.294049;0,9582520659707674;;1,0;1;0,9000000000000001;0,6259500787114843;0;0;0,030217346347934087;0,0019871929911301142;9;150;3,0715164018787338;250;745;20
173;2024-01-09 04:16:28.955313;0,8792172701953513;;1,0;1;0,9000000000000001;0,6452384970857413;0;5;0,03221984908993919;0,07980701162389676;11;150;2,3410954505405597;250;785;20
174;2024-01-09 04:17:57.553124;0,8787230347341307;;1,0;1;0,9000000000000001;0,7274686796690245;0;0;0,027000244453657694;0,03968729141459357;12;150;3,201941163974647;250;725;20
175;2024-01-09 04:19:32.644456;0,8787555318371567;;1,0;1;0,9000000000000001;0,7301783892261384;0;5;0,028309064079555222;0,04153936050284861;12;150;3,323412697799919;250;725;20
176;2024-01-09 04:21:06.493274;0,8787251134992463;;1,0;1;0,9000000000000001;0,6962274672285969;0;0;0,025900149589884833;0,02651866915354617;11;150;3,8540846979002543;250;685;20
177;2024-01-09 04:22:46.018727;0,8812350144179026;;1,0;1;0,8;0,7290656718632329;5;0;0,022674125506455717;0,04762077973645355;12;250;3,880186647074912;250;685;20
178;2024-01-09 04:24:16.576912;0,8786521604403974;;1,0;1;0,9000000000000001;0,7021786673751454;0;0;0,021602976006450347;0,025063335113972435;12;150;3,2318264696806267;250;665;20
179;2024-01-09 04:25:59.770803;0,878930111664077;;1,0;50;0,9000000000000001;0,6979539684176393;0;0;0,022279261944443702;0,021884589328646863;12;150;4,390545510469913;250;665;20
180;2024-01-09 04:27:42.398822;0,88212006860846;;1,0;1;0,9000000000000001;0,6776354231993197;5;85;0,021350480751461426;0,04173423984980987;12;150;3,2473772349077015;250;705;20
181;2024-01-09 04:29:18.068698;0,8787533832987222;;1,0;1;0,9000000000000001;0,7139613946763607;0;0;0,02591808792914158;0,07231842876565676;10;150;3,7256989027344005;250;725;20
182;2024-01-09 04:30:46.118543;0,8789909550112676;;1,0;1;0,9000000000000001;0,7456617903325903;0;0;0,026175274586309097;0,06038567497832691;13;150;3,886481729415182;250;685;20
183;2024-01-09 04:32:15.021843;0,8804301714005887;;1,0;1;0,9000000000000001;0,711690082414846;0;0;0,025713669015112038;0,013581303589160786;11;150;4,7335016474634966;250;725;20
184;2024-01-09 04:34:03.176895;0,889033884999044;;1,0;1;0,9000000000000001;0,6902363469267893;40;5;0,02101985286786614;0,03568927543904399;11;150;3,6359397830245412;250;645;20
185;2024-01-09 04:35:37.260516;0,8800747715036572;;1,0;1;0,9000000000000001;0,7646304606472464;0;0;0,027703174711218588;0,08503244590937019;12;250;3,20803223490168;250;705;20
186;2024-01-09 04:37:04.153216;0,9784433798270971;;1,0;1;0,9000000000000001;0,7269247073358893;5;0;0,01984443976317304;0,0015176442944630497;10;150;4,236042367172843;250;725;20
187;2024-01-09 04:39:00.039736;0,8791378043053376;;1,0;1;0,9000000000000001;0,7444864237887007;0;5;0,027071852515454867;0,054751078930125;11;150;2,8516708300846325;250;645;20
188;2024-01-09 04:40:31.507186;0,9060697791630556;;1,0;1;0,8;0,6974437679907911;5;0;0,02476758242832898;0,0652469567467481;12;150;3,2377301962406193;20;725;10
189;2024-01-09 04:41:54.510425;0,8791521036494736;;1,0;1;0,9000000000000001;0,6680964044684825;0;5;0,01974766673154322;0,09262231860582751;10;150;3,6859536597678946;250;685;20
190;2024-01-09 04:43:20.171800;0,8770881281540044;;1,0;1;0,9000000000000001;0,7655269490055937;0;5;0,025130673874398983;0,027243811302636794;24;50;2,973628963290918;250;745;20
191;2024-01-09 04:45:06.296905;0,8771792589743874;;1,0;1;0,9000000000000001;0,7354248042005743;0;5;0,024503953590184282;0,02608978483268208;23;50;2,973453896937072;250;765;20
192;2024-01-09 04:46:52.133920;0,8775401066942743;;1,0;1;0,9000000000000001;0,7614972518707732;0;0;0,02496731490120466;0,029701734464722497;25;50;2,8674355500843394;250;765;20
193;2024-01-09 04:48:36.782041;0,8770504128484479;0,5692260252852297;1,0;1;0,9000000000000001;0,7637658015878493;0;5;0,02461101281974418;0,022632710022470578;24;50;2,8902675562832134;250;765;20
194;2024-01-09 04:50:25.948893;0,8774415108451284;;1,0;1;0,9000000000000001;0,7691920380876529;0;0;0,023918714504793843;0,021423608912380005;24;50;2,9146341132103006;250;765;20
195;2024-01-09 04:52:16.753670;0,8773099940059421;;1,0;1;0,9000000000000001;0,766875284283683;0;0;0,024521727475123437;0,021418229222533863;24;50;2,8503114448834;250;765;20
196;2024-01-09 04:54:10.538489;0,87844732750031;;1,0;1;0,9000000000000001;0,7715207573078836;5;0;0,02426604088772301;0,020598698988784237;24;50;2,915866847235766;250;765;20
197;2024-01-09 04:55:59.661223;0,8917395913396827;;1,0;1;0,9000000000000001;0,76848542602914;5;0;0,023690975116357094;0,007553297828931769;24;50;2,9359680586372114;250;765;20
198;2024-01-09 04:57:58.787409;0,8783403960331515;;1,0;1;0,9000000000000001;0,7704715675198701;0;0;0,019362637086128696;0,024761605788131368;25;50;2,254516539316737;250;765;20
199;2024-01-09 04:59:59.017717;0,8928337041293608;;1,0;1;0,9000000000000001;0,7661894462338246;60;5;0,01867845957962553;0,01974906150686549;25;50;2,2565918966665492;250;765;20
200;2024-01-09 05:01:41.236495;0,8784513623459353;;1,0;1;0,9000000000000001;0,7764804634637084;5;0;0,01803447278437022;0,018144682084523793;24;50;2,604503890417999;250;765;20
201;2024-01-09 05:03:32.181866;0,8782783853959047;;1,0;1;0,9000000000000001;0,7774355009856075;5;0;0,021792693877260717;0,020904595995823203;24;50;2,7032513291145173;250;765;20
202;2024-01-09 05:05:20.177306;0,8777835699492303;;1,0;1;0,9000000000000001;0,7802046533215469;5;0;0,017918972290342634;0,02379931457157429;24;50;2,2613074365362658;250;785;20
203;2024-01-09 05:07:08.276447;0,8799627504272485;;1,0;1;0,9000000000000001;0,7809896202322579;5;0;0,016510287656537944;0,013550934000774523;24;50;2,3814727674713954;250;765;20
204;2024-01-09 05:09:05.952350;0,9461010683300722;;1,0;1;0,9000000000000001;0,7631598719973878;10;0;0,021851220506483908;0,0026492439041044882;24;50;2,233859003035911;250;785;20
205;2024-01-09 05:11:07.297728;0,8780011877596664;;1,0;1;0,9000000000000001;0,7717271397890594;5;0;0,018944896004658887;0,027062650234155154;23;50;2,6386282873246487;250;765;20
206;2024-01-09 05:12:51.029654;0,8781192021718095;;1,0;1;0,9000000000000001;0,7763610363747677;5;0;0,016535349905534326;0,02606106356953156;23;50;2,637100765228492;250;745;20
207;2024-01-09 05:14:37.790395;0,8800392427133001;;1,0;1;0,9000000000000001;0,7787195318537282;10;0;0,017863564951426845;0,021571626983649568;23;50;2,4929896241885277;250;745;20
208;2024-01-09 05:16:24.402292;0,8781033357784457;;1,0;1;0,9000000000000001;0,7737483218682814;5;0;0,01593552494301502;0,03680853676710719;23;50;2,7077255456373015;250;765;20
209;2024-01-09 05:18:01.773086;0,9819925192544237;;1,0;1;0,9000000000000001;0,7704203907911378;10;0;0,016000403997973818;0,0014552828694610886;23;50;2,731921779401816;250;765;20
210;2024-01-09 05:20:01.868796;0,8776922326532673;;1,0;1;0,9000000000000001;0,7532739867108676;5;0;0,019095722539766515;0,035619384403896705;25;50;2,1811435451697134;250;745;20
211;2024-01-09 05:21:41.962455;0,8777175050169246;;1,0;1;0,9000000000000001;0,754688696562964;5;0;0,013806884674855763;0,031005405006329118;25;50;2,1961972214001513;250;745;20
212;2024-01-09 05:23:24.423541;0,8778714700472511;;1,0;1;0,9000000000000001;0,7829604541871438;5;0;0,014301424183326323;0,029390274714888906;25;50;2,172545548314618;250;765;20
213;2024-01-09 05:25:08.748645;0,8795742619446372;;1,0;1;0,9000000000000001;0,7825566633660077;10;0;0,014192026694964034;0,03329001998591933;25;50;2,1211182533447013;250;785;20
214;2024-01-09 05:26:49.548717;0,8805190283131987;;1,0;1;0,9000000000000001;0,8085199367369318;5;0;0,014163566342415142;0,03173994735781281;24;50;5,657934844566627;250;765;20
215;2024-01-09 05:28:25.061486;0,8780867794314601;;1,0;1;0,9000000000000001;0,761725723315793;5;0;0,018165534672585606;0,019088914216325664;25;50;1,7607741285789338;250;765;20
216;2024-01-09 05:30:25.279742;0,8803431036815887;;1,0;1;0,9000000000000001;0,777734861498851;10;0;0,017938503094746566;0,017584536865723387;25;50;1,8088171292731356;250;785;20
217;2024-01-09 05:32:18.767075;0,8780243937942489;;1,0;1;0,9000000000000001;0,7514188625453687;5;0;0,0197208010859448;0,04675748910092688;22;50;2,1688738706896005;250;765;20
218;2024-01-09 05:33:53.658928;0,8778940706012204;;1,0;1;0,9000000000000001;0,753087997845074;5;0;0,020003410817997707;0,04763879791912985;22;50;2,175920768220699;250;745;20
219;2024-01-09 05:35:29.008782;0,8798585583009022;;1,0;1;0,9000000000000001;0,749615546732401;10;0;0,020016825140922317;0,04913366554112819;22;50;2,128279901470805;250;745;20
220;2024-01-09 05:37:02.599600;0,8780913726346234;;1,0;1;0,9000000000000001;0,7953330119670776;5;0;0,015298022250204319;0,04792739738727658;22;50;1,4978147216297315;250;785;20
221;2024-01-09 05:38:42.678476;0,8777770459863843;;1,0;1;0,9000000000000001;0,7587191481466597;5;0;0,014831988694701426;0,049118317416366804;22;50;1,6482386988461482;250;785;20
222;2024-01-09 05:40:19.681173;0,8780260327415228;;1,0;1;0,9000000000000001;0,758137362236188;5;0;0,015618943366280483;0,04210001075476685;22;50;1,7183177467462327;250;785;20
223;2024-01-09 05:42:00.634256;0,9914734173549767;;1,0;1;0,9000000000000001;0,7955724073495029;5;0;0,014911918147555998;0,0011547636388124886;22;50;1,427793694052322;250;785;20
224;2024-01-09 05:44:29.583107;0,8792353333644112;;1,0;1;0,9000000000000001;0,7595769374392578;10;0;0,012864605145323803;0,04377591292322154;21;50;1,658986555718322;250;805;20
225;2024-01-09 05:46:06.755011;0,8779978419700004;;1,0;50;0,9000000000000001;0,7573399240757617;5;5;0,012198864196360563;0,04730450687258352;23;50;1,7569802249297675;250;785;20
226;2024-01-09 05:47:44.306503;0,9163491850588208;;1,0;50;0,9000000000000001;0,7569589184981882;10;0;0,013262795729837885;0,05418659752895768;23;50;1,7418233183754013;20;785;20
227;2024-01-09 05:49:06.654922;0,8779252521222578;;1,0;50;0,9000000000000001;0,7892189612679036;5;5;0,016496707265612386;0,04233289320763126;22;50;1,4388990967665571;250;805;20
228;2024-01-09 05:50:49.329134;0,8781127042941981;;1,0;50;0,9000000000000001;0,7901232273262073;5;0;0,011743948367493026;0,036754445754389714;21;50;1,294980666679378;250;805;20
229;2024-01-09 05:52:35.722619;0,8780267267128028;;1,0;50;0,9000000000000001;0,8109814679537599;5;5;0,01166029199959703;0,044665873133123216;22;50;1,313008891136748;250;805;20
230;2024-01-09 05:54:17.476649;0,8784721883857778;;1,0;50;0,9000000000000001;0,8189188014284993;5;5;0,012815314671595225;0,057507768470438966;22;50;1,297878193524872;250;805;20
231;2024-01-09 05:55:54.866852;0,8783225222299158;;1,0;50;0,9000000000000001;0,7940039059023971;5;0;0,010382026609653799;0,039226969807415996;23;50;1,301150860500716;250;805;20
232;2024-01-09 05:57:40.121042;0,8796269787098179;;1,0;50;0,9000000000000001;0,8113498180862841;10;5;0,015860599455036234;0,04205100086207083;21;50;1,5883386825301737;250;785;20
233;2024-01-09 05:59:18.629322;0,9711533868082182;;1,0;50;0,9000000000000001;0,7898118517872575;5;0;0,016783561615234706;0,0016555073553034538;22;50;1,3308238373181707;250;745;20
234;2024-01-09 06:01:46.925387;0,8840880366277913;;1,0;50;0,9000000000000001;0,788659859944053;10;5;0,010793633688902245;0,06283369613632475;23;50;7,271214627259501;250;785;20
235;2024-01-09 06:03:13.983330;0,8780068126149677;;1,0;50;0,9000000000000001;0,7557375685150237;5;5;0,016932081415950793;0,03475456304799829;21;50;1,5992811582081092;250;805;20
236;2024-01-09 06:04:59.536748;0,8780835369156252;;1,0;50;0,9000000000000001;0,7565249431213928;5;5;0,016928366978491864;0,04399196636753938;21;50;1,7118833403605236;250;805;20
237;2024-01-09 06:06:38.631526;0,8782561881103431;;1,0;50;0,9000000000000001;0,7535722430472013;5;5;0,015430108796303686;0,053657619450098504;21;50;1,7371308979291795;250;825;20
238;2024-01-09 06:08:14.772019;0,8781627214585945;;1,0;50;0,9000000000000001;0,7536827918340557;5;5;0,017583343988059438;0,04266523225107024;22;50;1,2350348074318396;250;805;10
239;2024-01-09 06:09:58.596928;0,8795499640649485;;1,0;50;0,9000000000000001;0,8125474777641403;10;5;0,011176321554114344;0,07169849499070903;20;50;1,58391999786032;250;805;20
240;2024-01-09 06:11:28.798288;0,8783569724165167;;1,0;50;0,9000000000000001;0,7518141664730474;5;5;0,019079303565067186;0,041521356000831317;25;50;1,8548004391620436;250;825;20
241;2024-01-09 06:13:07.792223;0,8778365697219975;;1,0;50;0,9000000000000001;0,7937296328094684;5;0;0,016559422045768428;0,028944106417347862;23;50;1,4681135491988102;250;785;20
242;2024-01-09 06:14:59.576380;0,8779844226534961;;1,0;50;0,9000000000000001;0,8042149859394749;5;0;0,015084697318952798;0,06144034418655999;22;50;1,5837200326410985;250;785;20
243;2024-01-09 06:16:33.226662;0,8899685092956753;;1,0;50;0,9000000000000001;0,8040955871627684;5;0;0,01455013722960143;0,6057859707063595;22;50;1,5427992280110754;250;785;20
244;2024-01-09 06:17:55.073036;0,8782614787005061;;1,0;50;0,9000000000000001;0,8324182148068335;5;5;0,015854346378366805;0,06531689140783314;23;50;1,9361799065944232;250;785;20
245;2024-01-09 06:19:26.195844;0,8848392646163628;;1,0;50;0,9000000000000001;0,7614494194608479;10;0;0,01728247472179627;0,37237487793188906;22;50;0,9244990812082495;250;765;20
246;2024-01-09 06:20:49.151383;0,989295681639536;;1,0;50;0,9000000000000001;0,7976752125296335;5;0;0,014141312608534169;0,0012037308138801127;25;50;1,63200914204404;250;745;20
247;2024-01-09 06:23:17.891618;0,8782684401550019;;1,0;50;0,9000000000000001;0,7655142739754022;5;5;0,019499314998814694;0,05663076285028236;24;50;2,0318127491345317;250;825;20
248;2024-01-09 06:24:52.099797;0,8886298120553535;;0,30000000000000004;50;0,9000000000000001;0,820657487430786;10;0;0,0084652954980548;0,022442390670168323;23;50;1,4840160682300623;250;785;20
249;2024-01-09 06:26:31.027539;0,8779497537481602;;1,0;50;0,9000000000000001;0,7800537198259511;5;0;0,017858509552046122;0,03912819080709732;22;50;1,9226382710537333;250;765;20
250;2024-01-09 06:28:10.106389;0,8798150899308421;;1,0;50;0,9000000000000001;0,7441520315230717;10;5;0,01798567116802611;0,06821199803596943;22;50;1,9981409358123787;250;745;20
251;2024-01-09 06:29:40.363931;0,8781156208615599;;1,0;50;0,9000000000000001;0,7883630703229436;5;5;0,020528980052040537;0,04791370080977962;24;50;1,7303788174382104;250;805;20
252;2024-01-09 06:31:19.089752;0,8789197280246318;;1,0;50;0,9000000000000001;0,836385381790616;5;0;0,012651157882764053;0,016168901184243356;25;50;1,1719778109459862;250;785;20
253;2024-01-09 06:33:33.997132;0,8780365755070448;;1,0;50;0,9000000000000001;0,7454362768381226;5;5;0,014853784909387333;0,034107536529967675;22;50;1,8782163013683633;250;765;20
254;2024-01-09 06:35:16.698478;0,8823650982388;;0,5;50;0,9000000000000001;0,7463202122727258;5;5;0,018659458418651576;0,020849136343640023;21;50;1,859623388921064;250;745;20
255;2024-01-09 06:37:02.933327;0,8844728895182973;;1,0;50;0,9000000000000001;0,7650638890658017;5;5;0,02092737536297444;0,03281408782996137;24;50;10,03386472700522;250;765;20
256;2024-01-09 06:38:36.754853;0,9826322802153147;;1,0;50;0,9000000000000001;0,7416782654388556;10;5;0,017531706718005084;0,0014602923188791993;23;50;2,1680440177485614;250;745;20
257;2024-01-09 06:40:39.381932;0,8781983122603515;;1,0;50;0,9000000000000001;0,44248856919961127;5;0;0,013756901655077473;0,06430519926512404;22;50;2,1444409814016794;250;825;20
258;2024-01-09 06:42:11.727861;0,8778726536349095;;1,0;50;0,9000000000000001;0,5907706337674484;5;0;0,02243148147166619;0,028697266349888235;25;50;1,8102371442706975;250;805;20
259;2024-01-09 06:44:00.665741;0,8813392289449421;;1,0;50;0,9000000000000001;0,5957815997207502;10;45;0,0227520729027426;0,07797687164592432;24;50;2,230543392723398;250;805;20
260;2024-01-09 06:45:29.357233;0,8782865756757763;;1,0;50;0,9000000000000001;0,7806179085665937;5;5;0,009887863712558986;0,037525393049064215;22;50;1,159983340083246;250;785;20
261;2024-01-09 06:47:18.866286;0,9127209096696987;;1,0;50;0,8;0,7366992614857634;5;5;0,012636525259775258;0,05632593856954964;25;50;1,9263980978548;20;805;20
262;2024-01-09 06:48:41.640668;0,8824178000820238;;1,0;50;0,9000000000000001;0,8078490978716854;5;0;0,020887204801166105;0,46670981950689194;23;50;6,296683343404835;250;765;20
263;2024-01-09 06:50:02.783761;0,8949814205324401;;1,0;50;0,9000000000000001;0,5669014860734893;90;5;0,01597779317034712;0,02942803655355969;21;50;1,3470840438082488;250;845;20
264;2024-01-09 06:51:41.965000;0,8817661918510808;;1,0;50;0,9000000000000001;0,7538650808296233;5;0;0,0146261666230207;0,07833534209662157;24;50;0,7521730784409928;250;785;10
265;2024-01-09 06:53:20.296253;0,880954815609431;;1,0;50;0,9000000000000001;0,771987494477414;5;0;0,023239399257366473;0,015935704316994707;23;50;5,195633826806786;250;825;20
266;2024-01-09 06:55:05.474966;0,8796837145663758;;1,0;50;0,9000000000000001;0,590579049396794;10;5;0,008073800272108564;0,05116189332687156;22;50;0,8488799106119009;250;745;20
267;2024-01-09 06:56:46.436715;0,879308794752591;;1,0;50;0,9000000000000001;0,5495593377401882;10;0;0,019706499647405267;0,03429156721212691;25;50;1,5851421523306362;250;765;20
268;2024-01-09 06:58:29.198351;0,8784503670040646;;1,0;50;0,9000000000000001;0,7341913210732465;5;0;0,01686723739213182;0,06344476979073997;24;50;2,271883166454698;250;805;20
269;2024-01-09 06:59:59.881931;0,8878019371848703;;1,0;50;0,9000000000000001;0,8205912593848492;15;5;0,012687278683995041;0,019899471212122936;23;950;1,847848077521344;250;485;20
270;2024-01-09 07:01:45.387963;0,8816886914389445;;0,6000000000000001;50;0,9000000000000001;0,777092256439132;5;0;0,022438509751490168;0,08735820777209674;21;50;2,1526657998769356;250;585;20
271;2024-01-09 07:03:16.576373;0,8793353992934708;;1,0;50;0,9000000000000001;0,5201478956386167;10;0;0,019412227131096502;0,043892157143963176;20;50;1,6239329416891595;250;745;20
272;2024-01-09 07:04:54.557617;0,879098391902712;;1,0;50;0,9000000000000001;0,7959760289175173;5;5;0,014569519066565092;0,1009981320551728;25;50;2,376066617731699;250;785;20
273;2024-01-09 07:06:22.956213;0,8892924825037134;;1,0;50;0,9000000000000001;0,7539185295748809;5;0;0,016867469907494687;0,9943624354907243;22;50;6,594022403678602;250;765;20
274;2024-01-09 07:07:43.545825;0,893427794234755;;1,0;50;0,8;0,7315052734146944;5;5;0,02137368519237549;0,009847373541286158;24;50;13,793967777198338;250;725;20
275;2024-01-09 07:09:23.873985;0,879494623035146;;1,0;50;1,0;0,7824138729728348;10;0;0,018710395066751328;0,034773793290480325;23;50;1,981988564982695;250;805;20
276;2024-01-09 07:11:07.100083;0,8856823499852944;;1,0;50;0,9000000000000001;0,8468943208967433;35;5;0,011734866638966243;0,06216639423945897;22;50;1,184918421386489;250;845;20
277;2024-01-09 07:12:38.293059;0,8929539971619287;;1,0;50;0,9000000000000001;0,7614581001082128;30;100;0,01490406444570877;0,7955276594550462;25;50;1,3940221972403761;250;825;20
278;2024-01-09 07:13:59.245864;0,8798169924733423;;1,0;50;0,9000000000000001;0,10290077997114616;5;40;0,023378360994427406;0,04866924875244952;23;50;1,804515999487201;250;785;20
279;2024-01-09 07:15:36.752844;0,9420302906064648;;1,0;50;0,9000000000000001;0,8102070493515748;5;0;0,009352740094874752;0,0026540243202075563;24;50;0,7805084818335204;250;765;20
280;2024-01-09 07:18:32.107061;0,8778933275228814;;1,0;50;0,9000000000000001;0,742147829785717;5;0;0,016692331116187294;0,022699903202980196;21;50;2,321173017885949;250;745;20
281;2024-01-09 07:20:20.112374;0,8819242917069475;;1,0;1;0,9000000000000001;0,731223917080126;10;0;0,020526013352414954;0,37895806640351243;22;50;2,4388185036157717;250;725;20
282;2024-01-09 07:21:42.956573;0,8803714184918082;;1,0;50;0,9000000000000001;0,7853341574256402;5;50;0,007075933100175062;0,02373513520793958;20;50;2,2333943798151576;250;745;20
283;2024-01-09 07:23:32.005824;0,8903906803545697;;1,0;1;0,9000000000000001;0,823381357519641;50;60;0,011581628247769264;0,07231617313290062;25;50;2,520246024000954;250;385;20
284;2024-01-09 07:25:00.056884;0,878550374051619;;1,0;1;0,9000000000000001;0,6316740503004822;0;0;0,013596207173946388;0,020323133942464336;24;50;2,11776798943802;250;725;20
285;2024-01-09 07:27:10.740710;1,0530265505022762;;1,0;50;0,8;0,7434975585145019;0;0;0,005463454226850538;0,0013578667278664885;23;50;1,4990736205646027;20;745;10
286;2024-01-09 07:28:40.528815;0,8926550073935354;;1,0;1;0,9000000000000001;0,7694636030228;70;0;0,024351231037489103;0,03496813540055653;22;50;1,9796246800359758;250;765;20
287;2024-01-09 07:30:16.217216;0,8792010684972169;;1,0;1;1,0;0,7977514044588198;5;0;0,010525652402050414;0,059215852631377505;24;50;1,1079210846937504;250;785;20
288;2024-01-09 07:31:56.233613;0,8801650263898655;;1,0;50;0,9000000000000001;0,7466559544269;10;5;0,018494019384449188;0,08067329680883234;25;50;2,4494546769223637;250;765;20
289;2024-01-09 07:33:24.459683;0,87891287590885;;1,0;1;0,9000000000000001;0,7254935371731859;0;0;0,016013107528415876;0,10516552342360386;23;50;5,83010011887321;250;745;20
290;2024-01-09 07:34:48.548811;0,8783480974879451;;1,0;50;0,9000000000000001;0,7691833556129638;5;0;0,02212151100390351;0,030388989913651885;22;50;2,816473441924095;250;785;20
291;2024-01-09 07:36:28.384432;0,880053282929617;;1,0;1;0,9000000000000001;0,7828089899129612;5;5;0,013154454771045735;0,04654199499232274;21;50;4,3954743180957045;250;805;20
292;2024-01-09 07:37:59.821763;0,880510596357826;;1,0;1;0,9000000000000001;0,8041756906902278;10;0;0,020294081081767647;0,017854543221196617;23;50;2,1956581974243576;250;725;20
293;2024-01-09 07:39:49.863074;0,8802134019660912;;1,0;50;0,9000000000000001;0,7517632634328268;0;5;0,01485896207257563;0,05944869701541339;24;50;1,739378132771545;250;765;20
294;2024-01-09 07:41:28.454232;0,8785644554300116;;1,0;1;0,9000000000000001;0,23580873483554643;5;0;0,017380163677531098;0,033228574691849644;25;50;1,3262214209784071;250;825;20
295;2024-01-09 07:43:18.168324;0,8778474604057322;;1,0;1;0,9000000000000001;0,7293315786380581;0;5;0,011445667904851586;0,08348424701459928;22;50;2,4845626507508283;250;785;20
296;2024-01-09 07:44:47.904666;0,9103640238472807;;1,0;1;0,9000000000000001;0,7177305513978245;0;0;0,009948993894259047;0,32337080480892827;23;50;0,18873023769686514;250;785;20
297;2024-01-09 07:46:25.201711;0,8823099704893451;;1,0;1;0,9000000000000001;0,8328838483434858;0;75;0,024526387533216742;0,3580318292684891;21;50;2,9446867461031774;250;805;20
298;2024-01-09 07:47:47.262930;0,8785784047981412;;1,0;1;0,8;0,6090101915570473;0;5;0,01895697472277883;0,08776171976203281;24;50;2,6611623723798874;250;745;20
299;2024-01-09 07:49:15.249137;0,8795977025366174;;1,0;1;1,0;0,7688126637420611;0;0;0,011472052719800957;0,06729306800980743;22;50;2,4369752852638964;250;785;20
300;2024-01-09 07:50:48.161495;0,8788388349395619;;1,0;1;0,9000000000000001;0,7910278954852936;0;0;0,022075610725404884;0,1176183533381405;25;50;2,9490623541880563;250;825;20
301;2024-01-09 07:52:14.257060;0,8798336633604039;;1,0;1;0,9000000000000001;0,7250545928477738;5;5;0,013020181514172103;0,015020126213322847;23;50;2,2476661870340418;250;725;20
302;2024-01-09 07:54:10.461463;0,8845615886733637;;1,0;1;0,7;0,8158137024881824;15;0;0,016558891474190977;0,41438562063965895;24;50;0,980473165872925;250;785;20
303;2024-01-09 07:55:32.525906;0,878696675868556;;0,7;1;0,9000000000000001;0,7624488713869031;5;5;0,019986827669952103;0,05164518553378536;22;50;2,574727918297708;500;765;20
304;2024-01-09 07:57:12.441130;0,8797101768127579;;1,0;1;0,9000000000000001;0,8466960692591261;10;5;0,05743305438067377;0,08109019507869508;25;50;2,034247583306908;250;745;20
305;2024-01-09 07:58:40.972246;0,9313274552592137;;1,0;1;0,9000000000000001;0,5087852296690045;0;0;0,008576294573816068;0,0028791347409224607;23;50;1,5412826510306081;250;805;20
306;2024-01-09 08:02:12.978513;0,8784057948322322;;1,0;1;0,9000000000000001;0,7821136386457077;5;0;0,02320870290061376;0,04770380010896494;22;50;2,987734741755193;250;785;20
307;2024-01-09 08:03:46.814627;0,884497216078492;;1,0;1;0,9000000000000001;0,736524921698738;0;0;0,01797703989138302;0,02324254732876306;24;50;0,6770318100408034;250;825;10
308;2024-01-09 08:06:39.780728;0,8819644908597084;;1,0;1;0,9000000000000001;0,8004485307739113;10;5;0,015578018592546877;0,2946620849494176;23;50;3,4351392012160407;20;845;20
309;2024-01-09 08:08:00.701891;0,8777882523858948;;1,0;1;0,9000000000000001;0,7541898764378449;5;0;0,011995022947197792;0,05995154802999304;21;50;2,340421874289818;250;765;20
310;2024-01-09 08:09:33.037138;0,8807687891218997;;1,0;1;0,9000000000000001;0,6358594467138582;0;0;0,02090723140876809;0,1017366325782613;20;50;2,406317139771478;250;765;20
311;2024-01-09 08:11:00.670776;0,8785404640624254;;1,0;1;0,9000000000000001;0,7101496316092115;5;0;0,024785134825251312;0,06979839199074128;21;50;2,6746239210818135;250;705;20
312;2024-01-09 08:12:29.344485;0,9060147876887644;;1,0;1;1,0;0,7543851584657103;0;0;0,013058663400873288;0,49938438732168106;21;50;2,0513565960204927;250;745;20
313;2024-01-09 08:13:51.426873;0,8778747732193395;;1,0;1;0,9000000000000001;0,7394691010985742;5;0;0,06185078311476376;0,028341055909381515;25;50;2,452259920717158;250;765;20
314;2024-01-09 08:15:34.979972;0,8825697359439904;;1,0;1;0,8;0,7277411190856548;5;0;0,054502127666171345;0,021337548927535248;25;50;8,268022550672296;250;725;20
315;2024-01-09 08:17:13.937435;0,8771961515531357;;1,0;1;0,9000000000000001;0,7411363271512932;0;0;0,0605799892939668;0,0627449954300076;25;50;2,966397850397832;250;765;20
316;2024-01-09 08:18:44.822757;0,9692236020531722;;1,0;1;0,9000000000000001;0,70712062672505;0;0;0,02531318835433907;0,0015904190820205666;25;50;2,951028371870152;250;745;20
317;2024-01-09 08:21:16.008726;0,8772609684174488;;1,0;1;0,9000000000000001;0,7361979487653643;0;5;0,06192705148085127;0,07758059342156838;25;50;3,251525660082274;250;765;20
318;2024-01-09 08:22:44.515147;0,8786108079202603;;1,0;1;0,9000000000000001;0,6549893012713855;0;0;0,06323928050118739;0,1250586129665583;25;50;3,356898432926063;250;745;20
319;2024-01-09 08:24:09.412366;0,8782107996645159;;1,0;1;0,9000000000000001;0,7266378019725791;0;5;0,09121717666784435;0,09572293201568267;25;50;2,9989906730395592;250;705;20
320;2024-01-09 08:25:36.861087;0,879136396070588;;1,0;1;0,9000000000000001;0,7372019832104207;0;0;0,056498180571485014;0,0750398804809847;24;50;2,586936733845334;250;765;20
321;2024-01-09 08:27:08.995289;0,8773243312447742;;1,0;1;0,9000000000000001;0,6855208090097813;0;5;0,06147402894758391;0,07180628618769491;25;50;3,1667801437542122;250;725;20
322;2024-01-09 08:28:37.625577;0,8782929092636005;;1,0;1;0,9000000000000001;0,6754777105992165;0;5;0,05996441259470156;0,11251540613254248;25;50;3,532886349225985;250;745;20
323;2024-01-09 08:30:03.877685;0,8780432386917004;;1,0;1;0,9000000000000001;0,7012625914888703;0;5;0,06258063013044726;0,09108678440733092;25;50;4,629440995378661;250;725;20
324;2024-01-09 08:31:29.604915;0,87945237212704;;1,0;1;0,9000000000000001;0,7082411146678779;0;35;0,07005640771362083;0,0708133032826222;24;50;3,027989904439644;250;725;20
325;2024-01-09 08:32:58.579457;0,8843127885996805;;1,0;1;0,9000000000000001;0,6462223073641089;0;5;0,06044577997116101;0,6107062032129308;25;50;4,091331494326473;250;785;20
326;2024-01-09 08:34:19.451144;0,8779772076198867;;1,0;1;1,0;0,7242673739532909;0;0;0,06364487892157893;0,060915638023130596;24;50;3,257622646790608;250;765;20
327;2024-01-09 08:35:50.657450;0,878227113318383;;1,0;1;1,0;0,6917982544918506;0;0;0,06526096085528696;0,08649566776108868;24;50;3,440398413531773;500;725;20
328;2024-01-09 08:37:17.718978;0,8776654089524;;1,0;1;0,9000000000000001;0,7216886902386535;0;0;0,06125525023326319;0,06219481508824437;25;50;3,1846615568249996;250;745;20
329;2024-01-09 08:38:47.973603;0,8776985511222373;;1,0;1;0,8;0,7184972115237085;0;0;0,06197406507759075;0,07011012018785023;25;50;3,15284098879428;250;705;20
330;2024-01-09 08:40:16.990539;0,8777299692032278;;1,0;1;0,8;0,7162971332011546;0;0;0,059755323449236626;0,10597863755582357;25;50;3,6852920977872583;250;705;10
331;2024-01-09 08:41:41.939029;0,8780865661727736;;1,0;1;0,7;0,6930112358782637;0;0;0,0605557134067542;0,10734169691278708;25;50;3,1185595964590895;250;705;10
332;2024-01-09 08:43:07.754200;0,8777596764251172;;1,0;1;0,8;0,6816427029643023;0;5;0,06044412030323692;0,08862844646165374;25;50;3,6266110530272893;250;685;10
333;2024-01-09 08:44:33.475343;0,8778863052778242;;1,0;1;0,8;0,679363883794555;0;0;0,06060464875198635;0,12582291006786228;25;50;3,7187737409497568;250;685;10
334;2024-01-09 08:45:57.532403;0,8795813077729493;;0,5;1;0,8;0,6754586313464774;0;0;0,061592622820405826;0,12640779644433725;25;50;3,6046953377340305;250;685;10
335;2024-01-09 08:47:21.869122;0,8920078858449644;;1,0;1;0,8;0,6590114044320572;0;95;0,058490244815289166;0,1351927398052824;25;50;3,792702938339324;20;685;10
336;2024-01-09 08:48:44.072525;0,8781509714359123;;1,0;1;0,8;0,6800184759485337;0;5;0,061315190113622436;0,10001872816908755;25;50;4,118400547537813;250;705;10
337;2024-01-09 08:50:08.005184;0,8778123948001616;;1,0;1;0,8;0,6918854276051901;0;0;0,05883043815768182;0,10312055331296971;25;50;3,983038998743387;250;665;10
338;2024-01-09 08:51:32.285015;0,8797791850050934;;1,0;1;0,7;0,6941472160111016;0;30;0,06536957815278069;0,12114829693305434;25;50;3,7668029566773042;250;665;10
339;2024-01-09 08:52:55.936153;0,8785611939916487;;1,0;1;0,8;0,7105893268661782;0;0;0,05862829986734204;0,14261182450277335;25;50;3,4936547829061197;250;665;10
340;2024-01-09 08:54:20.165672;0,8785013614822658;;1,0;1;0,8;0,691101506692097;0;5;0,06187586267830693;0,10960054707784248;25;50;3,964888952607461;250;645;10
341;2024-01-09 08:55:45.082289;0,8778935496099323;;1,0;1;0,8;0,6756315884498918;0;0;0,0600264986469598;0,09379284588751974;24;50;3,157421016002047;250;685;10
342;2024-01-09 08:57:11.812316;0,8777658494537963;;1,0;1;0,8;0,710785848039369;0;5;0,06444068920133984;0,08089030715893257;25;50;3,6024504666027735;250;545;10
343;2024-01-09 08:58:38.283384;0,8829947479273477;;0,30000000000000004;1;0,8;0,7220617314064964;0;10;0,06390169511437523;0,08269551588315247;24;50;3,3821535389111856;250;605;10
344;2024-01-09 09:00:06.319984;0,8809855645850387;;1,0;1;0,8;0,707116859408676;0;5;0,06713256820098636;0,30969022643099514;25;50;3,2159960418802243;250;705;10
345;2024-01-09 09:01:27.521467;0,877985399837568;;1,0;1;0,8;0,7128221063154808;0;5;0,05823417916777771;0,08566372880684622;25;50;4,374040472969068;250;465;10
346;2024-01-09 09:02:52.182703;0,8778018255510764;;1,0;1;0,8;0,6543661438522301;0;5;0,0634751328960353;0,07329120872960063;24;50;3,5634013714277706;250;405;10
347;2024-01-09 09:04:19.071524;0,8829472377022196;;1,0;1;0,8;0,6168687488156754;0;10;0,06547460187263983;0,5673516486351596;24;50;3,8938268619410032;250;465;10
348;2024-01-09 09:05:39.354133;0,8885671988970131;;1,0;1;0,8;0,6281984936225741;40;10;0,06393622404647657;0,11206889158825087;24;50;3,496672741926216;250;705;10
349;2024-01-09 09:07:03.132198;0,8812744901735481;;1,0;1;0,8;0,6399478727964851;0;5;0,05763929667058146;0,39613456240639566;24;50;4,088238729632857;250;205;10
350;2024-01-09 09:08:23.632833;0,8815430501738497;;1,0;1;0,8;0,6615420916207455;0;5;0,06250564876294001;0,3547994790627143;25;50;3,603650618915395;250;345;10
351;2024-01-09 09:09:44.485406;0,8779154630065618;;1,0;1;0,7;0,7059201803003509;0;5;0,06796682155312808;0,07555646459092194;24;50;2,9101276441747848;250;405;10
352;2024-01-09 09:11:12.887252;0,8780095631331053;;1,0;1;0,8;0,5972332415707449;0;5;0,055693106922548176;0,09518418203423656;25;50;3,2990388504309918;500;545;10
353;2024-01-09 09:12:38.410683;0,8774584064043491;;1,0;1;0,8;0,6479317049329678;0;10;0,058964431001087426;0,06528345294246682;25;50;3,110583832652723;250;425;10
354;2024-01-09 09:14:06.799890;0,8781187284150122;;1,0;1;0,8;0,6728513575312254;0;10;0,05901702686254874;0,06412408801819869;24;50;3,1371275784023362;250;385;10
355;2024-01-09 09:15:36.223712;0,891515239503858;;1,0;1;0,8;0,6522225389007331;55;10;0,059279134414609504;0,08000721386044499;25;50;3,6434072040490064;250;525;10
356;2024-01-09 09:17:00.966818;0,878367510029114;;1,0;1;0,8;0,6931318384152001;0;5;0,05680347198622118;0,0969612461771798;24;50;2,9249928384229325;250;405;10
357;2024-01-09 09:18:26.963703;0,8851027594852917;;1,0;1;0,8;0,719329286668885;0;10;0,05272698900142901;0,14651974237486554;25;750;3,335205942015899;250;425;10
358;2024-01-09 09:19:50.005742;0,877392691494889;;1,0;1;0,8;0,7258355303748081;0;5;0,0632708903034079;0,06781958807868925;24;50;2,997858446612522;250;325;10
359;2024-01-09 09:21:18.902569;0,8775932508617407;;1,0;1;0,8;0,6865109399291495;0;5;0,06549729239632071;0,07460951647828301;24;50;3,960428615185081;250;305;10
360;2024-01-09 09:22:45.579236;0,90360067241719;;1,0;1;0,8;0,6613695089555267;0;10;0,06379286266291363;0,06671899181911845;24;50;3,9568601655188913;20;265;10
361;2024-01-09 09:24:07.227486;0,8801905388703682;;1,0;1;0,8;0,6847880231717715;0;5;0,06633401978092192;0,33420406817300463;24;50;4,5890064612174015;250;325;10
362;2024-01-09 09:25:28.423517;0,8780658956412231;;1,0;1;0,8;0,6446793673861336;0;5;0,062171224624267996;0,10884516887881088;24;50;3,596195362533236;250;305;10
363;2024-01-09 09:26:53.419786;0,8789568145815829;;1,0;1;0,8;0,6994953935411087;0;5;0,06522726197024976;0,16926892615411704;25;50;4,2669525840892435;250;305;10
364;2024-01-09 09:28:16.224848;0,8909235691747271;;1,0;1;0,8;0,3176565540866867;45;5;0,06277043437085332;0,06901628411351086;24;50;4,936364139621849;250;365;10
365;2024-01-09 09:29:42.039584;0,878388347769642;;1,0;1;0,7;0,7164772206684088;0;10;0,06030325750393359;0,09893239484286835;25;50;4,032972638927806;250;505;10
366;2024-01-09 09:31:07.704724;0,9252967501055611;;0,2;1;0,8;0,6787065041986307;100;5;0,06644213107003832;0,07829759348221559;24;850;3,1562273015401874;250;265;10
367;2024-01-09 09:32:31.912749;0,8776077805190556;;1,0;1;0,8;0,6982516716075673;0;5;0,06841266942215576;0,05981524343231345;25;50;3,46973749929798;250;325;10
368;2024-01-09 09:34:02.438877;0,8778752165291616;;1,0;1;0,8;0,696082686760304;0;10;0,0689789449636054;0,06087227078437753;25;50;3,538059257180811;250;325;10
369;2024-01-09 09:35:33.678303;0,886322829815074;;0,6000000000000001;1;0,8;0,6580307370660069;0;55;0,0679792221667159;0,15578636427778456;25;450;3,9099682232121236;250;305;10
370;2024-01-09 09:36:58.744170;0,8779046721941797;;1,0;1;0,8;0,7136073182884707;0;10;0,06442916589389516;0,12336524141114166;25;50;3,2457906598213064;250;445;10
371;2024-01-09 09:38:23.704968;0,8784422326219584;;1,0;1;0,8;0,6705550641822784;0;5;0,06130462762840423;0,09251807808247056;24;50;2,8260576947813814;250;325;10
372;2024-01-09 09:39:49.935925;0,8776463238871639;;1,0;1;0,8;0,7327013288080009;0;5;0,06337711873079337;0,06137186126814567;25;50;3,678019551831753;250;365;10
373;2024-01-09 09:41:17.794140;0,8793469714949127;;1,0;0;0,8;0,7336574059057567;0;10;0,06434560056253452;0,2763145958565456;24;50;3,409752633852346;250;365;10
374;2024-01-09 09:42:39.313947;0,8958270526851624;;1,0;1;0,8;0,7246368171489205;85;5;0,07104156696924821;0,0579832716843702;25;50;3,046367803120587;250;285;10
375;2024-01-09 09:44:06.574445;0,8828579187442538;;0,4;1;0,8;0,7382001457945906;0;40;0,06701728323667039;0,07312830477963775;24;50;3,6616119847756257;250;365;10
376;2024-01-09 09:45:35.544604;0,8772587211277816;;1,0;1;0,8;0,7047212058702792;0;5;0,06420425184630331;0,05426732390179783;25;50;2,9107032617639397;250;345;10
377;2024-01-09 09:47:07.233425;0,8773820888109084;;1,0;1;0,8;0,7089894942437053;0;5;0,07435093104439452;0,05492550539186855;25;50;2,88372337412083;250;345;10
378;2024-01-09 09:48:39.113858;0,8777011912889574;;1,0;1;0,8;0,3567090677567411;0;10;0,07427277266118006;0,05275166420868529;25;50;2,867862555017375;500;305;10
379;2024-01-09 09:50:10.456056;0,8777882877120973;;1,0;1;0,8;0,4416620033396118;0;10;0,07597627154532462;0,051460892393741436;25;50;2,8837422073967933;500;345;10
380;2024-01-09 09:51:41.860478;0,8805815089430762;;1,0;1;0,8;0,7006571038352849;0;10;0,07231321434310649;0,3308856344069242;25;50;3,1878825021852575;500;345;10
381;2024-01-09 09:53:02.996659;0,8897941417957587;;1,0;1;0,8;0,23620616069874534;0;10;0,07827933777978084;0,7487210560580664;25;50;2,812556703422187;500;325;10
382;2024-01-09 09:54:23.416265;0,8927725468739673;;1,0;1;0,7;0,7171395375116043;0;10;0,06641701585847479;0,9248165260786887;25;50;3,2633835087098717;500;305;10
383;2024-01-09 09:55:44.088331;0,8777132161183788;;1,0;1;0,8;0,3561874779034087;0;5;0,0728402713870695;0,05915840775722172;25;50;2,8703564132422303;500;265;10
384;2024-01-09 09:57:15.255391;0,8835676512808617;;1,0;1;0,8;0,27330149677735893;0;5;0,0737443973489156;0,39401497694691423;25;50;2,9111747938460546;500;245;10
385;2024-01-09 09:58:36.143473;0,878127953458978;;1,0;1;0,8;0,09076672600741403;0;10;0,06937481816200275;0,0858990945049998;25;50;3,340072689402819;500;345;10
386;2024-01-09 10:00:03.007285;0,8923330106434951;;1,0;1;0,8;0,6857155048561085;0;5;0,07447812974610571;0,6287220397652584;25;1050;2,8460232726646137;500;285;10
387;2024-01-09 10:01:23.418619;0,8776312696303756;;1,0;1;0,8;0,35407632836887704;0;5;0,07236849171395301;0,05593452590098259;25;50;3,1474914105785627;500;265;10
388;2024-01-09 10:02:54.828070;0,8826677218333658;;1,0;1;0,8;0,3704579198972433;0;5;0,07259527076897827;0,3519448236062649;25;50;3,0622942526491372;500;265;10
389;2024-01-09 10:04:16.551485;0,8777327381757388;;1,0;1;0,8;0,3679103461785212;0;10;0,07474612803632136;0,060248145474313175;25;50;2,7925383397455676;500;305;10
390;2024-01-09 10:05:48.066641;0,8776062240745522;;1,0;1;0,7;0,35668917509648573;0;10;0,07700132219361473;0,05863139203434836;25;50;2,678390640493917;500;305;10
391;2024-01-09 10:07:19.318949;0,8824748627065583;;1,0;1;0,7;0,3792688698189887;0;15;0,07071523131337994;0,30621435301547817;24;50;2,735877619846132;500;285;10
392;2024-01-09 10:08:40.977184;0,8777582594547931;;1,0;1;0,8;0,35192539648124566;0;10;0,07581373736800573;0,05039307434759199;25;50;3,0622203171839977;500;245;10
393;2024-01-09 10:10:13.211307;0,8776718214702528;;1,0;1;0,8;0,33509071646742666;0;10;0,07104871289052908;0,05036131234910375;25;50;2,6947056978795234;500;365;10
394;2024-01-09 10:11:46.672907;0,8836627374954557;;1,0;1;0,6000000000000001;0,31307066951357354;0;15;0,07255211786481575;0,41436954895743067;24;50;2,702855957955649;500;365;10
395;2024-01-09 10:13:09.429317;0,8776144581992815;;1,0;0;0,7;0,3240318750675167;0;10;0,07829765211923503;0,04395219949608471;25;50;2,7063988774877896;500;345;10
396;2024-01-09 10:14:43.978480;0,8783115972876147;;1,0;0;0,6000000000000001;0,35389805791942536;0;15;0,0769197643698772;0,05402708130901299;25;50;3,052899790824953;500;305;10
397;2024-01-09 10:16:14.779351;0,8881871083741235;;0,7;0;0,7;0,32987403993374853;0;10;0,07899063331917923;0,5325730540212587;24;50;2,6539194707050933;500;325;10
398;2024-01-09 10:17:35.861354;0,8777135036442573;;1,0;0;0,7;0,339211347994282;0;10;0,08153266862873242;0,046087071285880785;25;50;3,1284063221063265;500;365;10
399;2024-01-09 10:19:07.936493;0,8805855481035432;;1,0;0;0,7;0,39024995602081664;0;10;0,07078351604081543;0,06628653188467272;24;50;6,729984055858057;500;205;10
400;2024-01-09 10:20:33.315066;0,8816076078503248;;1,0;0;0,6000000000000001;0,31217969677258717;0;10;0,07362848173679307;0,2839127595558229;25;50;2,71646464139182;500;345;10
401;2024-01-09 10:21:55.139043;0,8807947325311913;;1,0;0;0,8;0,3453000651709018;0;10;0,07592067744196587;0,04139623228844431;24;50;7,206033594471749;500;285;10
402;2024-01-09 10:23:25.041804;0,9128361291543824;;1,0;1;0,7;0,3895810406335824;0;10;0,06925132453504011;0,0022158652692305415;25;50;3,352470975596273;500;385;10
403;2024-01-09 10:26:02.501375;0,8872515183073183;;1,0;1;0,8;0,3302463738288087;0;15;0,07734675489108732;0,06604074271933291;17;550;8,800095579516807;500;325;10
404;2024-01-09 10:27:27.391007;0,8778139253265582;;1,0;1;0,8;0,2879563054985556;0;10;0,06872281508754632;0,0509973461745884;24;50;2,943440924050072;500;285;10
405;2024-01-09 10:28:59.590390;0,8810561862159169;;1,0;1;0,8;0,35754074009437753;0;15;0,07454215383753367;0,262579039809585;25;50;2,675872721111871;500;365;10
406;2024-01-09 10:30:21.030536;0,8804617079162244;;1,0;1;0,8;0,3822112816660667;0;65;0,08016744399596946;0,03992713800863076;25;50;3,2053966332104915;500;265;10
407;2024-01-09 10:31:56.591906;0,8782723418985892;;1,0;1;0,8;0,3322558559734276;0;10;0,07173796826070504;0,07489802628668349;24;50;2,9389393911073527;500;325;10
408;2024-01-09 10:33:24.067672;0,8772733692824047;;1,0;0;0,8;0,34741689891556654;0;5;0,07303016659613037;0,014935013983249323;25;50;3,338664606492925;500;385;10
409;2024-01-09 10:35:22.637986;0,877240842284093;;1,0;0;0,7;0,33857862458960264;0;5;0,07754878757853852;0,016854033763447147;24;50;3,2741251149806914;500;385;10
410;2024-01-09 10:37:15.136833;0,8823231837622592;;1,0;0;0,7;0,5522626940654938;0;5;0,07832238980135965;0,4780961726824449;24;50;5,57072913502784;500;385;10
411;2024-01-09 10:38:36.495723;0,8866890920040695;;0,9000000000000001;0;0,7;0,29710423084405546;0;5;0,08074761993304543;0,022245340384733192;24;950;3,376273304319247;500;345;10
412;2024-01-09 10:40:17.354820;0,8772059426089076;;1,0;0;0,7;0,3264367743404136;0;5;0,07680352376564333;0,010471561384550916;24;50;3,3807561724903756;500;425;10
413;2024-01-09 10:42:26.815319;0,8907150651475243;;1,0;0;0,7;0,39329878802300483;25;5;0,07686108181531313;0,006342884281340491;24;50;3,4475020729739936;500;405;10
414;2024-01-09 10:44:31.853112;0,8842839623642764;;1,0;0;0,7;0,31963461828439044;0;5;0,07811057360810442;0,6474798586208519;24;50;5,157174448069144;500;425;10
415;2024-01-09 10:45:52.673767;0,945821116611339;;1,0;0;0,7;0,33870164259488417;0;5;0,07597975880360748;0,0012507131536369752;24;50;4,866446059259964;500;385;10
416;2024-01-09 10:48:21.741929;0,8777224384062349;;1,0;0;0,7;0,3383558155443786;0;5;0,06760133168780938;0,01799679259222226;24;50;4,2613129244388945;500;425;10
417;2024-01-09 10:50:07.924824;0,8774840552233713;;1,0;0;0,7;0,3198234722971275;0;5;0,06968433580846715;0,018757711909800953;25;50;3,8976656746631235;500;365;10
418;2024-01-09 10:51:54.456360;0,8779891989013388;;1,0;0;0,7;0,2974129104986832;0;10;0,07059221074851216;0,01749991811251192;25;50;3,822662577898729;500;385;10
419;2024-01-09 10:53:43.701713;0,938953274850302;;1,0;0;0,7;0,32330120576652394;65;5;0,06869047470439363;0,0020277978381526007;24;50;5,967355654422619;500;365;10
420;2024-01-09 10:55:46.824438;0,8830492487194711;;1,0;0;0,7;0,3185442967416324;0;10;0,07213880947056028;0,5199761362021849;25;50;3,8290813719072574;500;345;10
421;2024-01-09 10:57:07.087082;0,8779252669289452;;1,0;0;0,7;0,3027984476001348;0;5;0,05286838006418056;0,021950663679428127;19;50;4,289540822884709;500;385;10
422;2024-01-09 10:58:47.775615;0,8813833384830613;;1,0;0;0,7;0,2791407436616874;0;10;0,07382890951178085;0,03460011274656734;24;350;3,3591270666463346;500;345;10
423;2024-01-09 11:00:21.283269;0,8780199896058699;;0,9000000000000001;0;0,7;0,3294172468815816;0;5;0,06639295134758544;0,014835667131355399;25;50;4,478730032749235;500;405;10
424;2024-01-09 11:02:11.271726;0,8856070043146544;;1,0;0;0,6000000000000001;0,37990031788045653;0;85;0,07915566027335043;0,5772429521367336;24;50;3,478424556229055;500;445;10
425;2024-01-09 11:03:32.052319;0,8827478311325127;;1,0;0;0,7;0,3476930221145511;0;5;0,06984400481868419;0,3920646099393485;25;50;3,2891336517695757;500;365;10
426;2024-01-09 11:04:52.524159;0,8835307278911253;;1,0;0;0,7;0,30333709215409743;0;10;0,0760204967348417;0,5358156274301014;24;50;5,3020402069866135;500;325;10
427;2024-01-09 11:06:12.673250;0,8832495155633664;;1,0;0;0,7;0,35678434724845465;0;5;0,06563514718184052;0,03370583622664384;25;550;3,6754841394914712;500;425;10
428;2024-01-09 11:07:45.396364;0,8794985312967072;;1,0;0;0,7;0,49853960592192864;0;5;0,051327178216908215;0,17400725063923977;25;50;3,1444781950158927;500;365;10
429;2024-01-09 11:09:08.108187;0,879697605949725;;1,0;0;0,7;0,28232373368237573;5;5;0,0812681953772433;0,031097209342263038;24;50;3,842884487658012;500;345;10
430;2024-01-09 11:10:46.887906;0,8772067945764916;;1,0;0;0,7;0,39974608114394883;0;10;0,026813369320918032;0,01623851475278757;25;50;2,6130944726659315;500;325;10
431;2024-01-09 11:12:46.456525;0,9950724854203269;;1,0;0;0,7;0,37074934400161097;5;5;0,02564102339005511;0,014558763747295214;24;50;11,738870216327847;20;325;10
432;2024-01-09 11:14:07.520086;0,8828523419759898;;1,0;0;0,7;0,42345483627863384;0;5;0,02659235445864042;0,49630003395194644;25;50;4,086727840086889;500;305;10
433;2024-01-09 11:15:28.880438;0,8776543698319772;;1,0;0;0,7;0,4220130233380385;0;10;0,056463625303187874;0,014706409032692765;24;50;3,4247686109581625;500;405;10
434;2024-01-09 11:17:24.935617;0,8933580984792963;;1,0;0;0,7;0,4873018738698601;60;10;0,08313193635063154;0,22305060160885515;23;50;3,523788546637736;500;405;10
435;2024-01-09 11:18:46.741767;0,9517441961965425;;1,0;0;0,7;0,41210024960766944;0;15;0,05466518010233748;0,0011977325794949242;24;50;4,542910411682403;500;405;10
436;2024-01-09 11:21:13.266671;0,8788714918291595;;0,9000000000000001;0;0,7;0,4000337430428191;5;10;0,05680492319990569;0,014534237056492885;23;50;2,5936223622128165;500;385;10
437;2024-01-09 11:23:13.213376;0,9147145355514053;;1,0;0;0,6000000000000001;0,4636786422499964;0;10;0,026378031313026948;0,0021969208877033256;24;50;4,905572060038569;500;345;10
438;2024-01-09 11:25:35.899611;0,8833317762465327;;1,0;0;0,7;0,40272897365064475;5;15;0,07728351344387564;0,4638430411222625;24;50;3,1557471513673505;500;445;10
439;2024-01-09 11:26:57.313270;0,8827919657353158;;1,0;0;0,7;0,42473549895562906;0;10;0,02763232319703748;0,3715511308880905;25;50;7,673602025407588;500;425;10
440;2024-01-09 11:28:17.976892;0,881954474064479;;1,0;0;0,7;0,5331979530772444;0;10;0,024869653839558213;0,4476815063810856;24;50;3,803511874029513;500;325;10
441;2024-01-09 11:29:38.786803;0,8796847832851749;;0,6000000000000001;0;0,7;0,37313524078045057;5;15;0,07538261812587833;0,027638858995977473;23;50;2,9988268842135626;500;225;10
442;2024-01-09 11:31:19.729644;0,8788738783590084;;1,0;0;0,7;0,4150381960812589;0;10;0,05576890339022589;0,0347672302847459;25;150;3,3702274572250235;500;365;10
443;2024-01-09 11:32:54.910800;0,8787298435152799;;1,0;0;0,7;0,35788178381660135;5;5;0,07916877098037278;0,03638455266588749;24;50;2,607714361975875;500;465;10
444;2024-01-09 11:34:31.392686;0,8823454424892396;;1,0;0;0,6000000000000001;0,4550051253731204;0;25;0,05363191972935137;0,23728920526825648;25;50;6,750623623682651;500;385;10
445;2024-01-09 11:35:52.793725;0,8824032037038607;;1,0;0;0,7;0,3847031458438204;0;5;0,08427408021178207;0,4574059192886268;23;50;6,315633501496794;500;325;10
446;2024-01-09 11:37:13.606724;0,8895797571247289;;1,0;0;0,7;0,3672448791443328;0;5;0,05767848286582422;0,7908842655759566;24;50;3,548514328615942;500;305;10
447;2024-01-09 11:38:33.854890;0,8809916061661918;;1,0;0;0,7;0,3362021983401922;5;5;0,023650863472226242;0,26546400394958086;25;50;4,133541588093916;500;345;10
448;2024-01-09 11:39:55.467389;0,8843019853881087;;1,0;0;0,7;0,559981839478405;0;10;0,0639128671787203;0,4490892229502336;24;50;2,982222299880185;500;385;10
449;2024-01-09 11:41:18.133000;0,8995443563151918;;0,9000000000000001;0;0,8;0,5336024354924808;0;5;0,08841813912610691;0,8187582444513217;25;50;2,6120601330495927;500;285;10
450;2024-01-09 11:42:38.489580;0,8828074644263779;;1,0;0;0,6000000000000001;0,48784821313509025;5;10;0,09753822870077157;0,20462392198315255;25;150;3,327895805891937;20;405;10
451;2024-01-09 11:43:59.615271;0,8774790179913212;;1,0;0;0,7;0,3171210944601691;0;10;0,06782843214439328;0,02434945632303457;18;50;2,9737172648311017;500;325;10
452;2024-01-09 11:45:44.095578;0,8972003079367091;;1,0;0;0,8;0,31311669957874944;80;5;0,06900338877491474;0,04532150948512638;15;50;5,955151124131119;500;325;10
453;2024-01-09 11:47:13.494820;0,8771090559515754;;1,0;0;0,7;0,26994933900100565;0;5;0,06617018479206636;0,024988903150118792;25;50;2,895419103858147;500;305;10
454;2024-01-09 11:48:57.830273;0,9583051848340303;;1,0;0;0,7;0,2740707249835295;5;5;0,06773051921759811;0,0010813658402739103;14;150;2,8306028126457714;500;285;10
455;2024-01-09 11:51:30.073767;0,8946129656509225;;1,0;0;0,7;0,2651726280271123;55;10;0,06627012867973449;0,5908585767459246;25;50;2,4935507658533558;500;305;10
456;2024-01-09 11:52:50.673407;0,8835298145471068;;1,0;0;0,7;0,3212789938897057;0;5;0,07211122013094905;0,02291110354642355;16;650;2,8559889518627384;500;305;10
457;2024-01-09 11:54:32.492402;0,8822104095001209;;1,0;0;0,7;0,29429862054438233;0;15;0,06842648237721902;0,34936206260202424;18;50;3,0407180875194366;500;345;10
458;2024-01-09 11:55:53.835443;0,8808470849358827;;1,0;0;0,7;0,23868642769752096;5;5;0,07407915430505543;0,3186201313737097;25;50;2,5752610540261274;500;285;10
459;2024-01-09 11:57:14.869436;0,8792587710221863;;1,0;0;0,7;0,2569699397070456;0;45;0,06515183907469026;0,03551740317147156;25;50;3,059677449810022;500;325;10
460;2024-01-09 11:58:50.972746;0,8772007696086425;;1,0;0;0,7;0,29742154463708953;0;10;0,050117132923367246;0,020531698522181955;24;50;2,70735645052608;500;345;10
461;2024-01-09 12:00:44.435010;0,8841806702889986;;0,9000000000000001;0;0,7;0,3075541328516706;0;10;0,028080115043699547;0,02447703039908676;23;50;2,501782979682511;100;345;10
462;2024-01-09 12:02:20.987762;0,8790206276454102;;1,0;0;0,7;0,292463338937056;5;10;0,030152879202288447;0,022118931724131326;17;50;2,7954206744265826;500;325;10
463;2024-01-09 12:04:06.774060;0,8864335413870288;;1,0;0;0,7;0,26100288773156943;0;15;0,08180938638534876;0,0045897785944662844;24;50;2,515568994385702;500;345;10
464;2024-01-09 12:06:44.801638;0,8902151974472104;;1,0;0;0,7;0,5744643961707038;30;10;0,0513855718623633;0,41110223844358523;23;50;0,10053123679456011;20;365;10
465;2024-01-09 12:08:07.096377;0,8838803146210201;;1,0;0;0,7;0,2878875869060117;0;15;0,07950957710399612;0,2948668719935758;24;150;8,564583836230213;500;305;10
466;2024-01-09 12:09:27.822383;0,8791726369429769;;1,0;0;0,7;0,3103400513690299;5;10;0,06626479752230596;0,03823343618336872;24;50;2,8301818354514388;500;325;10
467;2024-01-09 12:11:02.218827;0,9365682408531667;;1,0;0;0,7;0,25321622683996814;0;10;0,04718992324691432;0,0014694367978910355;24;50;3,1598555830841963;500;345;10
468;2024-01-09 12:13:44.479676;0,877337803751548;;1,0;0;0,6000000000000001;0,32317931689488005;0;5;0,02490295608332963;0,04226572527051946;23;50;2,7278255789461974;500;305;10
469;2024-01-09 12:15:19.837954;0,8784216967361278;;0,9000000000000001;0;0,6000000000000001;0,1846793369870614;5;5;0,03965811047396671;0,022826174756386895;23;50;2,4076611447705694;500;305;10
470;2024-01-09 12:17:05.389593;0,8898392406667888;;1,0;0;0,6000000000000001;0,2858186017261243;0;5;0,023911114367715012;0,6384369798910142;18;450;9,15134675074685;500;305;10
471;2024-01-09 12:18:25.466236;0,8862546272349826;;0,5;0;0,6000000000000001;0,3428852278242168;0;5;0,025652700892960453;0,21231112380258266;23;50;14,918003965156325;500;285;10
472;2024-01-09 12:19:46.648353;0,882168213768597;;1,0;0;0,6000000000000001;0,6138292662544842;5;5;0,02742246042751371;0,4364857048779457;23;50;3,0208535591974717;100;365;10
473;2024-01-09 12:21:09.236817;0,9553913442765284;;1,0;0;0,7;0,3024379061268997;0;5;0,02453349255588015;0,0011199464705751658;24;150;7,509713743680019;500;325;10
474;2024-01-09 12:23:26.259122;0,8971603272432092;;1,0;0;0,5;0,3252014380530616;95;5;0,06262573466211796;0,04020816305078067;23;50;3,3704585922056425;500;305;10
475;2024-01-09 12:24:58.871377;0,8853202317008846;;1,0;0;0,7;0,303717728002734;0;5;0,04635997616997927;0,02159440677643009;24;50;13,842036057750315;500;285;10
476;2024-01-09 12:26:33.067997;0,8845463100696239;;1,0;0;0,7;0,34409227061576164;5;5;0,048920478517297084;0,5590879806050569;24;150;4,744852359474056;20;325;10
477;2024-01-09 12:27:53.585593;0,8900688684354311;;1,0;0;0,6000000000000001;0,32370925389485866;0;5;0,028430393269676633;0,3693602833753117;19;850;8,176186132876218;500;245;10
478;2024-01-09 12:29:14.002186;0,8885325685310814;;1,0;0;0,7;0,6292392306973996;0;75;0,06795381705660661;0,4915409148891647;24;50;10,939964147793688;500;345;10
479;2024-01-09 12:30:34.153402;0,8843184954928798;;1,0;0;0,5;0,27547930531732423;5;5;0,035561507537420906;0,5399754474583335;25;50;5,236470024242309;500;385;10
480;2024-01-09 12:31:54.735548;0,8776055591539749;;1,0;1;0,7;0,5160222992436928;0;10;0,022504535591916876;0,04933324561177558;23;50;2,769494452334055;500;505;10
481;2024-01-09 12:33:27.365197;0,8951254153728246;;1,0;0;0,7;0,39949574905036306;40;10;0,023062307825656082;0,8482205860522927;23;50;2,6792880123729255;500;365;10
482;2024-01-09 12:34:47.414272;0,8801271142509579;;1,0;1;0,7;0,44436108114453665;0;15;0,050076883069891914;0,18386185340057742;23;50;2,483058482064296;500;585;10
483;2024-01-09 12:36:11.264720;0,8947665069114885;;0,4;1;0,7;0,5089567892697936;5;10;0,025974726989815764;0,7396322090447538;23;50;2,852472849582062;500;445;10
484;2024-01-09 12:37:32.050829;0,877490056819249;;1,0;0;0,7;0,37538902624169207;0;10;0,024020182483137253;0,03846277848789886;24;50;2,9925303710627573;500;425;10
485;2024-01-09 12:39:07.426348;0,8774666877640354;;0,7;0;0,7;0,46950124943073984;0;10;0,023511989763195705;0,037486046434704184;23;50;3,0801732114309504;500;505;10
486;2024-01-09 12:40:42.311303;0,8793519849731035;;0,7;0;0,7;0,429296414429824;5;10;0,04415803249868623;0,020770525032936225;23;50;3,179851872796414;500;425;10
487;2024-01-09 12:42:29.007788;0,8839090769626141;;0,7;0;0,7;0,488903428569148;0;30;0,02406319311427015;0,5146972232613805;24;50;3,0747041820347434;500;445;10
488;2024-01-09 12:43:50.081323;0,8795596758682207;;0,9000000000000001;0;0,7;0,3760608193501328;0;15;0,026050529028621008;0,02992352004303805;24;150;3,8199278934575127;500;465;10
489;2024-01-09 12:45:27.792801;0,8813502874859342;;0,9000000000000001;0;0,7;0,5372504820668447;5;10;0,022237421046050893;0,014853853196871616;24;50;5,530870307720063;500;425;10
490;2024-01-09 12:47:17.451268;0,8875975602621186;;0,8;0;0,6000000000000001;0,4577196554689182;0;20;0,04325063461460944;0,6838941327623207;23;50;3,3302492575293563;500;485;10
491;2024-01-09 12:48:37.435155;0,877189017929623;;1,0;0;0,7;0,3965158040007084;0;5;0,02882905279322836;0,04058109138050405;24;50;3,0000129535567703;500;385;10
492;2024-01-09 12:50:12.777626;0,8790955359886162;;0,8;0;0,7;0,45726655854273396;5;5;0,030079342293561285;0,041712849953718656;23;50;2,9703297336304093;500;405;10
493;2024-01-09 12:51:46.012904;0,9238079204686264;;0,6000000000000001;0;0,7;0,4159700839882276;0;5;0,02712352869247278;0,0017402513139261507;24;50;2,5343266202873513;500;405;10
494;2024-01-09 12:54:54.634379;0,8879892384595991;;1,0;0;0,7;0,37784267607881544;0;10;0,02857410511967061;0,6607835794014345;24;50;3,0553373031487507;500;385;10
495;2024-01-09 12:56:15.441086;0,8833771084793989;;1,0;0;0,7;0,3438940198076544;5;5;0,02408094717109553;0,03744604651296962;24;150;7,957547174403947;500;425;50
496;2024-01-09 12:57:46.821255;0,8870458423127477;;1,0;0;0,7;0,3949989373396405;0;10;0,03803202127148924;0,48223984877642545;23;50;2,4079154084467382;500;385;10
497;2024-01-09 12:59:07.370370;0,8772379180068354;;1,0;0;0,7;0,4031931743860634;0;5;0,025109294850509042;0,02474174581374206;24;50;3,3308728752087946;500;385;10
498;2024-01-09 13:00:48.844985;0,8871375669414734;;0,2;0;0,7;0,43219320182192517;20;10;0,026154661225500295;0,4763908341199335;23;50;3,4945648004408616;500;145;10
499;2024-01-09 13:02:10.787037;0,8789410904575764;;0,9000000000000001;0;0,7;0,4071671964187804;0;5;0,021913016555242148;0,14540682689420031;24;50;3,3685718384378385;500;365;10
