datetime;validation;test;activation;b1;b2;batch_size;dims;dropout;factor_flag;learning_rate;method;mode;n_units_l1;num_hidden_layers;optim;scaler
2023-12-19 23:27:03.033813;0,4492533206939697;;relu;;;32;10,0;0,6451072734662383;False;0,003914733832951886;pca;dropout;8;1;sgd;maxabs
2023-12-19 23:33:01.125236;0,3339325189590454;;relu;0,3298869522664893;0,4670171664850061;32;;;True;0,21443317820504745;;vanilla;9;3;adam;normalizer
2023-12-19 23:35:34.510524;0,3250829577445984;;selu;0,8446021187577364;0,9576971939866439;64;;;True;0,0016251884623899664;;vanilla;20;5;adam;maxabs
2023-12-19 23:36:58.737880;0,33388522267341614;;relu;0,1366368214355027;0,28968736297265074;16;;0,6942623601691655;False;0,007147383623590827;;dropout;29;5;adam;maxabs
2023-12-19 23:41:59.555020;0,3250558078289032;;leaky_relu;;;256;;;True;0,08010156951906472;;vanilla;26;2;sgd;normalizer
2023-12-19 23:42:27.656538;0,4295479953289032;;relu;;;256;37,0;;False;0,004524514787194162;anova;batchnorm;23;3;sgd;normalizer
2023-12-19 23:43:05.284364;0,4532645046710968;;leaky_relu;0,23695923012787848;0,4820773260311494;256;;0,4291116992650239;True;0,0069558379988175585;;dropout;19;1;adam;normalizer
2023-12-19 23:43:34.698435;0,3406808078289032;;leaky_relu;0,9414490397320215;0,28189447367373366;128;43,0;0,6164537500247417;True;0,02023290176977116;pca;dropout;25;5;adam;maxabs
2023-12-19 23:44:22.352809;0,4603794515132904;;leaky_relu;0,25085190811293656;0,5416000434344814;256;18,0;0,5396632085834049;False;0,0038751819857340162;anova;dropout;6;3;adam;normalizer
2023-12-19 23:45:03.939657;0,35899558663368225;;relu;;;16;;;True;0,0014510593165033415;;batchnorm;9;3;sgd;maxabs
2023-12-19 23:51:13.941058;0,3409845232963562;;selu;0,013611629002913739;0,7727612019985319;64;14,0;0,15157962968504732;False;0,5425380994936232;anova;dropout;3;4;adam;minmax
2023-12-19 23:52:35.204463;0,4684709906578064;;leaky_relu;0,36532273990684083;0,615508950431297;256;26,0;0,4305197022525411;False;0,01635250423157889;anova;dropout;16;1;adam;normalizer
2023-12-19 23:53:09.372086;0,4642857015132904;;leaky_relu;0,4641959314338969;0,6532812741000232;256;23,0;0,4497893417529723;False;0,018789535912872583;anova;dropout;14;2;adam;normalizer
2023-12-19 23:53:45.140018;0,4446149468421936;;leaky_relu;0,5244220167960183;0,6991314722715318;256;28,0;0,36913474822266656;False;0,026462385918073955;anova;dropout;14;2;adam;minmax
2023-12-19 23:54:13.761574;0,3929966390132904;;leaky_relu;0,5070282980932757;0,026280616938098134;128;26,0;0,4092149662383906;False;0,06310534089161643;anova;dropout;15;2;adam;normalizer
2023-12-19 23:55:10.041233;0,4603794515132904;;leaky_relu;0,41756343740422447;0,7301272464594025;256;27,0;;False;0,018210022157098726;anova;batchnorm;13;1;adam;normalizer
2023-12-19 23:56:16.667417;0,4640066921710968;;leaky_relu;0,5534675169190151;0,9710927717816908;256;19,0;0,49168708534311606;False;0,013135010017359318;anova;dropout;19;2;adam;normalizer
2023-12-19 23:57:11.592296;0,4768415093421936;;selu;0,657765819028199;0,6339320864579442;256;35,0;0,30271426689390074;False;0,04309705440802214;anova;dropout;12;1;adam;minmax
2023-12-19 23:57:41.691888;0,40445244312286377;;selu;;;32;35,0;;False;0,051942339810022255;pca;batchnorm;11;1;sgd;minmax
2023-12-20 00:01:06.975751;0,3409845232963562;;selu;0,6866118123911938;0,8278667794288697;64;48,0;;False;0,13604502648875488;anova;vanilla;18;4;adam;minmax
2023-12-20 00:02:33.324451;0,4606584906578064;;selu;0,6716811903846253;0,591957618167528;128;36,0;0,32707330839874943;False;0,036212790321228795;anova;dropout;22;1;adam;minmax
2023-12-20 00:03:15.720728;0,4422433078289032;;selu;0,39040581016413844;0,6451246924390267;256;4,0;0,29281471617250615;False;0,03299259704583016;anova;dropout;16;2;adam;minmax
2023-12-20 00:03:44.225661;0,4741908609867096;;leaky_relu;0,6293801991925376;0,6424684285429545;256;24,0;0,2828494119586172;False;0,012563779432861695;anova;dropout;12;1;adam;normalizer
2023-12-20 00:04:25.486615;0,4740513265132904;;leaky_relu;0,6507821403755095;0,8435106770367432;256;34,0;0,22370218674245654;False;0,014604528334305943;anova;dropout;11;1;adam;normalizer
2023-12-20 00:05:33.622210;0,4605189859867096;;selu;0,6625580835236716;0,866429900414988;256;33,0;0,2493855753614201;False;0,011812648223723934;anova;dropout;11;1;adam;minmax
2023-12-20 00:06:15.596731;0,43846577405929565;;leaky_relu;0,7879339941984205;0,8546374100020869;16;41,0;0,2271166018526428;False;0,04440619634257129;pca;dropout;6;1;adam;normalizer
2023-12-20 00:12:12.895473;0,4677734375;;selu;;;256;32,0;0,18701750370702475;False;0,010591623346277904;anova;dropout;3;2;sgd;minmax
2023-12-20 00:12:44.754485;0,4577288031578064;;leaky_relu;0,6161578095460152;0,765350458798203;256;41,0;0,10001742593600554;False;0,03059854048309562;anova;dropout;12;1;adam;normalizer
2023-12-20 00:13:16.871625;0,3836495578289032;;leaky_relu;0,7722725046447385;0,7389424988690202;256;31,0;;False;0,08155039360981892;anova;batchnorm;7;4;adam;normalizer
2023-12-20 00:14:26.151736;0,4597621560096741;;selu;;;32;22,0;;False;0,024053503101328325;pca;vanilla;9;1;sgd;minmax
2023-12-20 00:17:11.040284;0,4630807638168335;;relu;0,58807354834587;0,9131220331189138;64;47,0;0,32705455030941677;False;0,008784791116125814;anova;dropout;11;2;adam;maxabs
2023-12-20 00:18:32.491533;0,4765625;;leaky_relu;0,5552317362264408;0,613896844605041;256;29,0;0,26890538705206163;False;0,016559916648951352;anova;dropout;17;1;adam;normalizer
2023-12-20 00:19:29.580895;0,4780971109867096;;leaky_relu;0,6010071642862538;0,8129663246693184;256;30,0;0,27179668973134524;False;0,012739860894258674;anova;dropout;17;1;adam;normalizer
2023-12-20 00:20:20.263943;0,46086835861206055;;leaky_relu;0,5426925193865745;0,6758627506900652;32;30,0;0,2807785912454975;False;0,04081213949868407;anova;dropout;17;1;adam;normalizer
2023-12-20 00:22:40.611022;0,3385881781578064;;leaky_relu;0,7213367069235342;0,5650744412972301;256;23,0;0,3511808602070084;True;0,005367953775946262;anova;dropout;21;1;adam;normalizer
2023-12-20 00:23:43.815745;0,44853752851486206;;relu;0,6026909295149531;0,6821543658548626;16;29,0;;False;0,008848279017713097;pca;vanilla;14;2;adam;normalizer
2023-12-20 00:28:40.834990;0,3250558078289032;;leaky_relu;0,4791600334321456;0,7810262639314515;256;;0,27866485690771353;True;0,0029522131166828483;;dropout;17;1;adam;maxabs
2023-12-20 00:29:09.687658;0,3349609375;;leaky_relu;;;256;38,0;;False;0,006768937544455408;anova;vanilla;24;1;sgd;normalizer
2023-12-20 00:29:37.771619;0,4656808078289032;;selu;0,6018746630839817;0,5205508995271677;128;;0,3031642094529589;False;0,021250629812907974;;dropout;20;2;adam;normalizer
2023-12-20 00:30:24.061329;0,3546316921710968;;relu;0,7399338291478655;0,6010677155923684;256;17,0;0,3784249165531731;True;0,002564253789008592;anova;dropout;30;1;adam;normalizer
2023-12-20 00:31:25.965244;0,3965708017349243;;leaky_relu;0,8259118935758303;0,7140565458512493;32;12,0;;False;0,012174318464367997;anova;batchnorm;18;2;adam;maxabs
2023-12-20 00:33:53.072930;0,4610770046710968;;leaky_relu;0,6591477745992442;0,9051555997903996;256;32,0;0,2272740799405699;False;0,013286006246996442;anova;dropout;12;1;adam;normalizer
2023-12-20 00:34:44.479500;0,4387555718421936;;leaky_relu;0,6511595839948804;0,7882604190105115;256;35,0;0,2414848732026439;False;0,027739214468261785;anova;dropout;10;1;adam;normalizer
2023-12-20 00:35:12.264202;0,458984375;;leaky_relu;0,5654413844102641;0,8213484142181005;256;38,0;0,20290668020909097;False;0,01588296332613828;anova;dropout;27;1;adam;normalizer
2023-12-20 00:35:44.757781;0,4460100531578064;;leaky_relu;0,7164410583028982;0,4579029884812587;256;;0,2720245722752255;False;0,00643980868245132;;dropout;8;1;adam;normalizer
2023-12-20 00:36:18.652283;0,47110065817832947;;leaky_relu;0,626045630958318;0,9063043658013394;64;25,0;0,3277998659185601;True;0,008245921208338223;anova;dropout;15;3;adam;normalizer
2023-12-20 00:37:49.042930;0,4525386393070221;;leaky_relu;;;16;44,0;0,26328244384451605;False;0,022006529049507405;anova;dropout;13;1;sgd;normalizer
2023-12-20 00:51:39.347502;0,4727957546710968;;relu;0,4411587030150414;0,6263676633839469;256;34,0;0,19752727196673014;False;0,016235413045452465;anova;dropout;15;2;adam;minmax
2023-12-20 00:52:08.551262;0,4528459906578064;;leaky_relu;0,5150352108934659;0,726206724262374;256;20,0;0,29467164579471206;False;0,004822452229016548;anova;dropout;5;1;adam;normalizer
2023-12-20 00:52:38.328737;0,4535435140132904;;leaky_relu;0,5674350309606184;0,9824354213523818;256;28,0;;False;0,010603470282742245;pca;vanilla;13;5;adam;maxabs
2023-12-20 00:53:15.450028;0,3406808078289032;;selu;0,8561899684138746;0,5472520071613287;128;;;True;0,02571414765277409;;batchnorm;9;3;adam;normalizer
2023-12-20 00:54:12.765241;0,4814453125;0,4623074844636585;relu;0,4323968558723378;0,6372862377886227;256;34,0;0,1774423845103654;False;0,018889662541436106;anova;dropout;15;2;adam;minmax
2023-12-20 00:54:43.332166;0,4748883843421936;;relu;0,4888885741504645;0,6659509383268757;256;39,0;0,22938805635017998;False;0,014927795575280754;anova;dropout;18;1;adam;minmax
2023-12-20 00:55:22.498252;0,4737723171710968;;relu;0,4770302646749963;0,6809121070807496;256;40,0;0,17333130355482584;False;0,01900576994319976;anova;dropout;18;2;adam;minmax
2023-12-20 00:55:59.543771;0,4700055718421936;;relu;0,33958668445701884;0,6434848900957506;256;37,0;0,24008430837060885;False;0,030281792763477033;anova;dropout;16;1;adam;minmax
2023-12-20 00:56:27.840393;0,4631696343421936;;relu;0,4283632067972831;0,5855921249606976;256;25,0;0,14600603905431642;False;0,016950918656664097;anova;dropout;20;1;adam;minmax
2023-12-20 00:56:56.749125;0,4587053656578064;;relu;0,49907579604385677;0,6360357197792207;256;30,0;0,261449439751508;False;0,048944968549425684;anova;dropout;19;2;adam;minmax
2023-12-20 00:57:45.522732;0,47054755687713623;;relu;;;64;44,0;0,2096092646978642;False;0,03667217763974368;anova;dropout;14;1;sgd;minmax
2023-12-20 00:59:00.417208;0,4681919515132904;;relu;0,3889887066012671;0,4945254557399533;256;27,0;0,30742043647929407;False;0,009881872385866887;anova;dropout;22;2;adam;minmax
2023-12-20 00:59:29.340357;0,4725167453289032;;relu;0,5365348759239187;0,72241510602952;256;39,0;0,1701852309742126;False;0,013704308873179014;anova;dropout;15;3;adam;minmax
2023-12-20 01:00:15.817513;0,46316224336624146;;selu;0,28648333384229374;0,5733470345734174;16;36,0;;False;0,022084423115285443;anova;batchnorm;17;1;adam;minmax
2023-12-20 01:05:22.256447;0,4732142984867096;;relu;0,6325509589892223;0,7590196697729519;256;33,0;0,21891428187745018;False;0,015608619802722826;anova;dropout;12;1;adam;minmax
2023-12-20 01:06:24.442837;0,4722377359867096;;leaky_relu;0,5580096279881978;0,661342511489934;256;34,0;0,2591428471123089;False;0,011589937041651462;anova;dropout;10;1;adam;minmax
2023-12-20 01:07:08.543939;0,4771205484867096;;leaky_relu;0,45921747627031306;0,6992121165979617;256;31,0;0,23769519203268905;False;0,007804872629083275;anova;dropout;18;1;adam;normalizer
2023-12-20 01:07:54.162748;0,4458705484867096;;selu;0,45960768218116965;0,6102795257233807;256;29,0;0,25222320039527935;False;0,006837472268399472;anova;dropout;18;1;adam;normalizer
2023-12-20 01:08:29.742832;0,4688895046710968;;leaky_relu;0,5095068947706831;0,692691656677522;256;24,0;0,284578523000136;False;0,009097764229138005;anova;dropout;19;1;adam;minmax
2023-12-20 01:09:03.038248;0,44261616468429565;;relu;0,4068230902726231;0,6506461009312802;32;31,0;0,2362015322524263;False;0,019094677474959344;pca;dropout;16;2;adam;normalizer
2023-12-20 01:11:28.304079;0,4672153890132904;;leaky_relu;0,4492431844767949;0,7167017035784349;128;21,0;0,20320711664719818;False;0,025546772560558623;anova;dropout;21;1;adam;maxabs
2023-12-20 01:12:11.596544;0,3878348171710968;;selu;;;256;27,0;;False;0,008033614899795266;anova;vanilla;13;1;sgd;normalizer
2023-12-20 01:12:42.096484;0,3250558078289032;;leaky_relu;0,5874970333985754;0,6099160686943036;256;36,0;0,3274517165565395;True;0,0354189742491838;anova;dropout;15;1;adam;minmax
2023-12-20 01:13:10.408378;0,4510323703289032;;relu;0,5340860449402922;0,7995487553276741;256;;0,3556900333484008;False;0,012439559282744551;;dropout;17;2;adam;normalizer
2023-12-20 01:13:45.767850;0,4669363796710968;;leaky_relu;0,6425764239853211;0,7500738788937839;256;32,0;0,22562888197441666;False;0,014321400230923603;anova;dropout;10;1;adam;normalizer
2023-12-20 01:14:37.873236;0,43359375;;leaky_relu;0,5974889341423303;0,6890002736927785;256;34,0;0,2584214762573016;False;0,005685284006820279;anova;dropout;12;1;adam;normalizer
2023-12-20 01:15:13.097723;0,47265625;;leaky_relu;0,6723082509602267;0,8266178806490191;256;30,0;0,2212663411889291;False;0,010481867937809048;anova;dropout;19;1;adam;normalizer
2023-12-20 01:16:16.053758;0,4760044515132904;;leaky_relu;0,6911230365917541;0,7648766299447463;256;28,0;0,2876931962435043;False;0,019431158649588526;anova;dropout;16;1;adam;normalizer
2023-12-20 01:16:51.120569;0,474609375;;leaky_relu;0,48476496134832814;0,7562068188844154;256;26,0;0,30175713688791395;False;0,020287326334833825;anova;dropout;14;1;adam;normalizer
2023-12-20 01:17:25.588244;0,4767020046710968;;leaky_relu;0,48380746241916256;0,7569661408365684;256;28,0;0,31159474216862465;False;0,020476000322233158;anova;dropout;16;1;adam;normalizer
2023-12-20 01:17:59.472881;0,4634955823421478;;leaky_relu;0,37442210909874624;0,785248763561796;64;28,0;0,31714313037029046;False;0,027011764986466385;anova;dropout;16;4;adam;normalizer
2023-12-20 01:19:57.898132;0,4231305718421936;;selu;0,4148099634597916;0,7098407604075383;256;7,0;;False;0,03969270594153423;pca;batchnorm;17;1;adam;minmax
2023-12-20 01:20:38.362979;0,4495033025741577;;leaky_relu;0,5026868844827436;0,6768898638268759;16;42,0;0,28468607906976295;False;0,05656718438051672;anova;dropout;18;1;adam;normalizer
2023-12-20 01:25:26.309291;0,4612831771373749;;leaky_relu;;;32;32,0;;False;0,030053826876014343;anova;vanilla;21;2;sgd;maxabs
2023-12-20 01:27:50.346648;0,4732142984867096;;leaky_relu;0,4808819989342752;0,7552007810766417;256;26,0;0,3004183600025616;False;0,019154666009956543;anova;dropout;14;1;adam;normalizer
2023-12-20 01:28:25.125910;0,4702846109867096;;leaky_relu;0,44435368785531176;0,7454760803812029;256;29,0;0,3428506400043039;False;0,02233513708857498;anova;dropout;16;1;adam;normalizer
2023-12-20 01:28:57.146423;0,4702846109867096;;leaky_relu;0,5350426034358803;0,8068943284584079;256;26,0;0,3030476152168566;False;0,01738703339414154;anova;dropout;15;1;adam;normalizer
2023-12-20 01:29:34.780918;0,48046875;;leaky_relu;0,4649731627643059;0,773075591757284;256;31,0;0,27466518833922937;False;0,014137871955274795;anova;dropout;17;1;adam;normalizer
2023-12-20 01:30:10.871160;0,3470982015132904;;leaky_relu;0,5794241838137264;0,8608535876192878;256;31,0;0,2747557711065438;True;0,014566955383926558;anova;dropout;17;1;adam;normalizer
2023-12-20 01:30:50.714392;0,4741908609867096;;leaky_relu;0,41839332872066354;0,7839168686736364;256;33,0;0,24529254663108124;False;0,010624880736830284;anova;dropout;18;1;adam;normalizer
2023-12-20 01:32:07.222995;0,4535435140132904;;relu;0,46898837061426246;0,7098759125986971;128;;0,26671943117738506;False;0,02475840539317124;;dropout;20;1;adam;normalizer
2023-12-20 01:33:06.068915;0,462890625;;selu;0,6918616262516406;0,6623471372937397;256;36,0;0,37613769373896244;False;0,00760771399405388;anova;dropout;19;1;adam;minmax
2023-12-20 01:33:35.520315;0,4729352593421936;;leaky_relu;0,5230345221410377;0,6239601878533155;256;30,0;0,24365936227604384;False;0,031281245513051226;anova;dropout;16;1;adam;normalizer
2023-12-20 01:34:15.501276;0,4734933078289032;;leaky_relu;0,5550204904346687;0,7353344280294198;256;38,0;0,317908211815533;False;0,016873165760560607;anova;dropout;18;1;adam;minmax
2023-12-20 01:35:15.311066;0,45703125;;leaky_relu;0,48968797633996625;0,7650902818428095;256;28,0;0,2907398157282327;False;0,02125173732174304;anova;dropout;14;1;adam;normalizer
2023-12-20 01:36:12.406668;0,4743303656578064;;leaky_relu;0,4534649450868208;0,8185819401057984;256;24,0;0,26943973121909676;False;0,01226461285249881;anova;dropout;15;1;adam;normalizer
2023-12-20 01:36:49.253806;0,4732142984867096;;leaky_relu;0,6163102969452834;0,6967856932439629;256;31,0;0,2882471895318173;False;0,01431738590991406;anova;dropout;13;1;adam;normalizer
2023-12-20 01:37:41.682043;0,421875;;leaky_relu;0,49390899367345753;0,7673737292863135;256;29,0;0,3333191680765082;False;0,009203294723254905;anova;dropout;17;1;adam;normalizer
2023-12-20 01:38:12.516368;0,4727957546710968;;relu;0,5703802108058479;0,8427444154024362;256;26,0;0,3169104774865555;False;0,018567980389519623;anova;dropout;14;1;adam;normalizer
2023-12-20 01:38:48.992532;0,4560546875;;leaky_relu;0,5158019375389693;0,733316838500989;256;35,0;;False;0,02364118767509964;anova;batchnorm;20;2;adam;normalizer
2023-12-20 01:39:25.451481;0,4345962405204773;;leaky_relu;0,4336124546723134;0,8000599451060245;64;22,0;0,3063711751429111;False;0,015884156688964732;pca;dropout;16;1;adam;minmax
2023-12-20 01:40:44.828333;0,3250558078289032;;selu;;;256;28,0;0,23559056000452952;True;0,011736366122711145;anova;dropout;14;1;sgd;normalizer
2023-12-20 01:41:13.415823;0,33388522267341614;;relu;0,470684015716193;0,6652910799125858;16;33,0;;False;0,02008145378413346;anova;vanilla;15;1;adam;normalizer
2023-12-20 01:45:56.779367;0,4684709906578064;;leaky_relu;0,40179453050292224;0,5869595359925801;256;35,0;0,27941371876002863;False;0,03340723419582556;anova;dropout;17;1;adam;maxabs
2023-12-20 01:46:29.554858;0,4767020046710968;;leaky_relu;0,3610109609031334;0,7403032217151069;256;24,0;0,2667176100454326;False;0,012688519944644679;anova;dropout;15;1;adam;normalizer
2023-12-20 01:47:05.409451;0,470703125;;leaky_relu;0,33119223098350714;0,6986257998464763;256;18,0;0,25293128667804643;False;0,013388727683824916;anova;dropout;16;1;adam;normalizer
2023-12-20 01:48:03.601533;0,4739118218421936;;leaky_relu;0,39098026871559327;0,7397761306137651;256;23,0;0,26440716716285795;False;0,009858590946355848;anova;dropout;19;1;adam;normalizer
2023-12-20 01:49:02.863484;0,4642857015132904;;leaky_relu;0,3546331979310293;0,6369199537739886;256;25,0;0,29673057183826634;False;0,0175282071716054;anova;dropout;13;4;adam;normalizer
2023-12-20 01:49:53.178689;0,4712611734867096;;leaky_relu;0,5438935400851398;0,7614399691293765;256;27,0;0,21745480253246438;False;0,008117779680620435;anova;dropout;18;1;adam;minmax
2023-12-20 01:50:41.059419;0,47110065817832947;;leaky_relu;0,43427224211665305;0,7164801477202247;32;31,0;0,2750901596106054;False;0,026859185787795725;anova;dropout;15;1;adam;normalizer
2023-12-20 01:53:16.105842;0,4496372640132904;;relu;0,4913936011247079;0,7869424112120728;256;;0,19293385153999631;False;0,015225684138465815;;dropout;17;1;adam;normalizer
2023-12-20 01:53:47.535140;0,4741908609867096;;leaky_relu;0,45944215002288946;0,6795210789831081;128;30,0;0,25182626251152274;False;0,019775877761271085;anova;dropout;13;1;adam;minmax
2023-12-20 01:54:32.732348;0,4626116156578064;;selu;0,365713692968161;0,6533852677245228;256;37,0;0,21126726250592331;False;0,01119084136716855;anova;dropout;14;2;adam;normalizer
2023-12-20 01:55:13.634365;0,4633091390132904;;leaky_relu;0,6019376121981728;0,6173562296242237;256;40,0;0,23054483053860925;False;0,022230210600690442;anova;dropout;16;3;adam;normalizer
2023-12-20 01:55:46.587892;0,4800502359867096;;leaky_relu;0,4526752371584733;0,8427042917068668;256;24,0;0,26479005601779193;False;0,01273554262131053;anova;dropout;15;1;adam;normalizer
2023-12-20 01:56:31.569264;0,4448939859867096;;leaky_relu;0,4199152487003449;0,8768110543465423;256;25,0;0,28447028329593105;False;0,01344786968194951;anova;dropout;15;5;adam;normalizer
2023-12-20 01:57:12.582215;0,4737723171710968;;leaky_relu;0,4646082104768649;0,8062156814299238;256;23,0;0,24610183412420344;False;0,010163364467549937;anova;dropout;18;1;adam;normalizer
2023-12-20 01:58:03.492890;0,4727957546710968;;leaky_relu;0,5237876762512099;0,8341562625103752;256;21,0;0,2655572466387495;False;0,015897301611482725;anova;dropout;11;1;adam;normalizer
2023-12-20 01:59:05.486774;0,4681919515132904;;leaky_relu;0,507392003203064;0,7728375029921739;256;29,0;0,31429807593905107;False;0,012502866305285716;anova;dropout;16;1;adam;normalizer
2023-12-20 01:59:54.897268;0,3450055718421936;;relu;;;256;27,0;;False;0,008617502381107239;anova;batchnorm;17;1;sgd;minmax
2023-12-20 02:00:24.562843;0,4635881781578064;;leaky_relu;0,4383094805457507;0,7256237235777873;256;28,0;0,29152515364669934;True;0,01823611973627928;pca;dropout;15;1;adam;normalizer
2023-12-20 02:00:54.088705;0,4599609375;;leaky_relu;0,5498530256046895;0,7453615705042216;256;33,0;0,2330904819735826;False;0,027684088649997714;anova;dropout;12;1;adam;normalizer
2023-12-20 02:01:28.273454;0,46556970477104187;;selu;0,39789892619416395;0,6983292411987139;64;32,0;0,2741432179073727;False;0,02423150915787324;anova;dropout;16;1;adam;minmax
2023-12-20 02:02:42.458336;0,4690290093421936;;leaky_relu;0,4826094645996313;0,8106574022815444;256;26,0;;False;0,007140834744198099;anova;vanilla;19;3;adam;maxabs
2023-12-20 02:03:12.151737;0,4748883843421936;;leaky_relu;0,44092580761205163;0,8256170578720192;256;24,0;0,2583699320493875;False;0,013307083798499176;anova;dropout;14;1;adam;normalizer
2023-12-20 02:03:52.675653;0,4748883843421936;;leaky_relu;0,4480745783692525;0,841184434732357;256;24,0;0,2578343477382038;False;0,013967750815563687;anova;dropout;14;1;adam;normalizer
2023-12-20 02:04:41.000752;0,47265625;;leaky_relu;0,44354942904262856;0,8836711277556973;256;24,0;0,2537817302703196;False;0,013955782486912937;anova;dropout;17;1;adam;normalizer
2023-12-20 02:05:51.611248;0,4428013265132904;;leaky_relu;0,4082711184883382;0,8429065491780148;256;22,0;0,23879513137414848;False;0,009674767904213453;anova;dropout;15;1;adam;normalizer
2023-12-20 02:06:24.542742;0,4792131781578064;;leaky_relu;0,3781553564111884;0,8598195646998299;256;27,0;0,26419154061964234;False;0,011964012890405247;anova;dropout;18;1;adam;normalizer
2023-12-20 02:07:04.074584;0,4348493218421936;;relu;0,3755272078732542;0,7940249457833424;256;30,0;0,208046884782834;False;0,010951216522224052;anova;dropout;18;1;adam;normalizer
2023-12-20 02:07:32.455632;0,47778698801994324;;leaky_relu;0,351715729187312;0,8205609736267604;16;29,0;0,2688663350591585;False;0,011887023668747384;anova;dropout;17;1;adam;normalizer
2023-12-20 02:14:08.765277;0,4606788158416748;;leaky_relu;0,29336373184983877;0,8652835503641219;16;;0,2769132299902089;False;0,011942449560219292;;dropout;18;1;adam;minmax
2023-12-20 02:19:59.547588;0,4721302390098572;;leaky_relu;0,3497544005605899;0,7763166436346647;16;31,0;0,2249268063418156;False;0,006000946440988428;anova;dropout;19;2;adam;normalizer
2023-12-20 02:25:00.975217;0,4753035306930542;;relu;0,3916456190730913;0,9172614987033096;16;29,0;0,2954255452081914;False;0,007756931464638306;anova;dropout;17;1;adam;normalizer
2023-12-20 02:31:02.335450;0,46937087178230286;;relu;0,3709405882461718;0,9267723700001308;16;27,0;0,29543970376675915;False;0,007359402781579945;anova;dropout;17;1;adam;normalizer
2023-12-20 02:36:27.407243;0,4753035306930542;;relu;0,38706973832649855;0,886393538603341;16;29,0;0,2692077832447682;False;0,00919884558427073;anova;dropout;20;1;adam;normalizer
2023-12-20 02:42:47.932835;0,47309601306915283;;relu;0,3800737467299314;0,8892914084666963;16;29,0;0,2879036133345381;False;0,008811730915224828;anova;dropout;20;1;adam;normalizer
2023-12-20 02:47:54.263407;0,47668322920799255;;relu;0,39239360594253986;0,948820223992987;16;29,0;0,2699301708618066;False;0,006780826804427354;anova;dropout;22;1;adam;normalizer
2023-12-20 02:52:59.380228;0,46854305267333984;;relu;0,3236503683456315;0,9646357692807713;16;28,0;0,3106673988351988;False;0,00663977706019275;anova;dropout;27;1;adam;normalizer
2023-12-20 02:58:25.843676;0,47350993752479553;;leaky_relu;0,4139382307961089;0,9343903496011846;16;32,0;0,2815048845376434;False;0,0050149092119963915;anova;dropout;22;1;adam;normalizer
2023-12-20 03:04:06.546527;0,41997793316841125;;selu;;;16;30,0;0,3015021444194576;False;0,005818659565853472;anova;dropout;24;1;sgd;normalizer
2023-12-20 03:10:48.707513;0,3251931667327881;;relu;0,3420552628346467;0,9817088201602272;16;34,0;0,3324557299953569;True;0,007712660552993206;anova;dropout;17;1;adam;normalizer
2023-12-20 03:15:36.801910;0,47157835960388184;;leaky_relu;0,3944211355666098;0,9408537805176396;16;31,0;0,248478437351788;False;0,0042528626232346545;anova;dropout;16;1;adam;normalizer
2023-12-20 03:25:35.861228;0,46895694732666016;;leaky_relu;0,4199864768838306;0,8603407263182307;16;28,0;0,2647363947004583;False;0,010485528718680965;anova;dropout;26;1;adam;normalizer
2023-12-20 03:30:56.789788;0,4768211841583252;;relu;0,38375110830992887;0,8987513802707893;16;29,0;0,2743819444296373;False;0,009116999730532153;anova;dropout;22;1;adam;normalizer
2023-12-20 03:37:36.292676;0,4711644649505615;;relu;0,36064604433005826;0,9169522858703544;16;29,0;0,2891018234298255;False;0,01213551419601375;anova;dropout;22;1;adam;normalizer
2023-12-20 03:44:17.082957;0,47006070613861084;;relu;0,32328917715255423;0,908139885519082;16;26,0;0,27579674478574356;False;0,016238850728655378;anova;dropout;23;1;adam;normalizer
2023-12-20 03:49:26.476788;0,4198399484157562;;relu;0,6412576635185154;0,9558616856641364;16;30,0;;False;0,006677003053155366;anova;batchnorm;23;1;adam;normalizer
2023-12-20 03:53:56.440485;0,4621128439903259;;relu;0,39259969063248534;0,8197407849094798;32;27,0;0,3096052416884328;False;0,008650298185741917;pca;dropout;21;1;adam;normalizer
2023-12-20 03:58:24.114378;0,4533664584159851;;relu;0,35568992357640034;0,8613350896840917;16;32,0;0,24164151471509757;False;0,010915984976681638;anova;dropout;17;1;adam;normalizer
2023-12-20 04:04:46.291771;0,4425223171710968;;leaky_relu;0,42379286542287053;0,8433336492551001;128;30,0;0,29592179565346965;False;0,005357531592179471;anova;dropout;16;1;adam;normalizer
2023-12-20 04:05:32.746668;0,4580574035644531;;leaky_relu;0,46431259825906146;0,8987893152070608;16;25,0;;False;0,007558163746939416;anova;vanilla;8;1;adam;normalizer
2023-12-20 04:10:14.972000;0,4503311216831207;;selu;0,37171206215813646;0,8747069595677216;16;28,0;0,26581507295753354;False;0,016174552200896215;anova;dropout;15;1;adam;normalizer
2023-12-20 04:15:56.488260;0,46916481852531433;;leaky_relu;0,6794465015930864;0,9032094593825876;64;35,0;0,2524152169219833;False;0,010034858213572986;anova;dropout;24;1;adam;maxabs
2023-12-20 04:17:24.628748;0,4729580581188202;;relu;0,38606166727141245;0,9490139234156599;16;31,0;0,2713647154146709;False;0,009060582914369257;anova;dropout;20;1;adam;normalizer
2023-12-20 04:23:30.188787;0,4699227511882782;;relu;0,403764862381519;0,8844364155844906;16;50,0;0,2802815230594525;False;0,011628372414615782;anova;dropout;21;1;adam;normalizer
2023-12-20 04:30:14.436703;0,4759933650493622;;relu;0,42457557031319226;0,9268233326535715;16;29,0;0,26699598081965203;False;0,00848794402722356;anova;dropout;22;1;adam;normalizer
2023-12-20 04:36:19.352807;0,4682671129703522;;relu;0,4307402759713105;0,9319667105459651;16;28,0;0,29685132032975536;False;0,006071492575874666;anova;dropout;22;1;adam;normalizer
2023-12-20 04:43:00.089334;0,4761313498020172;;relu;0,6154149335842317;0,9669436829585564;16;33,0;0,25705935834145077;False;0,0076191106398959246;anova;dropout;25;1;adam;normalizer
2023-12-20 04:48:28.325352;0,4705636203289032;;relu;0,6196179912221664;0,98478461154419;256;33,0;0,23956562468031425;False;0,013285094840649289;anova;dropout;25;1;adam;normalizer
2023-12-20 04:49:47.612417;0,4705636203289032;;leaky_relu;0,6474265148795064;0,9642347719415577;256;34,0;0,26309137099412355;False;0,020087315745949113;anova;dropout;28;1;adam;normalizer
2023-12-20 04:51:09.999899;0,4419642984867096;;leaky_relu;0,7026747424596256;0,8082619714467236;256;;0,22128716941045165;False;0,014702245333723586;;dropout;18;1;adam;normalizer
2023-12-20 04:51:45.546899;0,4497792422771454;;relu;0,666331583892865;0,7526290405678674;16;32,0;0,25235437521862053;False;0,017652855924547826;anova;dropout;25;1;adam;normalizer
2023-12-20 05:01:18.641253;0,3302176296710968;;leaky_relu;;;256;31,0;0,3169632893044927;True;0,009801884106082593;anova;dropout;24;1;sgd;normalizer
2023-12-20 05:01:49.174985;0,4718542993068695;;relu;0,45780795943048974;0,9294073395666131;16;29,0;0,27888551297778996;False;0,007669801454986581;anova;dropout;23;1;adam;normalizer
2023-12-20 05:09:07.157069;0,4721302390098572;;relu;0,5905188743686329;0,9504829921159239;16;27,0;0,2612576094126344;False;0,008347685126893713;anova;dropout;16;1;adam;normalizer
2023-12-20 05:15:09.856103;0,44108718633651733;;relu;0,6255151990880504;0,990103835027854;16;29,0;0,2855099401629978;False;0,01167876759620143;anova;dropout;30;1;adam;normalizer
2023-12-20 05:20:02.295264;0,4740618169307709;;relu;0,42564974928907423;0,9065451149082406;16;30,0;0,23405059926258776;False;0,00630701898472181;anova;dropout;17;1;adam;normalizer
2023-12-20 05:30:05.247219;0,478515625;;relu;0,5769319843656184;0,7829126358127458;256;26,0;0,32252535530726234;False;0,007245501298108107;anova;dropout;19;1;adam;normalizer
2023-12-20 05:30:56.262261;0,4729352593421936;;leaky_relu;0,5844645366814739;0,7882521867964303;256;25,0;0,3405811289867024;False;0,0067066220338675925;anova;dropout;19;1;adam;normalizer
2023-12-20 05:31:55.776672;0,4373604953289032;;selu;0,5660197208485851;0,7727765877091398;256;26,0;0,3069090292266085;False;0,015148147373060318;anova;dropout;18;1;adam;normalizer
2023-12-20 05:32:34.111009;0,4760044515132904;;relu;0,524742665353312;0,8275355566868551;256;27,0;0,18350331226681;False;0,004876075536707049;anova;dropout;19;1;adam;normalizer
2023-12-20 05:34:10.941059;0,3634207546710968;;leaky_relu;0,5164423197536219;0,8319675485637312;256;27,0;;False;0,004398402997123644;anova;batchnorm;19;1;adam;normalizer
2023-12-20 05:34:46.114816;0,4613560140132904;;leaky_relu;0,6095968290582134;0,7337613510759081;256;23,0;0,17669596075258567;False;0,0055016591411079065;pca;dropout;18;1;adam;normalizer
2023-12-20 05:35:16.940812;0,4409877359867096;;relu;0,5591311372477282;0,7977199995996663;256;28,0;0,19547292839361044;False;0,005075954355667756;anova;dropout;16;1;adam;normalizer
2023-12-20 05:35:55.472136;0,4501953125;;relu;0,504011163493677;0,8231727014721739;256;33,0;0,1592695843501734;False;0,04371158819705731;anova;dropout;21;1;adam;normalizer
2023-12-20 05:36:35.252513;0,4767020046710968;;relu;0,47652505356924646;0,8477590136389127;256;26,0;0,2711127727794046;False;0,009141919298533823;anova;dropout;19;1;adam;normalizer
2023-12-20 05:37:26.157275;0,4245256781578064;;relu;0,5422035666676684;0,8552222845357158;256;27,0;0,31979266321429495;False;0,012813662611227853;anova;dropout;19;1;adam;normalizer
2023-12-20 05:38:02.637702;0,4494977593421936;;relu;0,4820563190694333;0,7790988962076439;256;25,0;0,18416435642047313;False;0,0038108106971747333;anova;dropout;19;1;adam;normalizer
2023-12-20 05:38:45.519560;0,4743303656578064;;relu;0,5797945444545383;0,8004891060942788;256;26,0;0,25123866960459906;False;0,010528219058015865;anova;dropout;18;1;adam;normalizer
2023-12-20 05:39:34.825830;0,4659598171710968;;leaky_relu;0,5244474033666139;0,71088846758186;256;22,0;0,2788860462128891;False;0,01772885282371872;anova;dropout;17;1;adam;minmax
2023-12-20 05:40:18.821470;0,4574497640132904;;leaky_relu;0,4999811074469602;0,7644018361542367;256;27,0;;False;0,009660178406395733;anova;vanilla;26;1;adam;normalizer
2023-12-20 05:40:59.964474;0,4564732015132904;;relu;0,47466599007832916;0,6377517399420962;256;25,0;0,20609664964384838;False;0,02206984726625467;anova;dropout;20;1;adam;maxabs
2023-12-20 05:41:41.993351;0,47345131635665894;;leaky_relu;0,6575645456241792;0,8484411948374699;32;26,0;0,24395564960318328;False;0,007176505298326285;anova;dropout;18;1;adam;normalizer
2023-12-20 05:44:28.554866;0,4811663031578064;;relu;0,6026243856659388;0,6029967472595992;256;29,0;0,26809431292656005;False;0,008902288817653325;anova;dropout;22;1;adam;normalizer
2023-12-20 05:45:36.034237;0,470703125;;relu;0,6047611100467594;0,6022502951190596;256;30,0;0,2906559412589348;False;0,011713139825222936;anova;dropout;15;1;adam;normalizer
2023-12-20 05:47:13.569901;0,4750278890132904;;relu;0,6299375376494569;0,5833246701294378;256;28,0;0,27198321692030714;False;0,013707408868328715;anova;dropout;17;1;adam;normalizer
2023-12-20 05:48:10.298801;0,4786551296710968;;relu;0,541999019841304;0,5671325636523362;256;31,0;0,2582427363678877;False;0,008256337090845691;anova;dropout;16;1;adam;normalizer
2023-12-20 05:49:33.809391;0,4474051296710968;;relu;0,5749992706504279;0,5693888209980075;256;32,0;0,25819548136234743;False;0,009064219023589058;anova;dropout;16;1;adam;normalizer
2023-12-20 05:50:18.742789;0,4772600531578064;;relu;0,5631212720500126;0,6110342081964338;256;31,0;0,27189757095776135;False;0,011020018752091904;anova;dropout;15;1;adam;normalizer
2023-12-20 05:51:16.671620;0,4754464328289032;;relu;0,5425531899845968;0,6052805412039545;256;31,0;0,269390267662689;False;0,008111432978581367;anova;dropout;23;1;adam;normalizer
2023-12-20 05:52:13.349999;0,4524274468421936;;relu;0,5974281761680147;0,620150558107155;128;;0,23274327251175775;False;0,010024515053631496;;dropout;15;1;adam;normalizer
2023-12-20 05:53:01.610138;0,4747488796710968;;relu;0,5538190442110754;0,5553255583187022;256;33,0;0,25575619863906063;False;0,006987770969106597;anova;dropout;16;1;adam;minmax
2023-12-20 05:53:41.567337;0,3762555718421936;;relu;;;256;35,0;0,24364581463800067;False;0,011007308529451523;anova;dropout;17;1;sgd;normalizer
2023-12-20 05:54:22.403670;0,4356863796710968;;selu;0,576434290597265;0,6325101982322913;256;30,0;0,28112137821912253;False;0,012942689300903205;anova;dropout;15;1;adam;normalizer
2023-12-20 05:54:52.164472;0,4720982015132904;;relu;0,6174699063027431;0,6528986629027629;256;31,0;0,30223508957215595;False;0,015862155819826206;anova;dropout;16;1;adam;normalizer
2023-12-20 05:55:41.427063;0,4169921875;;leaky_relu;0,6382627141044888;0,5395659643923594;256;32,0;0,28836454365625597;False;0,00889071439317941;anova;dropout;16;1;adam;normalizer
2023-12-20 05:56:11.469933;0,435546875;;leaky_relu;0,6869166999395606;0,6025237699665267;256;34,0;0,2666163108039207;False;0,010734223242061166;anova;dropout;15;1;adam;normalizer
2023-12-20 05:56:50.743129;0,4684709906578064;;relu;0,4560884783854076;0,6230421620749883;256;15,0;0,2763780037829952;False;0,01276326251466838;anova;dropout;17;1;adam;normalizer
2023-12-20 05:57:33.414848;0,3433314859867096;;leaky_relu;0,6021938058522033;0,58158976031426;256;29,0;0,2589806358824016;True;0,006413266599037404;anova;dropout;14;1;adam;normalizer
2023-12-20 05:58:16.986578;0,4757254421710968;;relu;0,5600755508871182;0,6847631423094515;256;31,0;0,3023975514757102;False;0,018945938909554642;anova;dropout;16;1;adam;normalizer
2023-12-20 05:59:04.291828;0,4758020043373108;;leaky_relu;0,729045194461013;0,7453196471586837;64;29,0;0,32356048843580565;False;0,00800962261806946;anova;dropout;18;1;adam;normalizer
2023-12-20 06:00:28.010394;0,4779575765132904;;relu;0,3422280278670326;0,659360234320775;256;30,0;0,28210024731393674;False;0,01538042326114055;anova;dropout;17;1;adam;normalizer
