datetime;validation;test;activation;b1;b2;batch_size;factor_flag;learning_rate;method;mode;n_units_l1;n_units_l2;n_units_l3;n_units_l4;n_units_l5;num_hidden_layers;optim;scaler
2023-12-20 06:01:20.854201;0,459285706281662;;relu;;;32;True;0,01634429352640202;pca;dropout;16;17,0;7,0;23,0;30,0;5;sgd;maxabs
2023-12-20 06:05:11.421745;0,459285706281662;;relu;;;16;False;0,17139545336964482;pca;dropout;18;18,0;;;;2;sgd;minmax
2023-12-20 06:12:07.801849;0,25482141971588135;;leaky_relu;0,7152635642846003;0,8540829918766737;16;True;0,45302595827427133;pca;batchnorm;17;;;;;1;adam;maxabs
2023-12-20 06:18:22.660013;0,46785715222358704;;selu;0,7014868701794987;0,389889424221248;32;False;0,01215349589657677;;dropout;4;17,0;;;;2;adam;maxabs
2023-12-20 06:21:39.599226;0,459285706281662;;selu;0,9415525747881575;0,5069318837394562;32;True;0,06161384859724153;;batchnorm;8;25,0;29,0;11,0;;4;adam;maxabs
2023-12-20 06:27:32.285687;0,4609375;;relu;;;128;False;0,008086439286155264;;vanilla;23;29,0;22,0;;;3;sgd;minmax
2023-12-20 06:28:30.221299;0,4594109058380127;;relu;;;64;False;0,0051277850795651446;;dropout;8;22,0;;;;2;sgd;maxabs
2023-12-20 06:30:13.555654;0,4594109058380127;;leaky_relu;0,23094606817837554;0,6691917359306981;64;False;0,919039536876552;;batchnorm;15;14,0;10,0;;;3;adam;minmax
2023-12-20 06:32:30.610729;0,5256824493408203;;leaky_relu;0,3134782033359314;0,0769062110087067;64;False;0,07014284406364321;anova;vanilla;14;9,0;19,0;13,0;12,0;5;adam;maxabs
2023-12-20 06:34:29.754574;0,25482141971588135;;selu;;;16;True;0,21076240870884455;anova;batchnorm;7;15,0;4,0;25,0;12,0;5;sgd;maxabs
2023-12-20 06:41:38.799277;0,519903302192688;;leaky_relu;0,04555285285649552;0,01495658494881652;256;False;0,0017815232515158348;anova;vanilla;30;4,0;17,0;3,0;;4;adam;normalizer
2023-12-20 06:42:28.839149;0,519159197807312;;leaky_relu;0,021747720049238226;0,02218366502485717;256;False;0,0012225150416584616;anova;vanilla;29;4,0;18,0;3,0;;4;adam;normalizer
2023-12-20 06:43:13.525386;0,5241815447807312;;leaky_relu;0,30354283989205055;0,031180391630575566;256;False;0,05051887517270509;anova;vanilla;28;4,0;15,0;3,0;;4;adam;normalizer
2023-12-20 06:43:55.025362;0,5276580452919006;;leaky_relu;0,35771973264895046;0,1945576502783073;64;False;0,05373896683993747;anova;vanilla;23;9,0;12,0;15,0;5,0;5;adam;normalizer
2023-12-20 06:45:50.566958;0,5249640941619873;;leaky_relu;0,40560321883423245;0,2532326862670493;64;False;0,03649101261310332;anova;vanilla;22;11,0;12,0;15,0;3,0;5;adam;normalizer
2023-12-20 06:47:44.281474;0,47162356972694397;;leaky_relu;0,4659249359844989;0,27150941209763796;64;False;0,1269613010137541;anova;vanilla;23;10,0;23,0;14,0;8,0;5;adam;normalizer
2023-12-20 06:49:48.276439;0,5290948152542114;;leaky_relu;0,30385296017255353;0,14982049890553756;64;False;0,024542926240107774;anova;vanilla;11;9,0;22,0;20,0;18,0;5;adam;normalizer
2023-12-20 06:51:46.413870;0,522892415523529;;leaky_relu;0,22030504034227494;0,21487491409550863;128;False;0,022532689961487936;anova;vanilla;12;8,0;30,0;22,0;;4;adam;normalizer
2023-12-20 06:52:51.627263;0,2548491358757019;;leaky_relu;0,5449634990878881;0,4310650141205311;64;True;0,02729993916293261;anova;vanilla;20;7,0;25,0;;;3;adam;normalizer
2023-12-20 06:54:42.699221;0,5287356376647949;;selu;0,1856333236426118;0,16724046531214165;64;False;0,004304963971215388;anova;vanilla;12;12,0;13,0;29,0;22,0;5;adam;normalizer
2023-12-20 06:56:42.701088;0,5251436829566956;;selu;0,1533932970803841;0,16762744453701986;64;False;0,003710211011033319;pca;vanilla;11;;;;;1;adam;normalizer
2023-12-20 06:58:25.570361;0,5298132300376892;;selu;0,35303435236928715;0,1491270115666522;64;False;0,010295760764392705;anova;vanilla;11;13,0;14,0;30,0;23,0;5;adam;normalizer
2023-12-20 07:00:24.803082;0,53125;0,499809958190802;selu;0,14165511722403723;0,139023698295901;64;False;0,008957858858070461;anova;vanilla;11;12,0;14,0;29,0;23,0;5;adam;normalizer
2023-12-20 07:02:23.974790;0,5276580452919006;;selu;0,10428057659451459;0,2945696414987785;64;False;0,0116690684048571;anova;vanilla;4;20,0;20,0;30,0;;4;adam;normalizer
2023-12-20 07:04:19.626558;0,5214389562606812;;selu;0,25364157081002753;0,11639219332721906;128;False;0,025351618763719476;anova;vanilla;10;14,0;15,0;26,0;22,0;5;adam;normalizer
2023-12-20 07:05:24.869370;0,5287356376647949;;selu;0,16280530102858332;0,13087141228002497;64;False;0,007592131396090793;anova;vanilla;6;12,0;8,0;19,0;;4;adam;normalizer
2023-12-20 07:07:20.158112;0,3899066150188446;;selu;;;64;True;0,017224273900564822;anova;vanilla;13;6,0;26,0;27,0;22,0;5;sgd;minmax
2023-12-20 07:09:23.151244;0,5272988677024841;;selu;0,3456533760576711;0,3015206559681375;64;False;0,011546951094870946;anova;vanilla;10;13,0;15,0;19,0;;4;adam;normalizer
2023-12-20 07:11:17.441870;0,5174209475517273;;selu;0,1094482168234446;0,10513768254902715;64;False;0,002971822077445067;pca;batchnorm;9;15,0;22,0;30,0;18,0;5;adam;normalizer
2023-12-20 07:13:31.351088;0,25482141971588135;;relu;;;32;True;0,01734466723190112;anova;dropout;15;20,0;20,0;;;3;sgd;normalizer
2023-12-20 07:16:45.261085;0,4609375;;selu;0,2648779086325145;0,37103690944801004;128;False;0,006258452176633713;pca;dropout;6;6,0;9,0;22,0;28,0;5;adam;minmax
2023-12-20 07:17:53.221153;0,5298132300376892;;selu;0,17456649225428109;0,1683664646455679;64;False;0,004074602999443053;anova;vanilla;12;11,0;12,0;28,0;23,0;5;adam;normalizer
2023-12-20 07:19:53.173946;0,5287356376647949;;selu;0,13816973882579273;0,18353258392897018;64;False;0,0024848642224402687;anova;vanilla;13;11,0;13,0;27,0;26,0;5;adam;normalizer
2023-12-20 07:21:52.262809;0,5264285802841187;;selu;0,22582547122427019;0,09923050133354497;16;False;0,008299911112869346;anova;vanilla;17;16,0;16,0;28,0;19,0;5;adam;normalizer
2023-12-20 07:29:34.877804;0,5265804529190063;;relu;0,08098865451921589;0,21894988323413206;64;False;0,0054531795396315684;anova;vanilla;11;10,0;10,0;24,0;25,0;5;adam;normalizer
2023-12-20 07:31:33.831729;0,5210714340209961;;selu;0,027487988837623753;0,09025497734964304;32;False;0,014201536515924502;pca;dropout;18;19,0;3,0;19,0;;4;adam;normalizer
2023-12-20 07:35:28.219965;0,5242857336997986;;selu;;;16;True;0,009727786536119536;;batchnorm;3;17,0;5,0;9,0;15,0;5;sgd;minmax
2023-12-20 07:43:57.365459;0,5210129022598267;;selu;0,18007835521395682;0,32134009967737076;64;False;0,00657688177460119;anova;vanilla;9;13,0;6,0;30,0;;4;adam;normalizer
2023-12-20 07:45:52.199384;0,524821400642395;;relu;0,27411198639862666;0,23636382853618898;32;False;0,004145596643427586;;vanilla;16;;;;;1;adam;maxabs
2023-12-20 07:49:17.478024;0,4594109058380127;;selu;;;64;False;0,01811930196719168;anova;dropout;14;7,0;11,0;25,0;24,0;5;sgd;normalizer
2023-12-20 07:51:07.809094;0,3510044515132904;;relu;0,4301506968754151;0,15830142536911712;256;True;0,010111854108573955;pca;batchnorm;6;30,0;;;;2;adam;maxabs
2023-12-20 07:51:50.491067;0,5283764600753784;;selu;0,1944992571456958;0,16596108481363409;64;False;0,004443830049843889;anova;vanilla;12;12,0;13,0;28,0;20,0;5;adam;normalizer
2023-12-20 07:53:50.313434;0,5265804529190063;;selu;0,14483425905225308;0,06719821296216429;64;False;0,0028570520765017976;anova;vanilla;8;12,0;14,0;29,0;22,0;5;adam;normalizer
2023-12-20 07:55:50.009615;0,5256824493408203;;selu;0,34791921548066546;0,13841461767999205;64;False;0,005512620774308704;anova;vanilla;12;9,0;17,0;23,0;16,0;5;adam;normalizer
2023-12-20 07:57:47.748195;0,5274784564971924;;selu;0,20011317629343786;0,23589968233907385;64;False;0,00729783582174244;anova;vanilla;15;14,0;11,0;28,0;;4;adam;normalizer
2023-12-20 07:59:43.414340;0,5292744040489197;;selu;0,26928486428308684;0,06481025715634064;64;False;0,0020896651462013827;;vanilla;10;16,0;13,0;30,0;23,0;5;adam;minmax
2023-12-20 08:01:43.688429;0,5269643068313599;;selu;0,293618658524638;0,05877883923291978;16;False;0,0017067645025561312;;vanilla;10;16,0;8,0;;;3;adam;minmax
2023-12-20 08:08:52.380089;0,5215517282485962;;leaky_relu;;;64;False;0,013662471328443474;;vanilla;7;23,0;18,0;26,0;26,0;5;sgd;minmax
2023-12-20 08:12:07.613711;0,4594494104385376;;leaky_relu;0,25038442261334887;0,06690323668312585;256;False;0,0380237383241714;;batchnorm;9;15,0;27,0;9,0;;4;adam;minmax
2023-12-20 08:12:52.404931;0,5267600417137146;;selu;0,3861835295433587;0,016937800293041434;64;False;0,0019683274137494303;;vanilla;13;27,0;15,0;21,0;24,0;5;adam;minmax
2023-12-20 08:14:52.263713;0,25472384691238403;;leaky_relu;0,3150107162240286;0,6082361076789952;128;True;0,0031658534352648434;;vanilla;19;18,0;19,0;25,0;20,0;5;adam;maxabs
2023-12-20 08:15:54.715290;0,530351996421814;;selu;0,09055978752633308;0,1433965922782322;64;False;0,0038944568335734986;anova;vanilla;11;10,0;13,0;29,0;22,0;5;adam;normalizer
2023-12-20 08:18:02.321313;0,5204741358757019;;selu;0,0731464138249905;0,13047664638995377;64;False;0,0012474959287854701;anova;vanilla;11;11,0;11,0;30,0;23,0;5;adam;minmax
2023-12-20 08:20:00.217173;0,5283764600753784;;selu;0,015892297279783363;0,018367062200475015;64;False;0,005139979282428538;anova;vanilla;8;10,0;14,0;27,0;20,0;5;adam;normalizer
2023-12-20 08:22:59.589603;0,5276580452919006;;selu;0,11131560010288083;0,2044387455241882;64;False;0,00871107342471112;anova;vanilla;14;8,0;16,0;29,0;27,0;5;adam;normalizer
2023-12-20 08:24:59.893902;0,5281968116760254;;selu;0,24138154672670337;0,10258217280503446;64;False;0,0036807323004184973;;vanilla;11;13,0;12,0;28,0;18,0;5;adam;normalizer
2023-12-20 08:26:59.595622;0,5202945470809937;;leaky_relu;0,07260223459569974;0,26110321059540337;64;False;0,0020102598019834414;anova;vanilla;10;8,0;14,0;26,0;;4;adam;normalizer
2023-12-20 08:28:54.749728;0,5281968116760254;;selu;0,29764224057044497;0,18877689143880635;64;False;0,0066211602855474816;anova;vanilla;7;5,0;10,0;12,0;24,0;5;adam;minmax
2023-12-20 08:30:54.500639;0,5187872052192688;;selu;0,20551317327216226;0,06344051801310999;256;False;0,010008352744622903;anova;dropout;14;10,0;23,0;30,0;29,0;5;adam;maxabs
2023-12-20 08:31:59.920304;0,5205357074737549;;relu;;;32;False;0,02213065611069111;anova;vanilla;5;14,0;12,0;17,0;;4;sgd;normalizer
2023-12-20 08:37:14.281309;0,5163434147834778;;leaky_relu;0,14019568013754252;0,1409813434161234;64;False;0,002436408188936684;anova;vanilla;9;3,0;;;;2;adam;normalizer
2023-12-20 08:39:00.682259;0,5274784564971924;;selu;0,18232499760329218;0,17868195470170978;64;False;0,0048662479903278264;anova;vanilla;12;12,0;13,0;29,0;21,0;5;adam;normalizer
2023-12-20 08:41:01.305845;0,5249640941619873;;selu;0,23025375118605135;0,14601106232998384;64;False;0,00363503798024557;anova;vanilla;13;11,0;13,0;29,0;23,0;5;adam;normalizer
2023-12-20 08:43:02.588997;0,5285560488700867;;selu;0,1716138690133116;0,2164197376169215;64;False;0,004192557118829465;anova;vanilla;10;15,0;17,0;27,0;22,0;5;adam;normalizer
2023-12-20 08:45:01.147999;0,5265804529190063;;selu;0,3286633507842033;0,04450865877380704;64;False;0,007983638087804818;anova;vanilla;16;13,0;15,0;24,0;25,0;5;adam;normalizer
2023-12-20 08:47:30.780212;0,5243459343910217;;selu;0,286582870875958;0,09129864090872697;128;False;0,0129832533213877;pca;vanilla;12;9,0;9,0;29,0;13,0;5;adam;normalizer
2023-12-20 08:48:34.717662;0,359375;;selu;0,11958655063120999;0,12182952332235754;64;True;0,0065254407725367555;anova;batchnorm;11;11,0;14,0;5,0;21,0;5;adam;normalizer
2023-12-20 08:50:54.728005;0,5285714268684387;;selu;0,3750722359072974;0,2768355433732025;16;False;0,0035004100316334548;anova;vanilla;13;7,0;16,0;28,0;18,0;5;adam;normalizer
2023-12-20 08:58:35.272969;0,529633641242981;;leaky_relu;0,06152422628916167;0,21225875578384748;64;False;0,004727774228530391;;vanilla;8;17,0;12,0;30,0;;4;adam;minmax
2023-12-20 09:00:31.973147;0,5267600417137146;;leaky_relu;0,07029199315729757;0,1946501512367239;64;False;0,0024806774661526826;;vanilla;8;19,0;11,0;30,0;;4;adam;minmax
2023-12-20 09:02:26.918595;0,4594109058380127;;leaky_relu;;;64;False;0,005658113507450895;;dropout;25;17,0;9,0;26,0;;4;sgd;minmax
2023-12-20 09:04:14.251777;0,529633641242981;;leaky_relu;0,05306430937552098;0,1670821217657286;64;False;0,004627409964760723;;vanilla;9;16,0;12,0;30,0;23,0;5;adam;minmax
2023-12-20 09:06:15.144757;0,5298132300376892;;leaky_relu;0,044005616183407925;0,24179962632080848;64;False;0,004387827529331236;;vanilla;9;18,0;12,0;30,0;24,0;5;adam;minmax
2023-12-20 09:08:14.031900;0,5305315852165222;;leaky_relu;0,03243055051740776;0,2465543485663534;64;False;0,004897974545114399;;vanilla;9;18,0;12,0;30,0;30,0;5;adam;minmax
2023-12-20 09:10:14.151166;0,5276580452919006;;leaky_relu;0,05569677392309391;0,2653715991934572;64;False;0,004530130275625131;;vanilla;8;21,0;12,0;28,0;30,0;5;adam;minmax
2023-12-20 09:12:14.084560;0,529633641242981;;leaky_relu;0,040195381509039244;0,23193290892932736;64;False;0,0052824110154150936;;vanilla;7;18,0;10,0;;;3;adam;minmax
2023-12-20 09:14:06.062475;0,5276580452919006;;leaky_relu;0,09515111077515453;0,1840465553424756;64;False;0,0031865166057011315;;vanilla;9;19,0;12,0;27,0;27,0;5;adam;minmax
2023-12-20 09:16:05.885271;0,5289285778999329;;leaky_relu;0,010622912482050662;0,3397382309462349;32;False;0,00718098249311009;;vanilla;5;17,0;14,0;29,0;;4;adam;minmax
2023-12-20 09:19:53.769995;0,5179597735404968;;leaky_relu;0,03660809526483507;0,24726205821409292;64;True;0,00395209048754075;;vanilla;8;18,0;10,0;30,0;25,0;5;adam;minmax
2023-12-20 09:21:53.592964;0,529633641242981;;leaky_relu;0,09842350238942474;0,30076606115418825;64;False;0,005750214161102735;;vanilla;7;23,0;8,0;28,0;;4;adam;minmax
2023-12-20 09:23:49.402335;0,5245535969734192;;leaky_relu;0,05133093891131857;0,21909409842268837;256;False;0,008985561206956549;;batchnorm;9;20,0;11,0;30,0;30,0;5;adam;minmax
2023-12-20 09:24:35.994788;0,529633641242981;;leaky_relu;0,05195807513263422;0,23013172983176677;64;False;0,004947569365679755;;vanilla;7;18,0;12,0;27,0;28,0;5;adam;minmax
2023-12-20 09:26:36.433278;0,5283764600753784;;leaky_relu;0,0396526899166602;0,15749536369813516;64;False;0,006115619554680046;;vanilla;5;16,0;7,0;;;3;adam;minmax
2023-12-20 09:28:26.657065;0,5281968116760254;;leaky_relu;0,12574001223255338;0,11693408089726365;64;False;0,010804120041692475;;vanilla;6;21,0;10,0;;;3;adam;minmax
2023-12-20 09:30:18.813765;0,5272988677024841;;leaky_relu;0,08659957986397518;0,2746937486796115;64;False;0,0028898695359440355;;vanilla;10;15,0;13,0;;;3;adam;minmax
2023-12-20 09:32:10.564484;0,5280357003211975;;leaky_relu;0,012357596935209783;0,20343696207309522;16;False;0,007773347803533249;;vanilla;4;19,0;11,0;;;3;adam;minmax
2023-12-20 09:39:24.115423;0,5272988677024841;;leaky_relu;0,15256634603848018;0,16289228947122586;64;False;0,004693792138376822;;vanilla;11;17,0;15,0;29,0;26,0;5;adam;minmax
2023-12-20 09:41:24.330290;0,5218023061752319;;leaky_relu;0,11023079268002281;0,24226295547407575;128;False;0,003966036542351405;;vanilla;9;14,0;;;;2;adam;minmax
2023-12-20 09:42:24.870567;0,4594109058380127;;relu;;;64;False;0,005283644289987987;pca;dropout;7;18,0;9,0;;;3;sgd;maxabs
2023-12-20 09:44:06.819512;0,5269396305084229;;leaky_relu;0,06379139265416027;0,09760427903875332;64;False;0,0033519967153749076;;vanilla;6;20,0;12,0;28,0;10,0;5;adam;minmax
2023-12-20 09:46:07.424798;0,41091954708099365;;leaky_relu;0,03793182492603889;0,17595519253309416;64;True;0,006929754997302142;;vanilla;11;13,0;14,0;30,0;21,0;5;adam;minmax
2023-12-20 09:48:05.677342;0,5272988677024841;;leaky_relu;0,09222381673589217;0,3033126990129187;64;False;0,005639708859463727;;vanilla;7;24,0;10,0;;;3;adam;minmax
2023-12-20 09:49:59.509025;0,5292744040489197;;leaky_relu;0,09857144864110359;0,21610390023025136;64;False;0,00924764234350539;;vanilla;9;27,0;8,0;28,0;;4;adam;minmax
2023-12-20 09:51:56.523383;0,5285560488700867;;leaky_relu;0,14148497381021283;0,28508882642555533;64;False;0,006054146543215055;;vanilla;8;22,0;6,0;29,0;;4;adam;minmax
2023-12-20 09:53:52.099991;0,5294540524482727;;leaky_relu;0,07825414124288609;0,24942096024006966;64;False;0,004680326045483957;;vanilla;10;16,0;11,0;27,0;24,0;5;adam;minmax
2023-12-20 09:55:53.079879;0,5285560488700867;;leaky_relu;0,03814628258596623;0,13444970867505113;64;False;0,012000829068265134;;vanilla;12;14,0;8,0;25,0;28,0;5;adam;minmax
2023-12-20 09:57:52.760414;0,5289152264595032;;leaky_relu;0,12565040425737106;0,3227858096155034;64;False;0,0038937437260634492;;vanilla;8;25,0;13,0;30,0;;4;adam;minmax
2023-12-20 09:59:50.208209;0,459285706281662;;relu;0,15533660166531968;0,1970794120665635;32;False;0,007635088417743667;;vanilla;10;10,0;7,0;29,0;6,0;5;adam;maxabs
2023-12-20 10:03:46.241750;0,5244252681732178;;leaky_relu;0,06539432404430068;0,1550288357802841;64;False;0,0027377634949016763;pca;vanilla;7;21,0;;;;2;adam;minmax
2023-12-20 10:05:41.848729;0,5265804529190063;;leaky_relu;0,10676469710905281;0,22983964767486037;64;False;0,0057874808944187;;vanilla;15;12,0;10,0;;;3;adam;minmax
2023-12-20 10:07:35.546457;0,5237069129943848;;leaky_relu;0,016167140449639017;0,12185692998483896;64;False;0,003305837114798879;;batchnorm;9;11,0;16,0;26,0;19,0;5;adam;normalizer
2023-12-20 10:09:48.847712;0,5285560488700867;;leaky_relu;0,05836901371434867;0,22980710953051306;64;False;0,004492098899000269;;vanilla;6;18,0;12,0;28,0;28,0;5;adam;minmax
2023-12-20 10:11:47.653317;0,5292744040489197;;leaky_relu;0,04679899889708966;0,2568390328419074;64;False;0,005170417267945198;;vanilla;7;19,0;13,0;27,0;29,0;5;adam;minmax
2023-12-20 10:13:48.866001;0,5308908224105835;;leaky_relu;0,08355314565770655;0,17433404167494168;64;False;0,004996269566800602;;vanilla;7;18,0;14,0;29,0;26,0;5;adam;minmax
2023-12-20 10:15:49.194654;0,5241815447807312;;leaky_relu;0,17388215819024191;0,1826890893583243;256;False;0,006947371211115613;;vanilla;4;16,0;14,0;29,0;25,0;5;adam;minmax
2023-12-20 10:16:31.012425;0,5294540524482727;;leaky_relu;0,084948721486179;0,0822442170631959;64;False;0,009020332000051869;anova;vanilla;5;17,0;15,0;30,0;23,0;5;adam;minmax
2023-12-20 10:18:32.596458;0,5262212753295898;;selu;;;64;False;0,0037705255564693067;;vanilla;8;15,0;11,0;28,0;26,0;5;sgd;minmax
2023-12-20 10:21:04.298200;0,5287500023841858;;leaky_relu;0,11679561893486944;0,15440193761689625;16;False;0,006422678875675491;anova;vanilla;10;18,0;9,0;30,0;24,0;5;adam;normalizer
2023-12-20 10:29:00.291658;0,5247092843055725;;selu;0,2085044756885354;0,1950283299650289;128;False;0,004235019739952297;;dropout;11;15,0;13,0;29,0;22,0;5;adam;minmax
2023-12-20 10:30:15.756339;0,2548491358757019;;leaky_relu;0,13517568598300814;0,13324702202577038;64;True;0,00505828918131665;anova;vanilla;13;13,0;14,0;28,0;27,0;5;adam;normalizer
2023-12-20 10:32:17.544803;0,5287356376647949;;selu;0,09030417442332542;0,17397758318338669;64;False;0,008216721641686311;;vanilla;9;9,0;12,0;26,0;;4;adam;minmax
2023-12-20 10:34:17.627501;0,5287356376647949;;leaky_relu;0,03330948546912283;0,2518322077304401;64;False;0,004979859738381578;;vanilla;7;18,0;12,0;27,0;29,0;5;adam;minmax
2023-12-20 10:36:20.330392;0,5281968116760254;;leaky_relu;0,05801680041623288;0,21503729402586272;64;False;0,0033725395205787346;;vanilla;6;20,0;11,0;29,0;27,0;5;adam;minmax
2023-12-20 10:38:23.227978;0,5290948152542114;;leaky_relu;0,02647071414149504;0,23542135322466087;64;False;0,005881101961257381;;vanilla;8;17,0;13,0;30,0;25,0;5;adam;minmax
2023-12-20 10:40:24.761225;0,530351996421814;;leaky_relu;0,062293286516904585;0,27937170948161116;64;False;0,004401943733643934;;vanilla;7;19,0;12,0;29,0;23,0;5;adam;minmax
2023-12-20 10:42:26.780011;0,524604856967926;;leaky_relu;0,16222812555090974;0,20603257603146807;64;False;0,0030176920851245586;anova;vanilla;9;22,0;14,0;29,0;23,0;5;adam;normalizer
2023-12-20 10:44:28.971012;0,5260416865348816;;relu;0,07636541547653959;0,2951965665331423;64;False;0,004181252332887959;;vanilla;11;19,0;15,0;;;3;adam;minmax
2023-12-20 10:46:22.235788;0,5276580452919006;;selu;0,11117920260299688;0,2733881789120364;64;False;0,011176105556267578;pca;vanilla;12;23,0;11,0;17,0;21,0;5;adam;maxabs
2023-12-20 10:48:23.251741;0,5213721394538879;;leaky_relu;0,13238522512516748;0,11199009070493667;64;False;0,0026541380789285654;;vanilla;10;;;;;1;adam;normalizer
2023-12-20 10:50:09.502692;0,5290948152542114;;selu;0,09414588201611154;0,17071530708901922;64;False;0,0035956563093302646;anova;vanilla;3;17,0;10,0;28,0;23,0;5;adam;minmax
2023-12-20 10:52:12.280831;0,5219643115997314;;leaky_relu;;;32;False;0,006911158986410696;;batchnorm;8;19,0;13,0;30,0;22,0;5;sgd;minmax
2023-12-20 10:56:21.708729;0,5278376340866089;;leaky_relu;0,05928903777192274;0,1445873486414096;64;False;0,00434533333873443;;vanilla;7;18,0;12,0;29,0;24,0;5;adam;minmax
2023-12-20 10:58:23.763814;0,5285560488700867;;leaky_relu;0,010841480006127044;0,22599910892707503;64;False;0,00531427135248021;;vanilla;7;20,0;12,0;27,0;26,0;5;adam;minmax
2023-12-20 11:00:25.790779;0,529633641242981;;leaky_relu;0,04426753217237257;0,19444352443667434;64;False;0,004801471464026999;;vanilla;6;16,0;9,0;28,0;28,0;5;adam;minmax
2023-12-20 11:02:28.099578;0,5287356376647949;;leaky_relu;0,07802548466271746;0,2685108979819591;64;False;0,0061833072361814345;;vanilla;5;18,0;12,0;30,0;24,0;5;adam;minmax
2023-12-20 11:04:29.538618;0,5262212753295898;;leaky_relu;0,03872529729052997;0,2433816049956289;64;False;0,0022967308104155913;;vanilla;9;11,0;14,0;29,0;25,0;5;adam;minmax
2023-12-20 11:06:30.627014;0,5269396305084229;;leaky_relu;0,06398909030729066;0,16447125452855077;64;False;0,003015308375455612;anova;vanilla;7;10,0;13,0;27,0;20,0;5;adam;normalizer
2023-12-20 11:08:31.876244;0,5249255895614624;;selu;0,11070449159720631;0,21242762934928308;256;False;0,00782758251856191;;vanilla;8;12,0;11,0;28,0;30,0;5;adam;minmax
2023-12-20 11:09:19.328128;0,5287356376647949;;leaky_relu;0,027173004564861075;0,34317345226792184;64;False;0,003690038872632054;;vanilla;6;27,0;10,0;30,0;;4;adam;normalizer
2023-12-20 11:11:16.506929;0,5195761322975159;;selu;0,14749370208302354;0,2868450650363656;64;True;0,005466989652797608;anova;dropout;10;17,0;15,0;26,0;23,0;5;adam;minmax
2023-12-20 11:13:25.379046;0,528161346912384;;leaky_relu;0,09041977690030523;0,14571747038131883;128;False;0,009733579848796583;;vanilla;21;19,0;13,0;;;3;adam;minmax
2023-12-20 11:14:31.288234;0,5267600417137146;;leaky_relu;0,04820454631814251;0,1882562570926407;64;False;0,004571740255232171;;vanilla;6;16,0;9,0;28,0;28,0;5;adam;minmax
2023-12-20 11:16:32.912257;0,5289152264595032;;leaky_relu;0,056403855391850735;0,2044106836641601;64;False;0,004750272614457048;;vanilla;5;16,0;6,0;29,0;28,0;5;adam;minmax
2023-12-20 11:18:35.848219;0,5272988677024841;;leaky_relu;0,026882341645356102;0,11430579409084798;64;False;0,003972945397541003;;vanilla;6;18,0;8,0;28,0;29,0;5;adam;minmax
2023-12-20 11:20:36.645377;0,5290948152542114;;leaky_relu;0,07680758276215144;0,19178887268688583;64;False;0,005930973040646486;;vanilla;7;17,0;11,0;30,0;26,0;5;adam;minmax
2023-12-20 11:22:37.285297;0,5299928188323975;;leaky_relu;0,12518966319994565;0,2540953713716383;64;False;0,005058168234980857;;vanilla;8;16,0;12,0;29,0;27,0;5;adam;minmax
2023-12-20 11:24:37.871709;0,5258928537368774;;leaky_relu;0,18097235654912314;0,23193339215121705;16;False;0,006769826499801349;;vanilla;8;18,0;12,0;29,0;22,0;5;adam;normalizer
2023-12-20 11:32:26.655077;0,5256824493408203;;relu;0,12619303518150743;0,30637158768808337;64;False;0,0033672107987187693;anova;vanilla;9;14,0;13,0;30,0;25,0;5;adam;minmax
2023-12-20 11:34:28.906342;0,5292744040489197;;selu;0,10247543330572281;0,2579239448720848;64;False;0,008262834143164699;;vanilla;8;15,0;12,0;27,0;27,0;5;adam;minmax
2023-12-20 11:37:24.659006;0,5188577771186829;;leaky_relu;0,15983046945374207;0,276690758323325;64;False;0,004136115103778487;pca;vanilla;11;19,0;14,0;29,0;21,0;5;adam;normalizer
2023-12-20 11:39:29.055418;0,522988498210907;;leaky_relu;0,1279172978628782;0,17109118728698;64;False;0,00544740762304443;anova;vanilla;10;17,0;11,0;;;3;adam;maxabs
2023-12-20 11:41:23.981243;0,5281968116760254;;leaky_relu;0,04781304984349403;0,21796110476846783;64;False;0,00476009437651845;;vanilla;4;16,0;10,0;28,0;29,0;5;adam;minmax
2023-12-20 11:43:24.401644;0,5292744040489197;;leaky_relu;0,07487135961909236;0,24822286213030953;64;False;0,004802318899757755;;vanilla;6;16,0;7,0;15,0;27,0;5;adam;minmax
2023-12-20 11:45:26.008174;0,5287356376647949;;leaky_relu;0,0950177500748082;0,18843614634424322;64;False;0,01525747749962195;;vanilla;8;12,0;9,0;25,0;26,0;5;adam;minmax
2023-12-20 11:47:34.916349;0,5283764600753784;;leaky_relu;0,03745422504985825;0,1384387160806209;64;False;0,006138746726070952;;vanilla;7;10,0;13,0;29,0;28,0;5;adam;minmax
2023-12-20 11:49:38.014842;0,5290948152542114;;leaky_relu;0,014899956299418683;0,09779190658336523;64;False;0,0030390927697729743;;vanilla;9;21,0;12,0;30,0;24,0;5;adam;minmax
2023-12-20 11:51:40.902343;0,5215517282485962;;selu;;;64;False;0,003696486546243614;;batchnorm;12;15,0;16,0;28,0;30,0;5;sgd;minmax
2023-12-20 11:53:52.198259;0,5281968116760254;;leaky_relu;0,19249845685116285;0,1586711563186758;64;False;0,007288081678196806;;vanilla;7;20,0;11,0;10,0;3,0;5;adam;minmax
2023-12-20 11:55:53.853395;0,5251436829566956;;leaky_relu;0,22239457168666482;0,20018587087606723;64;False;0,005090375097052742;anova;vanilla;6;18,0;9,0;27,0;23,0;5;adam;normalizer
2023-12-20 11:57:54.913804;0,5285714268684387;;selu;0,05961073519352331;0,26027129069333904;32;False;0,004434935033183047;;vanilla;8;26,0;14,0;29,0;16,0;5;adam;minmax
2023-12-20 12:01:49.162789;0,4096623659133911;;leaky_relu;0,11415792234458566;0,2282434305724012;64;True;0,0027492825168745575;;vanilla;9;17,0;10,0;7,0;24,0;5;adam;minmax
2023-12-20 12:03:49.400416;0,5289152264595032;;leaky_relu;0,06957513551992908;0,24178521056138252;64;False;0,004304389560463991;;vanilla;10;16,0;12,0;28,0;22,0;5;adam;minmax
2023-12-20 12:05:49.635934;0,5285560488700867;;leaky_relu;0,07843887744915412;0,29006951424894967;64;False;0,0054435239167770775;;vanilla;10;13,0;11,0;27,0;23,0;5;adam;minmax
2023-12-20 12:07:51.007258;0,5292744040489197;;leaky_relu;0,09709291172582243;0,1711780969224035;64;False;0,0034457966330535324;;vanilla;27;16,0;8,0;20,0;25,0;5;adam;minmax
2023-12-20 12:09:45.777686;0,5280172228813171;;leaky_relu;0,042559444607711654;0,21559642862030798;64;False;0,00647108821356012;;vanilla;11;17,0;11,0;30,0;24,0;5;adam;minmax
2023-12-20 12:11:47.975295;0,5287356376647949;;leaky_relu;0,13967568329229405;0,3106398665005379;64;False;0,004776790361159691;;vanilla;9;19,0;13,0;26,0;25,0;5;adam;minmax
2023-12-20 12:13:48.525883;0,524784505367279;;leaky_relu;0,08553165753720876;0,12938664751564866;64;False;0,00400897446266818;anova;vanilla;11;9,0;12,0;;;3;adam;normalizer
2023-12-20 12:15:41.494489;0,523886501789093;;selu;0,029067111528181654;0,25519302222172713;64;False;0,005605840226551859;;dropout;7;15,0;11,0;29,0;21,0;5;adam;minmax
2023-12-20 12:18:26.554227;0,5289152264595032;;leaky_relu;0,05524270892857223;0,41304355282039457;64;False;0,007028523998871199;;vanilla;10;11,0;10,0;29,0;28,0;5;adam;minmax
2023-12-20 12:20:26.162205;0,5226934552192688;;leaky_relu;0,010733084105954908;0,2743743458903585;256;False;0,009022595267578037;anova;vanilla;12;14,0;28,0;24,0;27,0;5;adam;normalizer
2023-12-20 12:21:19.870499;0,530351996421814;;selu;0,16399079944380485;0,08024262429497474;64;False;0,0038288334482334888;;vanilla;8;18,0;14,0;30,0;19,0;5;adam;minmax
2023-12-20 12:23:21.420409;0,5290948152542114;;selu;0,16184742703533642;0,07467747889847809;64;False;0,0035322962065667818;;vanilla;8;18,0;14,0;30,0;19,0;5;adam;minmax
2023-12-20 12:25:22.708174;0,5305315852165222;;selu;0,24115862946075117;0,08549551321362223;64;False;0,004777766177503144;;vanilla;7;17,0;15,0;30,0;22,0;5;adam;minmax
2023-12-20 12:27:24.487354;0,5285560488700867;;selu;0,20216282282612666;0,07852974218471545;64;False;0,004081977026340676;;vanilla;7;17,0;15,0;30,0;20,0;5;adam;minmax
2023-12-20 12:29:26.592540;0,529633641242981;;selu;0,1193834336081176;0,11456503176083498;64;False;0,005085953349083719;;vanilla;5;18,0;15,0;30,0;22,0;5;adam;minmax
2023-12-20 12:31:51.281843;0,5254360437393188;;selu;0,26998127456630383;0,05228326060392092;128;False;0,003125647341101191;;vanilla;8;29,0;16,0;29,0;23,0;5;adam;minmax
2023-12-20 12:32:57.945563;0,5285560488700867;;selu;0,2363842962364936;0,04303012795630156;64;False;0,006221918771874143;;vanilla;6;19,0;14,0;30,0;21,0;5;adam;minmax
2023-12-20 12:34:58.608169;0,5285714268684387;;selu;0,1764161316465024;0,09483077677268147;16;False;0,004006699747321062;;vanilla;18;17,0;17,0;28,0;19,0;5;adam;minmax
2023-12-20 12:42:41.266427;0,5251436829566956;;selu;0,24752166077364754;0,14795783296556578;64;False;0,004592138912179721;anova;vanilla;7;18,0;13,0;29,0;22,0;5;adam;normalizer
2023-12-20 12:44:43.933663;0,49802443385124207;;selu;;;64;False;0,002652434163587845;pca;vanilla;8;19,0;13,0;29,0;23,0;5;sgd;maxabs
2023-12-20 12:48:03.902989;0,5269396305084229;;selu;0,14400167945742426;0,13121871901361742;64;False;0,005385115067705548;;vanilla;9;18,0;14,0;30,0;;4;adam;minmax
2023-12-20 12:50:02.207955;0,5294540524482727;;selu;0,11880298108500753;0,11615929979633538;64;False;0,00528716049790595;;vanilla;5;18,0;15,0;30,0;22,0;5;adam;minmax
2023-12-20 12:52:26.689389;0,5271192789077759;;selu;0,10914650682831324;0,10026388609382847;64;False;0,0047862403753139325;;vanilla;6;17,0;15,0;30,0;17,0;5;adam;minmax
2023-12-20 12:54:30.048139;0,5298132300376892;;selu;0,15643141368826696;0,18136918867242752;64;False;0,006013469704944129;;vanilla;7;20,0;14,0;29,0;22,0;5;adam;minmax
2023-12-20 12:56:32.038471;0,5272988677024841;;selu;0,18926674839619978;0,1815852220880549;64;False;0,005975742909286409;;vanilla;7;20,0;;;;2;adam;minmax
2023-12-20 12:58:22.405076;0,5287356376647949;;selu;0,2209205910710279;0,15939360470501907;64;False;0,007956201584244756;;vanilla;7;22,0;14,0;28,0;21,0;5;adam;minmax
2023-12-20 13:00:25.056751;0,5188577771186829;;relu;0,1402574925612564;0,21243598971417252;64;False;0,0035203886933817233;;batchnorm;8;20,0;12,0;29,0;24,0;5;adam;minmax
2023-12-20 13:02:35.306774;0,5283764600753784;;selu;0,3232729243826344;0,19442993410301498;64;False;0,006926482872362434;;vanilla;7;19,0;13,0;28,0;29,0;5;adam;normalizer
2023-12-20 13:04:35.684675;0,5285560488700867;;selu;0,16809765075130237;0,17642193249615087;64;False;0,012002689771359248;anova;vanilla;6;11,0;;;;2;adam;minmax
2023-12-20 13:06:26.386314;0,2548491358757019;;selu;0,352261725038672;0,23231279616878306;64;True;0,010523309753661616;;vanilla;9;23,0;14,0;29,0;14,0;5;adam;minmax
2023-12-20 13:08:29.587352;0,5281968116760254;;leaky_relu;0,07083157870052417;0,15030896862217938;64;False;0,004331584961073901;;vanilla;8;16,0;12,0;29,0;;4;adam;minmax
2023-12-20 13:10:27.939845;0,5290948152542114;;selu;0,09937501565772403;0,12579686723855363;64;False;0,005055561565226347;;vanilla;5;18,0;16,0;30,0;22,0;5;adam;minmax
2023-12-20 13:12:28.546494;0,5305315852165222;;selu;0,1571020434450832;0,02796664393140623;64;False;0,005841327741407145;;vanilla;6;18,0;14,0;30,0;22,0;5;adam;minmax
2023-12-20 13:14:28.892414;0,5283764600753784;;selu;0,14763612847559793;0,01297706180630731;64;False;0,006083592289260771;;vanilla;6;17,0;13,0;28,0;23,0;5;adam;minmax
2023-12-20 13:16:31.075014;0,5298132300376892;;selu;0,20733709160596497;0,028413518674223655;64;False;0,00442920884311193;;vanilla;7;19,0;14,0;30,0;20,0;5;adam;minmax
2023-12-20 13:18:32.824344;0,530351996421814;;selu;0,19146562185117777;0,029387851985630126;64;False;0,0038605376147962797;;vanilla;7;19,0;15,0;30,0;20,0;5;adam;minmax
2023-12-20 13:20:33.000882;0,5280357003211975;;selu;0,18640668393056492;0,06367458264433618;32;False;0,003814586465938964;;vanilla;8;21,0;15,0;30,0;20,0;5;adam;normalizer
2023-12-20 13:24:59.095207;0,5249640941619873;;selu;0,21173729434366978;0,03474349499141921;64;False;0,003044457932599216;anova;vanilla;7;19,0;14,0;30,0;18,0;5;adam;minmax
2023-12-20 13:27:00.399941;0,4594109058380127;;selu;0,20181621642756828;0,03641088612877724;64;False;0,0038822974082467457;;dropout;8;19,0;15,0;29,0;21,0;5;adam;minmax
2023-12-20 13:28:58.568814;0,5278376340866089;;selu;0,16738914548782524;0,03167182185750449;64;False;0,019855850949523544;;vanilla;9;20,0;14,0;30,0;20,0;5;adam;minmax
2023-12-20 13:31:01.074525;0,5251436829566956;;selu;0,2565317481846152;0,07878472378304043;64;False;0,014711192214660338;;vanilla;7;18,0;16,0;29,0;22,0;5;adam;normalizer
2023-12-20 13:33:47.874274;0,5298132300376892;;selu;0,22016406050908435;0,04795208374344201;64;False;0,004273037101719741;;vanilla;7;19,0;13,0;30,0;23,0;5;adam;minmax
2023-12-20 13:35:51.099612;0,5289152264595032;;selu;0,23825164016425993;0,05205975709905858;64;False;0,004357499812335725;;vanilla;6;18,0;13,0;30,0;23,0;5;adam;minmax
2023-12-20 13:37:52.934644;0,529633641242981;;selu;0,22283408437047422;0,015105674823445804;64;False;0,0032864797271495733;;vanilla;7;19,0;14,0;30,0;22,0;5;adam;minmax
2023-12-20 13:40:42.421840;0,5285560488700867;;selu;0,18743511507491117;0,05704474964056322;64;False;0,005722952806426118;;vanilla;8;19,0;13,0;29,0;21,0;5;adam;minmax
2023-12-20 13:42:44.195730;0,529633641242981;;selu;0,1542227243403163;0,021038640470733116;64;False;0,004267235632299624;;vanilla;7;20,0;13,0;30,0;24,0;5;adam;minmax
2023-12-20 13:45:47.756062;0,5235273241996765;;selu;0,280045164149429;0,04305877968808523;64;False;0,007648481590073106;anova;vanilla;6;19,0;14,0;29,0;23,0;5;adam;minmax
2023-12-20 13:47:49.903829;0,5258556604385376;;selu;0,1955113999552099;0,07274354963963482;256;False;0,0038131867852315413;;vanilla;8;20,0;15,0;30,0;19,0;5;adam;minmax
2023-12-20 13:48:32.784909;0,5290948152542114;;selu;0,20857439665001115;0,0914071191933204;64;False;0,006441773269693697;;vanilla;8;12,0;4,0;29,0;23,0;5;adam;minmax
2023-12-20 13:50:34.945362;0,5274784564971924;;selu;0,4216015822110425;0,029651034535441274;64;False;0,005590791150649195;;vanilla;7;18,0;12,0;30,0;24,0;5;adam;normalizer
