datetime;validation;test;activation;batch_size;factor_flag;learning_rate;method;mode;momentum;n_units_l1;n_units_l2;n_units_l3;nesterov;num_hidden_layers;optim;scaler
2023-12-19 18:50:24.725473;0,5127667784690857;;leaky_relu;128;False;0,001278626514476353;;dropout;;26;;;;1;adam;maxabs
2023-12-19 18:51:04.066315;0,4594131112098694;;selu;32;False;0,0015643077161259188;pca;dropout;0,6391016604840736;19;17,0;12,0;True;5;sgd;maxabs
2023-12-19 18:52:52.414567;0,4594131112098694;;selu;128;False;0,008155798792529844;anova;dropout;0,007206567865409675;9;6,0;11,0;False;5;sgd;minmax
2023-12-19 18:53:25.922860;0,5302051901817322;;selu;16;False;0,6875024315746125;;vanilla;0,03506479996134949;16;29,0;8,0;True;4;sgd;maxabs
2023-12-19 18:57:02.776060;0,3012576103210449;;selu;128;True;0,014844151467560783;pca;batchnorm;0,0024830362101424916;19;18,0;17,0;True;5;sgd;maxabs
2023-12-19 18:57:47.771344;0,2522865831851959;;selu;64;True;0,11829468184207152;pca;dropout;0,001177200005585744;19;7,0;29,0;True;4;sgd;minmax
2023-12-19 18:58:46.209256;0,2522796392440796;;relu;16;False;0,2578399933678763;pca;dropout;;14;22,0;28,0;;5;adam;normalizer
2023-12-19 19:02:48.615103;0,3530868887901306;;selu;128;True;0,0016669868134760518;;dropout;;5;;;;1;adam;normalizer
2023-12-19 19:03:40.420263;0,2515625059604645;;leaky_relu;256;True;0,1782144404746063;;dropout;;25;25,0;14,0;;5;adam;minmax
2023-12-19 19:04:04.688677;0,4594131112098694;;selu;32;True;0,07006413913974467;pca;dropout;0,47765710342306705;4;27,0;12,0;False;4;sgd;minmax
2023-12-19 19:05:48.782059;0,4597264528274536;;relu;16;False;0,9240504834516288;anova;vanilla;0,04802442426571879;30;29,0;3,0;True;3;sgd;maxabs
2023-12-19 19:09:18.488264;0,5277355909347534;;leaky_relu;16;False;0,022141599650002633;;vanilla;;25;;;;1;adam;maxabs
2023-12-19 19:13:37.391073;0,5319148898124695;;leaky_relu;16;False;0,03448985471442835;;vanilla;;13;13,0;;;2;adam;maxabs
2023-12-19 19:18:21.756720;0,46067628264427185;;leaky_relu;16;False;0,8455931186794909;;vanilla;;13;12,0;;;2;adam;maxabs
2023-12-19 19:22:22.389251;0,522606372833252;;leaky_relu;16;False;0,04778089193394614;;vanilla;0,03724323622292047;10;12,0;4,0;True;3;sgd;maxabs
2023-12-19 19:26:22.156238;0,46210938692092896;;relu;256;False;0,39016786865860553;;vanilla;;15;12,0;;;2;adam;maxabs
2023-12-19 19:26:48.460361;0,4594131112098694;;leaky_relu;64;False;0,08707107476777436;anova;batchnorm;;11;21,0;;;2;adam;normalizer
2023-12-19 19:27:48.417042;0,5315349698066711;;selu;16;False;0,35622406234778026;;vanilla;0,10469432336165622;8;30,0;21,0;False;4;sgd;maxabs
2023-12-19 19:31:21.876932;0,4599164128303528;;leaky_relu;16;False;0,30869203274153423;;vanilla;;6;3,0;22,0;;3;adam;maxabs
2023-12-19 19:35:01.234250;0,5197568535804749;;relu;16;False;0,03956666058708453;;vanilla;0,23354903371087182;9;15,0;21,0;False;3;sgd;normalizer
2023-12-19 19:40:29.607196;0,5142911672592163;;leaky_relu;32;False;0,15985417783562908;anova;batchnorm;0,1551761733432978;3;22,0;;False;2;sgd;maxabs
2023-12-19 19:42:25.579571;0,5300151705741882;;selu;16;False;0,4567739968664585;;vanilla;0,013252137610932305;17;30,0;8,0;False;4;sgd;maxabs
2023-12-19 19:45:59.693762;0,5296352505683899;;selu;16;False;0,5163029432074333;;vanilla;0,08986147536413011;7;26,0;19,0;True;4;sgd;maxabs
2023-12-19 19:49:36.805306;0,5326747894287109;;selu;16;False;0,20818449783517143;;vanilla;0,02053845439714151;13;28,0;24,0;False;4;sgd;maxabs
2023-12-19 19:53:11.150829;0,5328647494316101;;selu;16;False;0,19153947644001326;;vanilla;0,012757925127362563;12;24,0;25,0;False;4;sgd;maxabs
2023-12-19 19:56:44.521220;0,5325838327407837;;selu;64;False;0,1651806242138402;;vanilla;0,013735561002245282;12;24,0;25,0;False;3;sgd;maxabs
2023-12-19 19:57:40.166159;0,2522865831851959;;selu;64;True;0,19701341910444298;;vanilla;0,012067512229310951;12;24,0;26,0;False;3;sgd;maxabs
2023-12-19 19:58:36.916653;0,5301067233085632;;selu;64;False;0,10708462193277163;;batchnorm;0,015343647121786168;22;20,0;25,0;False;4;sgd;maxabs
2023-12-19 19:59:40.208365;0,5268673896789551;;selu;64;False;0,22262551256562532;anova;vanilla;0,00595872421998206;17;24,0;24,0;False;3;sgd;minmax
2023-12-19 20:00:35.941863;0,514843761920929;;selu;256;False;0,07159953581806984;;vanilla;0,022642116191967706;11;27,0;30,0;False;4;sgd;normalizer
2023-12-19 20:01:39.516132;0,53125;;selu;64;False;0,13585455865839008;;vanilla;0,006012125015069269;21;19,0;27,0;False;4;sgd;maxabs
2023-12-19 20:02:39.478392;0,5218465328216553;;leaky_relu;16;False;0,13390843936864283;;vanilla;;13;15,0;;;2;adam;maxabs
2023-12-19 20:07:07.942259;0,4594131112098694;;selu;32;False;0,26905136066434204;;vanilla;;15;23,0;23,0;;3;adam;maxabs
2023-12-19 20:09:11.615404;0,5302051901817322;;selu;16;False;0,060172593907270054;;vanilla;0,026570739043178394;12;;;False;1;sgd;maxabs
2023-12-19 20:12:32.497366;0,5282012224197388;;selu;128;False;0,03237587974317517;;vanilla;0,05696849564165099;9;16,0;;False;2;sgd;maxabs
2023-12-19 20:13:20.006939;0,527629554271698;;relu;64;False;0,08362095729935909;;vanilla;0,01870620755422305;14;27,0;18,0;False;5;sgd;maxabs
2023-12-19 20:14:36.329743;0,5195668935775757;;selu;16;False;0,04559228944248404;pca;batchnorm;0,00926912226038567;17;11,0;25,0;False;3;sgd;maxabs
2023-12-19 20:18:05.862461;0,5282012224197388;;leaky_relu;128;True;0,09993810874146583;;vanilla;;11;17,0;20,0;;5;adam;minmax
2023-12-19 20:19:17.309976;0,5235562324523926;;selu;16;False;0,23223125506607722;pca;vanilla;0,004210953489718761;15;25,0;27,0;False;3;sgd;maxabs
2023-12-19 20:22:47.418946;0,46210938692092896;;selu;256;False;0,4954547822287035;anova;dropout;0,016190806909178797;18;8,0;15,0;False;4;sgd;maxabs
2023-12-19 20:23:11.264617;0,5232469439506531;;selu;32;True;0,1669442607888821;;batchnorm;;20;;;;1;adam;normalizer
2023-12-19 20:24:59.146904;0,5298252105712891;;selu;16;False;0,31690149480112356;;vanilla;0,07902453762650215;8;29,0;23,0;False;4;sgd;maxabs
2023-12-19 20:28:34.747102;0,2522796392440796;;selu;16;False;0,65519982794907;;vanilla;0,025713092948549267;6;30,0;21,0;False;4;sgd;maxabs
2023-12-19 20:32:08.709230;0,531154990196228;;selu;16;False;0,12927158011676607;;vanilla;0,010212271436126803;8;28,0;23,0;False;5;sgd;maxabs
2023-12-19 20:35:48.748815;0,5309650301933289;;selu;16;False;0,36723694224368136;;vanilla;0,03188318613659065;13;26,0;25,0;False;4;sgd;minmax
2023-12-19 20:39:24.208429;0,521276593208313;;relu;16;False;0,2111122139089547;pca;dropout;0,01880920848347399;10;28,0;20,0;False;4;sgd;maxabs
2023-12-19 20:43:33.027119;0,2522865831851959;;leaky_relu;128;True;0,5861592228084894;;vanilla;0,05797777929628743;14;14,0;28,0;False;5;sgd;maxabs
2023-12-19 20:44:08.052160;0,5304877758026123;;selu;64;False;0,022610169780962593;;vanilla;;12;19,0;17,0;;3;adam;maxabs
2023-12-19 20:45:26.410983;0,5283054709434509;;leaky_relu;16;False;0,3463807933596728;;vanilla;0,008670154425170338;10;30,0;;False;2;sgd;maxabs
2023-12-19 20:48:52.965420;0,4597264528274536;;selu;16;False;0,9213697636058213;pca;dropout;;30;9,0;22,0;;4;adam;minmax
2023-12-19 20:53:08.546724;0,46210938692092896;;relu;256;False;0,008859476852303368;anova;vanilla;0,03870020574851045;16;25,0;29,0;False;3;sgd;normalizer
2023-12-19 20:53:31.126148;0,5302972793579102;;selu;64;False;0,15015513297320274;;vanilla;0,005623005462414062;22;19,0;27,0;False;4;sgd;maxabs
2023-12-19 20:54:29.517294;0,5314405560493469;;selu;64;False;0,11564810620938665;;vanilla;0,0043472292010072935;14;22,0;26,0;False;4;sgd;maxabs
2023-12-19 20:55:27.576337;0,5308688879013062;;selu;64;False;0,2607555955674434;;vanilla;0,0029844921722548406;14;23,0;24,0;False;5;sgd;maxabs
2023-12-19 20:56:26.179381;0,5327743887901306;;selu;64;False;0,17797504936635855;;vanilla;0,012260725177548448;9;21,0;25,0;True;4;sgd;maxabs
2023-12-19 20:57:22.687858;0,5306783318519592;;leaky_relu;64;False;0,3736332030493943;;vanilla;0,012231349881205972;8;21,0;24,0;True;4;sgd;maxabs
2023-12-19 20:58:22.965486;0,2879939079284668;;selu;16;True;0,19094409268523674;;vanilla;;5;28,0;30,0;;4;adam;maxabs
2023-12-19 21:02:17.614004;0,5230563879013062;;selu;32;False;0,281620946355179;;batchnorm;0,02125625135211499;11;26,0;21,0;True;3;sgd;maxabs
2023-12-19 21:04:07.462899;0,4597264528274536;;selu;16;False;0,44889532985223785;;vanilla;0,009065899377715993;7;24,0;;True;2;sgd;maxabs
2023-12-19 21:08:12.685369;0,5299161672592163;;leaky_relu;64;False;0,17571801165239925;;vanilla;0,013971804951814123;10;13,0;19,0;True;5;sgd;maxabs
2023-12-19 21:09:18.829945;0,4597264528274536;;selu;16;False;0,6830900850884851;anova;dropout;;9;4,0;15,0;;4;adam;normalizer
2023-12-19 21:13:17.928431;0,5310594439506531;;selu;64;False;0,11094724964802964;;vanilla;0,006913032222386769;12;22,0;26,0;True;4;sgd;maxabs
2023-12-19 21:14:15.987148;0,5274389982223511;;selu;64;False;0,08833607584537986;;vanilla;0,0018094706173017643;13;21,0;26,0;True;4;sgd;maxabs
2023-12-19 21:15:14.626875;0,5299161672592163;;selu;64;False;0,1258811098840512;;vanilla;0,003617397837267234;16;23,0;28,0;False;4;sgd;maxabs
2023-12-19 21:16:12.723188;0,5325838327407837;;selu;64;False;0,22145378937998358;;vanilla;0,03787059776674486;15;18,0;22,0;True;4;sgd;maxabs
2023-12-19 21:17:10.678815;0,5339176654815674;;selu;64;False;0,2182209260936613;;vanilla;0,03095452594752667;15;18,0;22,0;True;4;sgd;maxabs
2023-12-19 21:18:09.206670;0,5327743887901306;;selu;64;False;0,2514846300162206;;vanilla;0,039445580076859076;18;16,0;22,0;True;3;sgd;maxabs
2023-12-19 21:19:06.725398;0,5331555008888245;;selu;64;False;0,22632715192817085;;vanilla;0,03582108324888612;20;17,0;23,0;True;3;sgd;maxabs
2023-12-19 21:20:01.435121;0,43140244483947754;;selu;64;True;0,1659822863904855;;vanilla;0,02512571035162271;19;16,0;23,0;True;3;sgd;minmax
2023-12-19 21:20:58.109404;0,5341082215309143;;selu;64;False;0,284804072128777;;vanilla;0,0314851482664372;20;18,0;24,0;True;3;sgd;maxabs
2023-12-19 21:21:56.424637;0,5232469439506531;;selu;64;False;0,2781988200703168;pca;vanilla;0,04482896877577539;24;18,0;24,0;True;3;sgd;maxabs
2023-12-19 21:22:53.283826;0,5344893336296082;;selu;64;False;0,2362397840625385;;vanilla;0,02700954552079624;20;17,0;25,0;True;3;sgd;maxabs
2023-12-19 21:23:49.785070;0,5346798896789551;0,499809958190802;selu;64;False;0,2290483071375232;;vanilla;0,030973930017769324;20;17,0;25,0;True;3;sgd;maxabs
2023-12-19 21:24:47.101390;0,5293444991111755;;selu;64;False;0,4241975384589024;;vanilla;0,031267571000319065;20;17,0;22,0;True;3;sgd;maxabs
2023-12-19 21:25:43.216075;0,5323932766914368;;selu;64;False;0,30073777559589826;;vanilla;0,03050569908623894;23;15,0;25,0;True;3;sgd;maxabs
2023-12-19 21:26:40.300927;0,5329649448394775;;selu;64;False;0,24156588745444466;;vanilla;0,049096276445496786;18;18,0;10,0;True;3;sgd;maxabs
2023-12-19 21:27:39.153975;0,5306783318519592;;selu;64;False;0,19166021381728554;;batchnorm;0,052082656641196066;20;20,0;10,0;True;3;sgd;maxabs
2023-12-19 21:28:41.797330;0,5310594439506531;;relu;64;False;0,14819704990980445;;vanilla;0,017061964343188286;21;20,0;13,0;True;3;sgd;maxabs
2023-12-19 21:29:38.148693;0,5310594439506531;;selu;64;False;0,32521003646053137;;vanilla;0,025114869756653876;18;17,0;7,0;True;3;sgd;maxabs
2023-12-19 21:30:36.230546;0,5308688879013062;;selu;64;False;0,5462695969423357;;vanilla;0,06618414688448807;21;18,0;27,0;True;3;sgd;maxabs
2023-12-19 21:31:32.380764;0,5253430008888245;;selu;64;False;0,4099407122401695;anova;vanilla;0,04597395630377642;28;18,0;6,0;True;3;sgd;normalizer
2023-12-19 21:32:29.085996;0,5335366129875183;;selu;64;False;0,2680594977495854;;vanilla;0,040997386566873344;18;14,0;23,0;True;3;sgd;maxabs
2023-12-19 21:33:27.083632;0,5320122241973877;;selu;64;False;0,23672163044068398;;vanilla;0,03428597131902399;19;15,0;23,0;True;3;sgd;maxabs
2023-12-19 21:34:24.414589;0,5297256112098694;;selu;64;False;0,1978857174299023;;vanilla;0,020708599085418326;19;14,0;10,0;True;3;sgd;maxabs
2023-12-19 21:35:21.002878;0,5335366129875183;;selu;64;False;0,2546045909277143;;vanilla;0,030037040390152432;22;19,0;25,0;True;3;sgd;maxabs
2023-12-19 21:36:18.812228;0,4919969439506531;;selu;128;False;0,34346479433796206;;dropout;0,02898925754641752;22;16,0;24,0;True;3;sgd;maxabs
2023-12-19 21:37:14.496611;0,5339176654815674;;selu;64;False;0,25318461330346914;;vanilla;0,04520311912209595;23;14,0;20,0;True;3;sgd;maxabs
2023-12-19 21:38:12.531322;0,5240091681480408;;selu;64;True;0,24170739785995038;;vanilla;0,04550109641389554;24;19,0;20,0;True;3;sgd;maxabs
2023-12-19 21:39:11.141905;0,5302972793579102;;selu;64;False;0,49867396377662565;;vanilla;0,06554216742282917;26;11,0;18,0;True;3;sgd;minmax
2023-12-19 21:40:07.481624;0,5182926654815674;;relu;64;False;0,3028591340690296;pca;vanilla;0,03376070504766493;23;13,0;21,0;True;3;sgd;maxabs
2023-12-19 21:41:07.936154;0,531054675579071;;selu;256;False;0,41673844889386336;;batchnorm;0,050352403766789566;21;14,0;19,0;True;3;sgd;maxabs
2023-12-19 21:41:32.903278;0,5325838327407837;;selu;64;False;0,21982207975797877;;vanilla;0,026368892897448065;20;17,0;26,0;True;3;sgd;maxabs
2023-12-19 21:42:30.630704;0,5320122241973877;;selu;64;False;0,28339456491154374;;vanilla;0,04001172757601259;18;15,0;23,0;True;3;sgd;maxabs
2023-12-19 21:43:28.197118;0,5333460569381714;;selu;64;False;0,2636633380209311;;vanilla;0,023106667154601256;17;16,0;;True;2;sgd;maxabs
2023-12-19 21:44:23.254234;0,5297256112098694;;selu;64;False;0,15520153510414084;;vanilla;0,022833580022160165;17;16,0;;True;2;sgd;maxabs
2023-12-19 21:45:19.717899;0,5316311120986938;;selu;64;False;0,35633785128706597;;vanilla;0,030484908370219332;18;20,0;;True;2;sgd;maxabs
2023-12-19 21:46:16.866850;0,5335366129875183;;selu;64;False;0,2535011856593481;;vanilla;0,03853070959826121;23;18,0;;True;2;sgd;maxabs
2023-12-19 21:47:13.260205;0,5301067233085632;;selu;32;False;0,13831652612944118;;vanilla;0,02156375856267411;23;17,0;;True;2;sgd;maxabs
2023-12-19 21:48:54.790763;0,5342987775802612;;selu;64;False;0,3033188766608657;;vanilla;0,01649982482771533;22;19,0;;True;2;sgd;maxabs
2023-12-19 21:49:51.550062;0,5257241129875183;;selu;64;False;0,4599223658177939;anova;vanilla;0,017733404691334182;25;;;True;1;sgd;normalizer
2023-12-19 21:50:46.573765;0,2522865831851959;;selu;64;True;0,6015186938352233;;dropout;0,016934367664991023;22;19,0;;True;2;sgd;maxabs
2023-12-19 21:51:43.867811;0,5335366129875183;;selu;64;False;0,3142132715461529;;vanilla;0,034051985973613044;24;19,0;;True;2;sgd;maxabs
2023-12-19 21:52:39.658572;0,5337271094322205;;selu;64;False;0,3216323464754652;;vanilla;0,026332668838539314;24;19,0;;True;2;sgd;maxabs
2023-12-19 21:53:35.573344;0,5335366129875183;;selu;64;False;0,32045239150179455;;vanilla;0,02872930729910867;25;19,0;;True;2;sgd;maxabs
2023-12-19 21:54:32.546514;0,53125;;selu;64;False;0,3859420138292428;;vanilla;0,03450156852269078;24;20,0;;True;2;sgd;maxabs
2023-12-19 21:55:29.800173;0,5280106663703918;;selu;128;False;0,31170942417039926;;vanilla;0,04213051162295434;26;18,0;;True;2;sgd;maxabs
2023-12-19 21:56:03.241521;0,5316311120986938;;selu;64;False;0,20501189978515438;;vanilla;0,026535364072414087;23;19,0;;True;2;sgd;maxabs
2023-12-19 21:57:00.925331;0,4594131112098694;;selu;64;False;0,7461129168015919;;vanilla;0,015085096265181118;22;21,0;;True;2;sgd;minmax
2023-12-19 21:58:06.630133;0,5302734375;;relu;256;False;0,4930094989638995;;vanilla;0,019900715350467755;26;;;True;1;sgd;maxabs
2023-12-19 21:58:30.934172;0,5201981663703918;;selu;64;False;0,2888942335960038;pca;vanilla;0,040253635752542885;24;20,0;;True;2;sgd;maxabs
2023-12-19 21:59:28.530208;0,5282012224197388;;selu;64;False;0,38047898044588313;;batchnorm;0,05882846518108987;21;18,0;;True;2;sgd;maxabs
2023-12-19 22:00:27.703315;0,5323932766914368;;selu;64;False;0,3376214453307635;;vanilla;0,030305707748934853;27;19,0;;True;2;sgd;maxabs
2023-12-19 22:01:23.742213;0,5331555008888245;;selu;64;False;0,2618710731711332;;vanilla;0,02757223800336363;25;19,0;;True;2;sgd;maxabs
2023-12-19 22:02:19.885405;0,5304877758026123;;selu;64;False;0,18760460661804226;;vanilla;0,03594283942333457;25;17,0;;True;2;sgd;maxabs
2023-12-19 22:03:15.092210;0,5331555008888245;;selu;64;False;0,32743913595176743;;vanilla;0,02884461032284872;23;14,0;;True;2;sgd;maxabs
2023-12-19 22:04:13.133625;0,5297256112098694;;selu;64;False;0,4212049234117662;;vanilla;0,023448990431265845;22;18,0;;True;2;sgd;maxabs
2023-12-19 22:05:09.048319;0,5337271094322205;;selu;64;False;0,24730015666421432;;vanilla;0,018470418846385808;24;19,0;;True;2;sgd;maxabs
2023-12-19 22:06:04.417617;0,5335366129875183;;selu;32;False;0,1694666297667646;;vanilla;0,019222252474845953;24;21,0;;True;2;sgd;maxabs
2023-12-19 22:07:46.137453;0,5316311120986938;;selu;64;False;0,20816908793248556;;vanilla;0,014869710153504356;20;;;True;1;sgd;maxabs
2023-12-19 22:08:41.535643;0,5291539430618286;;selu;64;False;0,24761716788363938;anova;vanilla;0,04360497883271571;22;20,0;;True;2;sgd;maxabs
2023-12-19 22:09:39.900421;0,4594131112098694;;leaky_relu;64;False;0,15012272646409866;;vanilla;;21;15,0;28,0;;3;adam;maxabs
2023-12-19 22:10:46.629738;0,5339176654815674;;selu;64;False;0,29600904255614646;;vanilla;0,03359279929490092;24;19,0;;True;2;sgd;maxabs
2023-12-19 22:11:43.530254;0,5341082215309143;;selu;64;False;0,27284870119623594;;vanilla;0,02388927280007221;23;18,0;;True;2;sgd;maxabs
2023-12-19 22:12:40.040336;0,5341082215309143;;selu;64;False;0,2606572035322112;;vanilla;0,02468260838645258;23;18,0;;True;2;sgd;maxabs
2023-12-19 22:13:35.496303;0,5339176654815674;;selu;64;False;0,2193574486175938;;vanilla;0,023335872086616454;21;17,0;;True;2;sgd;maxabs
2023-12-19 22:14:31.183501;0,5215319991111755;;selu;64;False;0,2161661368624193;;vanilla;0,02384039718536944;21;16,0;;True;2;sgd;normalizer
2023-12-19 22:15:29.990742;0,2522865831851959;;selu;64;True;0,18293200079659175;;dropout;0,020904713860978134;19;17,0;;True;2;sgd;maxabs
2023-12-19 22:16:27.355922;0,5346798896789551;;selu;64;False;0,28391687302392393;;vanilla;0,01810801129652299;23;12,0;;True;2;sgd;maxabs
2023-12-19 22:17:24.244076;0,5283917784690857;;selu;128;False;0,3641846209446914;;vanilla;0,017792833678485387;23;10,0;;True;2;sgd;maxabs
2023-12-19 22:17:58.513922;0,53125;;selu;64;False;0,4506548501575708;;vanilla;0,01610980768496677;27;12,0;;True;2;sgd;minmax
2023-12-19 22:18:53.236064;0,5314405560493469;;relu;64;False;0,5467087982890269;;vanilla;0,01935213644332833;24;18,0;;True;2;sgd;maxabs
2023-12-19 22:19:50.459466;0,5331555008888245;;selu;64;False;0,23655057777752014;;vanilla;0,025360922344137535;23;11,0;;True;2;sgd;maxabs
2023-12-19 22:20:46.757090;0,5337271094322205;;selu;64;False;0,27930088697730954;;vanilla;0,01100351669093168;21;13,0;;True;2;sgd;maxabs
2023-12-19 22:21:43.437518;0,5310594439506531;;selu;64;False;0,29322696373278784;;vanilla;0,021387348628746507;21;13,0;;True;2;sgd;maxabs
2023-12-19 22:22:41.621251;0,5302972793579102;;selu;64;False;0,20411290798679138;;vanilla;0,013275027537907845;22;17,0;;True;2;sgd;maxabs
2023-12-19 22:23:38.406574;0,5289633870124817;;selu;64;False;0,1242981413747146;;vanilla;0,010567115029938763;20;12,0;;True;2;sgd;maxabs
2023-12-19 22:24:34.300571;0,5177210569381714;;selu;64;False;0,16396437683282752;pca;vanilla;0,014380678853370823;23;13,0;;True;2;sgd;maxabs
2023-12-19 22:25:32.529117;0,5263671875;;selu;256;False;0,2844185872803922;;vanilla;0,016936274990841053;25;17,0;;True;2;sgd;maxabs
2023-12-19 22:25:56.992453;0,527629554271698;;selu;64;False;0,3709130538861242;;batchnorm;0,011662948765068293;24;16,0;;True;2;sgd;maxabs
2023-12-19 22:26:56.368960;0,5327743887901306;;selu;32;False;0,22453763620738246;;vanilla;0,024417360533025463;22;18,0;;True;2;sgd;maxabs
2023-12-19 22:28:38.618288;0,2883003056049347;;selu;64;False;0,38908127221258587;;vanilla;;19;12,0;;;2;adam;maxabs
2023-12-19 22:29:36.083161;0,5329649448394775;;selu;64;False;0,28432050840777323;;vanilla;0,032558943177851955;20;14,0;17,0;True;3;sgd;maxabs
2023-12-19 22:30:34.741773;0,5342987775802612;;selu;64;False;0,26858575053828937;;vanilla;0,028246246501036812;21;11,0;;True;2;sgd;maxabs
2023-12-19 22:31:32.948265;0,5316311120986938;;selu;64;False;0,1939047204886204;;vanilla;0,02740204270490777;21;10,0;;True;2;sgd;maxabs
2023-12-19 22:32:29.312160;0,5322027206420898;;selu;64;False;0,3296659417542275;;vanilla;0,019722710358986133;22;10,0;;True;2;sgd;maxabs
2023-12-19 22:33:25.663500;0,5344893336296082;;selu;64;False;0,2737832387261495;;vanilla;0,022421818123056197;23;12,0;;True;2;sgd;maxabs
2023-12-19 22:34:23.542340;0,5339176654815674;;selu;64;False;0,23595187915652197;;vanilla;0,023236324411522336;23;11,0;;True;2;sgd;maxabs
2023-12-19 22:35:20.128258;0,5255335569381714;;leaky_relu;64;True;0,17178750454466216;;vanilla;0,023718875921115927;23;;;True;1;sgd;maxabs
2023-12-19 22:36:15.495655;0,5289633870124817;;selu;64;False;0,22017100825376573;anova;vanilla;0,03195608107606112;23;11,0;;True;2;sgd;normalizer
2023-12-19 22:37:21.325746;0,5240091681480408;;selu;64;False;0,14264926062053332;;dropout;0,026494857200668628;22;9,0;;True;2;sgd;maxabs
2023-12-19 22:38:19.316180;0,5304877758026123;;selu;64;False;0,4302588431382599;;vanilla;0,03660238555307729;25;11,0;;True;2;sgd;maxabs
2023-12-19 22:39:15.672454;0,5337271094322205;;selu;64;False;0,24808573024756303;;vanilla;0,02179882951788282;24;18,0;;True;2;sgd;maxabs
2023-12-19 22:40:14.267278;0,5344893336296082;;selu;64;False;0,23621584608649968;;vanilla;0,017289852198512343;24;20,0;;True;2;sgd;maxabs
2023-12-19 22:41:11.194634;0,5339176654815674;;selu;64;False;0,32738876558948343;;vanilla;0,022921837062097244;23;9,0;;True;2;sgd;maxabs
2023-12-19 22:42:06.712792;0,5325838327407837;;selu;64;False;0,20830455769484998;;vanilla;0,015580993834404179;23;10,0;;True;2;sgd;maxabs
2023-12-19 22:43:04.597893;0,5316311120986938;;selu;64;False;0,3477605011255802;;vanilla;0,02207007298918927;22;9,0;;True;2;sgd;maxabs
2023-12-19 22:44:02.158400;0,5337271094322205;;selu;64;False;0,2846595617427455;;vanilla;0,032504414280046676;16;12,0;;True;2;sgd;maxabs
2023-12-19 22:44:59.574694;0,5308688879013062;;selu;64;False;0,18133744867434864;;vanilla;0,018134656268010942;20;9,0;;True;2;sgd;maxabs
2023-12-19 22:45:57.583401;0,5266768336296082;;selu;128;False;0,23621311113545537;;vanilla;0,028479385579077712;23;20,0;;True;2;sgd;minmax
2023-12-19 22:46:32.242578;0,5293444991111755;;relu;64;False;0,320051657205227;;vanilla;0,013393081808295453;21;7,0;;True;2;sgd;maxabs
2023-12-19 22:47:29.765381;0,5205792784690857;;selu;64;False;0,257119265112182;pca;vanilla;0,023307029084728693;22;6,0;;True;2;sgd;maxabs
2023-12-19 22:48:27.374124;0,5318216681480408;;selu;64;False;0,3040105520728682;;vanilla;0,025703798326601912;24;11,0;;True;2;sgd;maxabs
2023-12-19 22:49:24.708695;0,5306783318519592;;selu;64;False;0,37837910470363345;;vanilla;0,02938035987250427;25;19,0;;True;2;sgd;maxabs
2023-12-19 22:50:23.091719;0,5304877758026123;;selu;64;False;0,4895859271763545;;vanilla;0,037167997336328654;23;18,0;;True;2;sgd;maxabs
2023-12-19 22:51:21.318390;0,5318216681480408;;selu;64;False;0,21668704685254342;;vanilla;0,019928653865963902;24;17,0;;True;2;sgd;maxabs
2023-12-19 22:52:17.419127;0,5259765386581421;;selu;256;False;0,3355222664062612;;vanilla;0,046142367624864754;23;20,0;;True;2;sgd;maxabs
2023-12-19 22:52:48.233721;0,5318216681480408;;selu;64;False;0,19113229206530694;;vanilla;0,016219934955754432;24;16,0;;True;2;sgd;maxabs
2023-12-19 22:53:44.424297;0,5285823345184326;;selu;64;False;0,27441915693192714;;batchnorm;0,02476432344888333;26;17,0;29,0;True;3;sgd;maxabs
2023-12-19 22:54:47.479804;0,4594131112098694;;selu;64;False;0,2364763749571275;;vanilla;;22;15,0;;;2;adam;maxabs
2023-12-19 22:55:47.849069;0,5295350551605225;;selu;64;False;0,41302632808660905;;vanilla;0,03428375198362987;21;19,0;16,0;True;3;sgd;maxabs
2023-12-19 22:56:45.033844;0,4033917784690857;;selu;64;True;0,3126482577417303;;vanilla;0,028522541652216467;20;18,0;;True;2;sgd;maxabs
2023-12-19 22:57:43.447533;0,5346798896789551;;selu;64;False;0,28257234526164454;;vanilla;0,01956719737277786;24;19,0;;True;2;sgd;maxabs
2023-12-19 22:58:40.894948;0,5341082215309143;;selu;64;False;0,2756496746509245;;vanilla;0,020387896601657515;24;20,0;;True;2;sgd;maxabs
2023-12-19 22:59:37.506039;0,5337271094322205;;selu;64;False;0,27157787915721987;;vanilla;0,021019663997347372;25;8,0;;True;2;sgd;maxabs
2023-12-19 23:00:33.912327;0,5342987775802612;;selu;64;False;0,2219609107824938;;vanilla;0,016966059437562186;23;21,0;;True;2;sgd;maxabs
2023-12-19 23:01:31.449529;0,5339176654815674;;selu;32;False;0,2074460730012463;;vanilla;0,01834245904539033;24;21,0;;True;2;sgd;maxabs
2023-12-19 23:03:12.756378;0,5293444991111755;;selu;64;False;0,15680688517053673;;vanilla;0,014223964343841931;23;20,0;;True;2;sgd;maxabs
2023-12-19 23:04:09.243218;0,5339176654815674;;selu;64;False;0,24032813373817682;;vanilla;0,0169539707321822;15;22,0;;True;2;sgd;maxabs
2023-12-19 23:05:08.088433;0,5219131112098694;;leaky_relu;64;False;0,17133777623522561;;vanilla;0,020678829307571676;22;22,0;19,0;True;3;sgd;normalizer
2023-12-19 23:06:56.187973;0,5301067233085632;;selu;64;False;0,2689446510341223;anova;vanilla;0,012899182893113655;24;20,0;;True;2;sgd;maxabs
2023-12-19 23:07:51.709158;0,5245807766914368;;selu;64;False;0,19875641947179018;;dropout;0,016012530632774916;25;21,0;;True;2;sgd;maxabs
2023-12-19 23:08:53.380968;0,5316311120986938;;selu;64;False;0,35932632800216496;;vanilla;0,023433325878018076;23;18,0;;True;2;sgd;maxabs
2023-12-19 23:09:49.613167;0,5333460569381714;;selu;64;False;0,22151405293417573;;vanilla;0,01876661782423227;23;12,0;;True;2;sgd;maxabs
2023-12-19 23:10:46.499899;0,5327743887901306;;selu;64;False;0,29300223612039095;;vanilla;0,03163095343622203;22;19,0;;True;2;sgd;maxabs
2023-12-19 23:11:46.427538;0,5333460569381714;;selu;64;False;0,2620111830093087;;vanilla;0,02224517224795973;23;18,0;;True;2;sgd;maxabs
2023-12-19 23:12:42.794021;0,5344893336296082;;selu;64;False;0,23113448495535127;;vanilla;0,026333115857906892;21;21,0;;True;2;sgd;maxabs
2023-12-19 23:13:39.299119;0,5304877758026123;;selu;64;False;0,23151258977889574;;vanilla;0,02679264554406612;21;20,0;;True;2;sgd;maxabs
2023-12-19 23:14:37.067403;0,5323932766914368;;selu;64;False;0,17888428751440993;;vanilla;0,04121583698201783;19;17,0;;True;2;sgd;maxabs
2023-12-19 23:15:34.422457;0,5289633870124817;;selu;64;False;0,13851857104938198;;vanilla;0,02941748996697151;20;21,0;20,0;True;3;sgd;maxabs
2023-12-19 23:16:31.814712;0,5283917784690857;;selu;64;False;0,054829260911812054;;vanilla;0,03455541663172055;21;21,0;;True;2;sgd;minmax
2023-12-19 23:17:29.486132;0,5262957215309143;;relu;128;False;0,25832619693163045;;vanilla;0,01950317825856705;22;19,0;;True;2;sgd;maxabs
2023-12-19 23:18:05.216398;0,5341082215309143;;selu;64;False;0,30719528087969156;;vanilla;0,024599735163400905;23;10,0;;True;2;sgd;maxabs
2023-12-19 23:19:02.352637;0,5344893336296082;;selu;64;False;0,29494409857654347;;vanilla;0,025127075459373205;24;11,0;;True;2;sgd;maxabs
2023-12-19 23:19:59.705934;0,5335366129875183;;selu;64;False;0,2952659146319747;;vanilla;0,026999046009870444;24;12,0;;True;2;sgd;maxabs
2023-12-19 23:20:56.408820;0,5306783318519592;;selu;64;False;0,3611074519974395;;vanilla;0,03155953022305325;25;10,0;;True;2;sgd;maxabs
2023-12-19 23:21:54.520532;0,5318216681480408;;selu;64;False;0,30379821225487147;;vanilla;0,025672159322883185;24;23,0;;True;2;sgd;maxabs
2023-12-19 23:22:51.510543;0,5322027206420898;;selu;64;False;0,2030179743788913;;vanilla;0,017377943621083212;21;11,0;21,0;True;5;sgd;maxabs
2023-12-19 23:23:50.857631;0,5154344439506531;;selu;64;False;0,2620404607579663;pca;vanilla;0,015297995131162888;22;18,0;;True;2;sgd;maxabs
2023-12-19 23:24:47.555863;0,5228658318519592;;selu;64;False;0,02861516270255034;;vanilla;0,03759896785749872;24;20,0;;True;2;sgd;maxabs
2023-12-19 23:25:47.533781;0,5274389982223511;;selu;64;False;0,3575772214358845;;batchnorm;0,020095680431676647;22;10,0;18,0;True;3;sgd;maxabs
