datetime;validation;test;batch_size;gamma_pi;gamma_scheduler;gamma_tabnet;lamda;lr;n_a;n_d;n_independent;n_shared;n_steps
2023-12-25 18:10:23.517837;0,5004907734589713;;1024;0,35215899679509555;0,8012929132761697;1,7879607812986595;0,013743962062442047;0,6388825735965216;57;22;5;4;5
2023-12-25 18:17:50.298023;0,503337259521005;;4096;0,3023202054067817;0,32456358062927193;1,3253669470231253;0,03118751732939724;0,03691444273730755;27;41;2;3;10
2023-12-25 18:28:14.518576;0,5047114252061249;;8192;0,31393592003737186;0,9586464708981026;1,1304784692375784;0,036325520244974124;0,009550044225426286;13;24;3;5;3
2023-12-25 18:36:01.497790;0,5010797016097369;;8192;0,2806560544398895;0,8469373949657985;1,1540746375870026;0,0755036393504501;0,0013712795758260804;63;19;5;1;9
2023-12-25 18:51:34.381048;0,4643698468786808;;2048;0,9942820627895053;0,18520704566146107;1,3410840492639429;0,0881202830983231;0,47438283681079835;21;22;5;5;4
2023-12-25 18:58:11.749749;0,49872398900667453;;8192;0,2707828744128024;0,15980456185711456;1,8260470547223766;0,010577547049007367;0,12591873668377188;45;31;2;5;9
2023-12-25 19:14:14.527851;0,5003926187671771;;2048;0,14189231025702453;0,9086176994846206;1,6318703765755656;0,07253456836718002;0,39272159903035264;48;8;1;2;4
2023-12-25 19:17:53.500043;0,502944640753828;;512;0,14192793005363086;0,7095228202588536;1,488353120938451;0,08506162279826289;0,02114429336328242;10;23;2;2;8
2023-12-25 19:22:59.288032;0,5037298782881822;;512;0,09457889538734207;0,4347274228292629;1,0073324966356556;0,0709314619141217;0,06557265215486885;12;41;2;4;10
2023-12-25 19:39:08.012512;0,498527679623086;;4096;0,8864326150533529;0,13823477222246836;1,1950537259386902;0,0218498322495555;0,31256615102918095;52;36;5;3;7
2023-12-25 19:47:05.049386;0,49793875147232036;;8192;0,5613183153724498;0,6330148288202846;1,0671276628506279;0,04285614710871756;0,0046197204242975345;8;50;4;4;3
2023-12-25 19:51:55.171285;0,503337259521005;;512;0,05794489085180782;0,993926143287431;1,002892699838045;0,05389773136627088;0,01848473315943331;13;41;3;4;6
2023-12-25 19:59:30.080215;0,5030427954456222;;512;0,47469464385756566;0,4958514363144847;1,0094692217052152;0,06149423868638049;0,06537027901480937;14;59;3;5;6
2023-12-25 20:07:54.726865;0,504024342363565;;1024;0,05597948023951099;0,49802360681630975;1,1573888881336725;0,09899969082904747;0,008740335155949448;14;56;1;4;10
2023-12-25 20:17:46.019768;0,5041224970553593;;1024;0,05322331031969313;0,6101441046941934;1,1711799256827427;0,09931098382387882;0,0076329229652380695;17;54;1;5;3
2023-12-25 20:25:16.478468;0,505496662740479;;1024;0,1869109594192152;0,6979037257710634;1,242354805570212;0,0408838019746919;0,005149448203202817;20;61;4;5;3
2023-12-25 20:32:01.589930;0,5023557126030624;;1024;0,4155654376233797;0,7673861813488787;1,296838986805025;0,03852627774470953;0,0025526135437345214;23;64;4;5;4
2023-12-25 20:45:29.543723;0,49980369061641144;;8192;0,21006399675551385;0,9303092522104901;1,4180488435107612;0,04504466499563894;0,0010022143351108642;31;29;4;3;5
2023-12-25 20:55:58.572358;0,5009815469179427;;1024;0,5582215625187605;0,705332771383152;1,2582748830126376;0,029986874077905994;0,0033139977392421835;17;14;4;5;3
2023-12-25 21:03:17.721013;0,5057911268158618;;8192;0,20671650120599688;0,887385514897997;1,0812212617284054;0,0523930809143235;0,010466798718276694;10;16;3;1;5
2023-12-25 21:11:17.180880;0,5036317235963879;;2048;0,22277746166632467;0,8664290970147804;1,2185477673349878;0,05349073620359573;0,002196476477339024;8;16;4;1;5
2023-12-25 21:16:41.818216;0,5034354142127994;;8192;0,1775689162547065;0,9995566874622224;1,0952435367718438;0,047047060017133616;0,008711380934410864;10;13;3;2;4
2023-12-25 21:22:50.085744;0,503337259521005;;8192;0,37240561810569195;0,7798422580080718;1,1050558916660274;0,03615120037989573;0,01314492855466616;11;31;3;1;3
2023-12-25 21:27:26.908736;0,5003926187671771;;8192;0,21779378307596822;0,9193797292501505;1,2515896204005856;0,024251085233653658;0,0047908215920233485;16;27;3;2;5
2023-12-25 21:34:49.960936;0,5031409501374166;;8192;0,3133586096848361;0,8475241197157124;1,0926058716926295;0,05924881545539894;0,0061044779671391635;10;47;3;4;4
2023-12-25 21:45:54.256389;0,5018649391440911;;4096;0,1637041717393865;0,7066281379151048;1,1400472448602386;0,04708892448543743;0,011496837869392106;19;18;4;3;7
2023-12-25 21:54:19.804919;0,502944640753828;;1024;0,42264447088155505;0,9221501243630523;1,2021114337122418;0,03779882779592512;0,015550169380455897;15;64;3;5;3
2023-12-25 22:00:16.020600;0,5051040439733019;;8192;0,2590975290260271;0,8091208614575313;1,050378941816402;0,04966633298007944;0,00401116388409917;12;26;2;1;6
2023-12-25 22:07:47.407545;0,5019630938358853;;8192;0,23838133138795609;0,797732563504349;1,0704163657097876;0,06049593258851251;0,005054938245883126;9;35;2;1;6
2023-12-25 22:13:11.379242;0,49803690616411467;;1024;0,14058272987198214;0,7553779115770454;1,9157074729935095;0,007002951049652192;0,0029602056114355984;12;26;2;1;7
2023-12-25 22:17:31.469160;0,5015704750687083;;1024;0,3658963595979626;0,8503462466829677;1,0488547394084067;0,05038101305379649;0,0014779525740979094;11;47;2;2;6
2023-12-25 22:22:33.928796;0,5007852375343541;;8192;0,32217125420222753;0,799222248229204;1,1245251525675755;0,04158121621972665;0,010352990084822088;13;25;3;1;5
2023-12-25 22:27:14.432160;0,5021594032194739;;8192;0,2561745668188735;0,9779649498320705;1,0531974132101138;0,03620845930022267;0,006746627990962852;16;20;4;2;4
2023-12-25 22:32:19.285135;0,5021594032194739;;8192;0,2889667101640285;0,8698330555328437;1,176427203639395;0,02712913955578713;0,025342623435231998;9;24;3;3;8
2023-12-25 22:42:12.662223;0,5000981546917943;;4096;0,3406597262207647;0,8278747025701818;1,1128659297762984;0,019525848572591924;0,0035480175513111054;19;22;5;1;5
2023-12-25 22:46:52.273318;0,5046132705143306;;8192;0,191791466828232;0,958276556235592;1,1341908486305932;0,032338082737225125;0,013668705735306732;14;33;2;5;3
2023-12-25 22:56:39.661372;0,5017667844522968;;2048;0,2531832735475182;0,8880446483398917;1,045702252149914;0,042484960052739586;0,0020635220700592643;25;29;1;4;4
2023-12-25 23:01:59.977459;0,5037298782881822;;8192;0,1225721382208232;0,9407231870477828;1,23559540445713;0,03137972168746607;0,028468850186344395;12;21;5;2;8
2023-12-25 23:18:32.428342;0,5007852375343541;;8192;0,29982738019357846;0,8985292797216934;1,1675102431715372;0,01722686497836458;0,004069311558681259;29;38;2;1;5
2023-12-25 23:24:27.706160;0,5031409501374166;;2048;0,10446325364430173;0,8201134999199371;1,3230202841508898;0,0526179190356827;0,00643187892293147;22;18;3;3;6
2023-12-25 23:30:40.258385;0,5028464860620337;;4096;0,17859028328967513;0,7489261325070927;1,2109576755398632;0,013632308359495054;0,01949003244037604;19;33;4;5;4
2023-12-25 23:44:06.547924;0,5039261876717707;;8192;0,19347732291780215;0,947788148354141;1,1439330290994454;0,0329565399394309;0,012870577517753654;15;28;2;5;3
2023-12-25 23:53:12.058156;0,4969572045543777;;8192;0,2644252728985452;0,9619608145324503;1,1134343150643682;0,027460730025464262;0,008895757003988885;13;24;2;5;3
2023-12-25 23:57:30.292899;0,5051040439733019;;8192;0,16243015779020292;0,8826016725010507;1,0272824103762574;0,04026537371168156;0,015371044694464929;11;44;2;4;3
2023-12-26 00:05:59.049806;0,5045151158225363;;512;0,09741467428282377;0,8925967175858003;1,0274208939281386;0,04826039364978137;0,041094777691933676;11;45;1;4;3
2023-12-26 00:12:20.697454;0,5020612485276796;;8192;0,13456316480627797;0,8519985761840667;1,0276241844646647;0,041893058181589594;0,0062723160478534035;9;51;3;4;4
2023-12-26 00:20:54.491925;0,5038280329799765;;8192;0,2667535973291023;0,8205310588855985;1,0784005832170493;0,05460975107801644;0,018359455385911456;8;42;2;4;3
2023-12-26 00:28:07.720476;0,5046132705143306;;1024;0,1585079681279695;0,6714002740044397;1,0010661414914483;0,045059482056461715;0,004960970052077673;12;59;2;4;4
2023-12-26 00:36:31.433800;0,5055948174322733;;512;0,22405902434743355;0,7382126535535237;1,074632711482103;0,03965440118884499;0,009516569276818954;10;53;3;5;7
2023-12-26 00:54:54.560210;0,5038280329799765;;512;0,07972082026679184;0,7404754813822484;1,072384169864941;0,03895587993941874;0,010383812071806423;10;52;3;5;7
2023-12-26 01:05:11.987034;0,5024538672948567;;512;0,22973761727627146;0,6376011437227503;1,0273012312105192;0,06526272956196746;0,008165450991451403;35;39;1;3;8
2023-12-26 01:12:58.518949;0,503337259521005;;512;0,21453419168681379;0,7859565317347861;1,080372018644992;0,04957719311814153;0,0038226015629200544;11;54;3;5;7
2023-12-26 01:23:20.602415;0,5041224970553593;;512;0,1307629301891384;0,8812043199035173;1,0539326308886485;0,034944291522173196;0,015021146201612887;13;57;3;5;6
2023-12-26 01:36:36.892001;0,5022575579112681;;8192;0,2952458952558384;0,7410627638396466;1,1015699574624667;0,04083461352657501;0,008748990988309457;9;48;4;5;9
2023-12-26 01:55:18.690921;0,5030427954456222;;1024;0,19137318788159896;0,8228345680757968;1,177964013747508;0,045974436325559545;0,005498805923555707;10;50;2;5;7
2023-12-26 02:07:07.593830;0,5047114252061249;;512;0,16276796309517913;0,915935479088538;1,1517982998824254;0,039466227961342595;0,011066176845121376;11;43;3;4;6
2023-12-26 02:19:06.159247;0,5032391048292109;;2048;0,08415092083402939;0,9940590547475274;1,0021887104753218;0,055645515976176126;0,007278805194611378;14;44;4;5;5
2023-12-26 02:27:42.149641;0,5034354142127994;;8192;0,22595424377814166;0,6883149322509485;1,089411618443097;0,05068644997194774;0,004162499914291722;8;59;3;4;3
2023-12-26 02:38:47.016934;0,5030427954456222;;4096;0,2852911963267527;0,7826083883689575;1,1270776864785939;0,03748167214689144;0,02161299994880528;17;40;5;5;4
2023-12-26 02:48:18.058243;0,5042206517471535;;8192;0,3859391075777514;0,5837875507071871;1,0390996562318329;0,04628900176701675;0,0028986303837045106;12;54;2;1;3
2023-12-26 02:54:43.149899;0,5039261876717707;;1024;0,3381530537032792;0,721349989952792;1,0698210344670227;0,043333677340623294;0,016457366565591682;10;64;4;2;6
2023-12-26 03:03:18.912117;0,5032391048292109;;512;0,14249116813255977;0,9238600448728231;1,1588416133453794;0,03990293190698069;0,010589315779383962;11;44;3;4;6
2023-12-26 03:13:17.860950;0,5036317235963879;;512;0,1798029192684583;0,9116369261392853;1,1110409519136202;0,0354182323465156;0,012093228608226635;13;38;3;3;6
2023-12-26 03:23:46.332067;0,5044169611307421;;512;0,15987922543889138;0,8627869381957742;1,1451899222545134;0,04469427232275293;0,005469708714993899;9;49;3;4;7
2023-12-26 03:34:44.784455;0,5055948174322733;;512;0,24256178381523563;0,8988935626935882;1,1975575783988521;0,03897902337480418;0,010086831257053803;12;36;3;5;5
2023-12-26 03:44:39.868477;0,503337259521005;;8192;0,23862830785136643;0,7709851275575682;1,1962511584868227;0,04943832631743897;0,006545236779529768;15;30;3;5;5
2023-12-26 03:58:05.860262;0,5044169611307421;;512;0,3212581641712361;0,9680356294638272;1,0591644449051867;0,0342048476300246;0,007864923332308848;12;35;4;5;5
2023-12-26 04:15:04.458056;0,5043188064389478;;8192;0,2669856800372573;0,8364371893511969;1,275536584003271;0,02937796407655007;0,014941001920013986;20;23;3;5;4
2023-12-26 04:27:15.085267;0,5062819002748331;0,4807277212457601;1024;0,22272488954441616;0,8948108666695822;1,2275960971343514;0,05701298143124867;0,004443824052204671;14;25;2;5;8
2023-12-26 04:37:42.012937;0,5020612485276796;;1024;0,20481577188787467;0,8735852682880233;1,2333882539944299;0,05769227497299159;0,00456762044009731;17;27;2;5;9
2023-12-26 04:44:53.574659;0,5047114252061249;;1024;0,2426893082702361;0,7928930665175661;1,2880000853602718;0,06380438959140125;0,003102197894857055;14;32;2;1;8
2023-12-26 04:52:26.886149;0,5028464860620337;;1024;0,19993446686967076;0,9426327251052734;1,2023625695383178;0,04402392864984358;0,009301941010717409;13;26;1;5;9
2023-12-26 05:00:05.225900;0,5047114252061249;;1024;0,2790743274734693;0,8866882306092323;1,0950018741101057;0,05319419126934458;0,007565105021977792;11;29;2;5;8
2023-12-26 05:17:48.006508;0,5026501766784452;;8192;0,22139332415568896;0,8419709420061078;1,1803685552283112;0,04848269706055809;0,005489165423728994;12;21;2;5;3
2023-12-26 05:25:09.025157;0,5037298782881822;;1024;0,3137864478919366;0,8975429344588575;1,1273185460722992;0,03734422502056906;0,012990231026150012;15;25;3;5;7
2023-12-26 05:34:38.960504;0,5038280329799765;;2048;0,25036595696010466;0,9328833091091493;1,2514640863936357;0,0420401959218028;0,0035015591233998984;10;46;3;5;4
2023-12-26 05:43:40.636390;0,5027483313702394;;8192;0,1088163170262136;0,9817520617613067;1,0234899104864945;0,03316534159392258;0,004359512423898318;18;23;2;1;8
2023-12-26 05:50:31.474710;0,5032391048292109;;512;0,17216104223156983;0,8603532708488193;1,2271023069884035;0,052164458541432056;0,009974500610512643;9;32;3;5;5
2023-12-26 05:58:11.828581;0,5020612485276796;;4096;0,2929583235695758;0,8216979178919998;1,0519482814812455;0,05700777472850916;0,0073542190533386785;21;41;2;5;3
2023-12-26 06:02:42.850362;0,5031409501374166;;8192;0,34749646889911207;0,9054023110266328;1,0900846484794313;0,04730317354499767;0,00619222474705808;14;35;2;4;10
2023-12-26 06:18:16.414840;0,5046132705143306;;1024;0,20331363889169557;0,8012463154508976;1,116225605569102;0,03979891780568834;0,002318049760575706;16;28;3;2;3
2023-12-26 06:21:55.202931;0,5041224970553593;;512;0,1535585379413586;0,9188907082862952;1,1561674106643796;0,03899001935780147;0,011297068500272801;11;43;3;3;6
2023-12-26 06:29:17.213574;0,5034354142127994;;512;0,12468971243367682;0,9735280187299704;1,1532713743863166;0,037125810612454166;0,011741583119673965;12;47;3;4;7
2023-12-26 06:37:27.916120;0,5035335689045937;;512;0,17370252315729434;0,9432079133696639;1,2151443790655612;0,042355636062086525;0,01638111081021439;11;52;3;5;6
2023-12-26 06:48:45.234859;0,5042206517471535;;512;0,24711365902091767;0,8729312134146169;1,181340322950077;0,05179114905548632;0,010551407883174964;13;37;3;4;6
2023-12-26 06:56:53.045110;0,5024538672948567;;8192;0,15148685566379227;0,8475411991869977;1,1352150924130335;0,030875239477192333;0,00927175643842536;10;41;4;1;5
