datetime;validation;test;batch_size;gamma_scheduler;gamma_tabnet;lr;n_a;n_d;n_independent;n_shared;n_steps
2023-12-24 19:31:27.506681;0,5203990735791911;;2048;0,8880353829688818;1,027769675679311;0,0019220641537701756;32;19;1;3;7
2023-12-24 19:43:19.308504;0,4879743452699091;;8192;0,7791708308314461;1,2344932828585877;0,867505770794477;52;19;1;4;7
2023-12-24 19:52:13.857718;0,49563513272759663;;2048;0,12904873372328138;1,372284220882242;0,0011156004037151817;63;22;2;4;5
2023-12-24 19:59:17.849549;0,4575093532870123;;1024;0,5979883878879237;1,9402349258639429;0,6168327550415419;31;33;5;2;8
2023-12-24 20:03:58.503056;0,5120256547300909;;8192;0,4552056053364394;1,0617095299616686;0,19245224176065187;15;8;5;2;7
2023-12-24 20:07:11.174249;0,5196864421877784;;4096;0,33506161898499986;1,249184513622529;0,3186429866776092;9;44;1;3;3
2023-12-24 20:11:07.872830;0,518439337252806;;512;0,40131171905781915;1,5637039381013331;0,06999040466270615;31;21;2;3;8
2023-12-24 20:24:17.288208;0,464457509353287;;8192;0,253661646258709;1,005978047698605;0,5868967681732956;14;8;4;1;4
2023-12-24 20:28:18.653445;0,5075717085337609;;8192;0,4732067663314792;1,756966624794789;0,05600497476439665;13;54;1;3;7
2023-12-24 20:37:17.933161;0,47639408515945125;;2048;0,35867195199239177;1,3597992579864988;0,6592701536564548;10;12;3;2;4
2023-12-24 20:38:45.316820;0,5218243363620167;;2048;0,9854718471934398;1,1104395444569406;0,004148239779061564;23;32;3;5;10
2023-12-24 20:54:20.588837;0,5200427578834848;;2048;0,9868093385361323;1,1125644278207558;0,0030825773726379834;23;37;3;5;10
2023-12-24 21:12:43.242638;0,5177267058613932;;2048;0,9701313224298156;1,1295016776940785;0,0066878930361987865;22;63;2;5;10
2023-12-24 21:27:42.208858;0,5225369677534295;;2048;0,8442773519907849;1,0198490394044715;0,007043622640922634;37;28;4;4;9
2023-12-24 21:43:12.818626;0,5205772314270444;;512;0,7729959115430128;1,1727356005620848;0,007437213634872442;43;35;4;4;9
2023-12-24 21:57:45.898330;0,5212898628184571;;4096;0,8305774356941991;1,0182117706080924;0,013882237081622409;39;28;4;5;9
2023-12-24 22:12:13.767065;0,5252093354712275;;1024;0,6745440548856867;1,1226385441572508;0,020074742175046914;18;26;4;4;9
2023-12-24 22:28:01.487295;0,5243185462319615;;1024;0,645352144522181;1,2252528532571063;0,019730345132441637;26;26;4;4;9
2023-12-24 22:42:47.592618;0,5221806520577231;;1024;0,6868521159408498;1,2718020077350374;0,022869347628945547;18;14;5;4;6
2023-12-24 22:53:23.285023;0,5207553892748975;;1024;0,6058794885875425;1,4757664098293977;0,02304863062497773;18;45;4;4;8
2023-12-24 23:07:21.934355;0,5225369677534295;;1024;0,6812060961902724;1,189700938703461;0,043433450162413206;27;25;5;1;9
2023-12-24 23:13:50.458653;0,5248530197755211;;1024;0,6932322525770008;1,1153736497805282;0,013508870014239687;38;26;4;4;9
2023-12-24 23:28:26.931046;0,52200249420987;;1024;0,5465728511497265;1,1000894237197563;0,01323018050896166;27;25;4;4;8
2023-12-24 23:41:28.992945;0,5189738107963656;;1024;0,6851774641347047;1,1777695614057644;0,03169302314344259;18;17;3;3;10
2023-12-24 23:50:13.839469;0,5223588099055764;;1024;0,5523650715896279;1,3073986628029504;0,08849048632379851;48;25;4;5;9
2023-12-25 00:03:38.185709;0,5218243363620167;;1024;0,726937498850163;1,2048134176499756;0,011613521485310719;36;30;5;4;6
2023-12-25 00:15:28.012354;0,5237840726884019;;1024;0,6353783924989859;1,0790451378648898;0,019558647362992992;26;40;4;3;8
2023-12-25 00:28:36.513798;0,519330126492072;;1024;0,7518835258135218;1,3080213589643672;0,11886124096511137;20;30;3;4;9
2023-12-25 00:40:45.695580;0,5243185462319615;;1024;0,5310127280452218;1,1696396685573869;0,0334381656157456;26;24;4;5;10
2023-12-25 01:01:17.341299;0,52200249420987;;4096;0,6539105615916894;1,0669206368757205;0,0395729100035364;33;19;3;3;7
2023-12-25 01:10:01.261083;0,5216461785141635;;512;0,9047751259274424;1,1356536281657206;0,02145488583169918;30;35;5;4;8
2023-12-25 01:28:44.011081;0,5243185462319615;;1024;0,5499364443708479;1,1671836108455944;0,03619216999001267;25;24;4;5;10
2023-12-25 01:46:04.791383;0,5257438090147871;;1024;0,7415458077176842;1,2423159772213277;0,05052569751432918;21;22;4;5;10
2023-12-25 02:07:24.134155;0,5180830215570996;;1024;0,7235598692934592;1,231095973818616;0,05267430547656235;21;21;4;4;9
2023-12-25 02:25:29.007270;0,5216461785141635;;1024;0,8143237731336344;1,2411278647041861;0,015406572583196004;30;29;3;5;10
2023-12-25 02:47:22.716308;0,5228932834491359;;1024;0,7655125375771049;1,0609225350812697;0,010444417257937991;64;17;5;4;9
2023-12-25 03:02:56.399819;0,5196864421877784;;1024;0,6176223424405121;1,2898707834158802;0,026643293259610207;52;22;4;5;8
2023-12-25 03:16:42.341255;0,5232495991448424;;4096;0,7114798657246444;1,0510142211290083;0,07470019950355881;16;27;5;4;7
2023-12-25 03:34:44.831495;0,4633885622661678;;8192;0,6391395234710091;1,2257468758500505;0,0011156382688893335;19;31;3;2;9
2023-12-25 03:53:11.198964;0,5248530197755211;;512;0,7915654670852403;1,133383573699521;0,019932176042900228;21;20;4;3;10
2023-12-25 04:07:05.462446;0,5244967040798147;;512;0,8142938445923038;1,0003185674077741;0,0492755615044852;16;21;2;2;10
2023-12-25 04:19:55.163753;0,5246748619276679;;512;0,7852321729892776;1,0376762017565517;0,049824215996095184;16;19;2;2;10
2023-12-25 04:36:45.063745;0,5141635489043292;;512;0,7893550037720343;1,1348382739448732;0,11998160266406305;21;23;1;2;10
2023-12-25 04:42:19.819778;0,5230714412969891;;512;0,7330324969008629;1,0481293481072387;0,057762424820770195;13;19;2;3;10
2023-12-25 04:54:57.873954;0,5180830215570996;;512;0,8596992370905142;1,0863174322762128;0,02573964879405645;16;17;3;3;10
2023-12-25 05:06:14.139754;0,5216461785141635;;512;0,8855208664025616;1,0370795350825341;0,03320908048777742;23;22;2;1;3
2023-12-25 05:11:01.148465;0,5227151256012827;;512;0,779160446081402;1,142167291060992;0,0176208467601393;19;20;4;2;10
2023-12-25 05:32:45.295744;0,5056119722073757;;8192;0,7496916461323148;1,1008710206292416;0,043559299332797126;11;28;1;3;5
2023-12-25 05:35:20.715926;0,5164796009264208;;512;0,805740849509452;1,0343059058369806;0,21596938556340578;14;23;4;2;9
2023-12-25 05:41:49.481036;0,5218243363620167;;512;0,7015617868244168;1,1069136699979367;0,009996833384300996;23;33;3;3;10
2023-12-25 06:01:04.309948;0,5152324959914484;;4096;0,9276923095303234;1,1409737998055332;0,028419081049491934;20;18;5;1;9
2023-12-25 06:07:52.442503;0,5227151256012827;;512;0,8176958705963554;1,003757570711533;0,056139453550669294;17;21;2;2;10
2023-12-25 06:17:54.370463;0,5262782825583467;;512;0,8583134378969761;1,0033087773785014;0,01576102178538412;16;15;2;2;10
2023-12-25 06:27:18.605167;0,5221806520577231;;512;0,8491943865946332;1,074995607114425;0,008299316780019095;15;15;2;2;10
2023-12-25 06:39:52.212116;0,5261001247104935;;2048;0,7639590287599944;1,0369488561964646;0,016394352843142203;17;15;1;2;9
2023-12-25 06:47:23.206944;0,5200427578834848;;2048;0,6713341922414215;1,0828917972824432;0,014495645136689777;19;13;1;3;9
2023-12-25 06:54:15.779040;0,5209335471227508;;2048;0,7383228007752978;1,031110686813002;0,0051773453116240025;22;11;4;1;8
2023-12-25 07:01:15.097216;0,5227151256012827;;2048;0,8701172763299414;1,2051871770712572;0,01699280786706939;17;15;4;3;9
2023-12-25 07:10:23.511863;0,518439337252806;;2048;0,7003258356697732;1,1141650296580028;0,009056727025176176;21;27;1;5;4
2023-12-25 07:13:15.395034;0,5221806520577231;;2048;0,8382673412171928;1,063984623212523;0,012502963184538956;25;24;1;2;9
2023-12-25 07:19:04.629432;0,5223588099055764;;8192;0,7584064801867854;1,1527523098834977;0,02324005752399682;14;16;4;5;8
2023-12-25 07:29:07.099063;0,5266345982540531;0,49638920562523753;512;0,7811265180864292;1,0215935056053134;0,01682003859316405;17;20;2;2;10
2023-12-25 07:43:16.804168;0,5237840726884019;;512;0,80242207451706;1,0299667818339144;0,017411017725013075;18;18;2;2;10
2023-12-25 07:49:35.475538;0,5228932834491359;;1024;0,7020707306631139;1,0134443809450993;0,011971202263825944;17;20;1;2;10
2023-12-25 07:57:38.835369;0,5237840726884019;;1024;0,7587501999580635;1,0927486807299907;0,020189786562872052;20;25;3;1;9
2023-12-25 08:07:47.358361;0,5236059148405487;;512;0,6785801204384678;1,1146378674588973;0,013959583397819832;15;27;4;3;10
