B365H,B365A,res,tendencia_H,tendencia_A
2.4,2.9,1,1.6666666666666667,1.0
4.0,1.85,1,2.0,2.3333333333333335
3.1,2.25,-1,1.0,1.6666666666666667
1.53,5.75,-1,2.0,1.3333333333333333
1.53,6.0,-1,1.3333333333333333,0.0
1.5,5.75,-1,1.3333333333333333,1.3333333333333333
1.83,4.2,-1,2.3333333333333335,2.0
1.61,5.5,-1,2.0,1.0
2.62,2.62,1,0.0,1.3333333333333333
1.1,21.0,-1,2.3333333333333335,0.0
2.37,3.39,0,3.0,2.0
5.25,1.61,1,1.0,1.3333333333333333
1.9,4.0,0,2.3333333333333335,2.0
1.5,6.5,1,2.0,0.3333333333333333
3.1,2.54,1,0.3333333333333333,1.0
4.0,1.95,0,2.0,2.3333333333333335
2.29,3.2,-1,0.3333333333333333,2.0
6.5,1.5,1,0.0,0.3333333333333333
1.16,15.0,1,2.0,2.0
2.62,2.62,-1,1.3333333333333333,1.0
9.0,1.39,1,0.3333333333333333,3.0
2.29,3.25,-1,2.0,2.0
2.04,3.5,0,3.0,3.0
1.5,6.5,-1,1.3333333333333333,1.3333333333333333
2.29,3.25,-1,0.3333333333333333,2.3333333333333335
4.0,2.0,1,1.0,1.0
1.22,13.0,0,2.0,0.3333333333333333
6.0,1.55,1,0.3333333333333333,2.0
1.14,19.0,-1,1.3333333333333333,0.3333333333333333
1.16,17.0,-1,1.3333333333333333,0.0
5.25,1.64,1,0.6666666666666666,2.3333333333333335
6.5,1.5,-1,0.3333333333333333,2.3333333333333335
1.85,4.2,-1,1.0,1.3333333333333333
1.33,10.0,-1,2.3333333333333335,2.0
5.0,1.72,1,1.3333333333333333,0.6666666666666666
3.29,2.29,1,0.0,0.6666666666666666
3.6,2.04,0,1.3333333333333333,0.0
2.2,3.5,-1,1.3333333333333333,2.3333333333333335
3.25,2.29,1,2.3333333333333335,1.3333333333333333
1.36,10.0,-1,2.3333333333333335,0.6666666666666666
1.44,8.5,-1,1.3333333333333333,1.0
2.1,3.75,1,2.3333333333333335,2.3333333333333335
1.9,4.33,1,0.0,1.3333333333333333
7.5,1.53,1,0.6666666666666666,1.3333333333333333
1.3,9.0,-1,2.3333333333333335,1.3333333333333333
1.57,6.0,-1,1.6666666666666667,1.6666666666666667
2.0,3.89,0,1.0,1.0
1.19,15.0,1,1.0,0.3333333333333333
3.25,2.29,-1,1.6666666666666667,1.3333333333333333
4.75,1.8,1,1.0,1.3333333333333333
1.85,4.33,-1,1.3333333333333333,1.3333333333333333
2.2,3.7,0,1.0,0.6666666666666666
1.44,7.5,-1,0.6666666666666666,2.3333333333333335
10.0,1.33,0,1.0,3.0
2.79,2.5,1,2.3333333333333335,2.3333333333333335
3.1,2.37,0,2.3333333333333335,1.0
4.33,1.9,1,1.0,1.0
1.18,17.0,-1,1.6666666666666667,0.0
5.75,1.61,1,1.3333333333333333,0.6666666666666666
1.19,15.0,-1,0.6666666666666666,1.0
2.79,2.5,0,2.3333333333333335,1.3333333333333333
1.19,15.0,-1,2.3333333333333335,1.3333333333333333
1.66,5.25,0,1.0,1.0
1.61,6.0,-1,0.6666666666666666,1.0
4.5,1.85,0,0.6666666666666666,2.3333333333333335
1.5,7.5,0,3.0,1.0
2.7,2.62,0,1.3333333333333333,1.3333333333333333
1.85,4.75,-1,1.6666666666666667,1.0
3.29,2.25,0,1.3333333333333333,3.0
2.39,3.1,-1,0.0,0.0
1.44,6.5,0,1.3333333333333333,1.6666666666666667
4.2,1.83,1,0.0,1.6666666666666667
2.37,3.25,-1,0.0,0.6666666666666666
3.39,2.2,-1,0.0,1.0
1.16,17.0,-1,1.6666666666666667,1.3333333333333333
3.6,2.1,-1,2.0,2.3333333333333335
2.7,2.7,0,1.0,1.3333333333333333
4.5,1.85,0,1.0,2.0
1.75,4.5,1,2.3333333333333335,3.0
17.0,1.22,1,1.0,2.3333333333333335
1.53,7.0,-1,1.0,1.0
2.75,2.7,0,2.0,2.3333333333333335
2.7,2.87,0,1.0,1.6666666666666667
1.8,4.33,-1,0.0,1.0
1.8,5.0,-1,0.3333333333333333,1.3333333333333333
3.39,2.2,1,0.0,3.0
1.44,7.5,1,2.0,0.0
1.66,5.5,-1,2.3333333333333335,3.0
8.5,1.36,0,1.3333333333333333,1.3333333333333333
2.29,3.1,-1,0.0,1.0
1.16,15.0,-1,0.6666666666666666,0.0
1.44,6.5,-1,3.0,1.0
1.14,17.0,-1,2.3333333333333335,2.0
1.95,4.0,0,0.0,1.6666666666666667
3.0,2.29,1,1.3333333333333333,0.0
1.44,7.5,-1,2.0,0.0
4.75,1.7,0,0.3333333333333333,3.0
1.33,9.5,0,1.3333333333333333,1.0
1.19,13.0,-1,1.3333333333333333,1.0
7.5,1.5,1,2.0,1.3333333333333333
2.39,2.89,1,1.0,0.3333333333333333
1.36,9.5,-1,3.0,1.0
2.25,3.1,1,0.0,2.3333333333333335
6.0,1.53,1,1.0,2.0
3.75,2.0,1,1.0,1.3333333333333333
13.0,1.3,0,2.3333333333333335,3.0
2.1,3.75,1,0.0,0.3333333333333333
1.39,8.5,-1,3.0,1.6666666666666667
4.0,1.95,0,2.0,2.0
3.39,2.39,1,2.0,3.0
4.2,1.95,1,2.0,1.6666666666666667
5.25,1.66,0,0.3333333333333333,2.0
3.25,2.29,-1,0.3333333333333333,2.0
2.0,4.0,0,0.3333333333333333,2.0
1.22,13.0,-1,3.0,0.0
1.36,8.5,-1,1.3333333333333333,1.0
3.39,2.2,-1,1.0,1.0
1.61,5.25,-1,2.0,1.0
1.57,6.0,1,3.0,2.0
3.5,2.2,1,2.0,3.0
2.39,3.2,-1,1.0,2.0
10.0,1.33,1,1.3333333333333333,3.0
1.95,3.79,1,3.0,2.3333333333333335
1.5,7.0,-1,1.3333333333333333,1.0
4.0,1.9,1,0.3333333333333333,1.0
5.25,1.66,-1,0.0,1.3333333333333333
1.9,4.2,-1,1.3333333333333333,0.3333333333333333
2.29,3.39,1,0.6666666666666666,0.0
1.25,11.0,-1,1.3333333333333333,1.0
2.89,2.7,-1,1.0,3.0
1.16,17.0,-1,0.0,1.0
1.72,4.5,-1,2.3333333333333335,2.3333333333333335
2.29,3.1,0,2.3333333333333335,1.0
2.54,2.89,-1,0.0,1.0
2.54,2.87,-1,0.0,0.3333333333333333
1.14,23.0,-1,3.0,0.3333333333333333
4.75,1.75,1,2.3333333333333335,3.0
3.5,2.25,-1,2.0,1.6666666666666667
2.45,3.1,-1,0.0,1.6666666666666667
4.33,1.85,1,1.3333333333333333,2.0
1.14,19.0,-1,1.3333333333333333,0.0
1.5,7.0,-1,1.0,1.0
3.1,2.5,1,0.0,1.0
1.44,7.5,-1,1.6666666666666667,1.0
1.85,4.33,-1,1.6666666666666667,1.3333333333333333
2.1,3.6,0,0.3333333333333333,1.3333333333333333
1.61,5.0,-1,3.0,1.0
4.5,1.85,0,1.6666666666666667,2.0
4.5,1.83,1,0.6666666666666666,2.3333333333333335
4.5,1.85,1,1.0,3.0
1.5,7.0,1,2.0,1.0
17.0,1.18,1,1.0,3.0
1.36,9.5,-1,2.0,0.3333333333333333
3.39,2.2,1,1.0,0.3333333333333333
3.39,2.2,0,1.3333333333333333,3.0
1.22,15.0,-1,3.0,0.3333333333333333
2.14,3.6,-1,0.3333333333333333,0.6666666666666666
7.0,1.44,1,1.0,0.6666666666666666
1.3,11.0,0,1.0,1.3333333333333333
2.39,2.89,0,2.3333333333333335,2.3333333333333335
1.39,7.5,1,0.6666666666666666,1.3333333333333333
2.39,2.89,-1,2.3333333333333335,3.0
1.44,7.0,-1,1.6666666666666667,2.0
1.18,15.0,-1,3.0,1.0
2.39,3.2,0,1.0,1.0
1.28,11.0,1,0.6666666666666666,0.0
2.14,3.79,1,1.3333333333333333,0.6666666666666666
5.5,1.66,0,0.3333333333333333,1.0
10.0,1.33,1,0.3333333333333333,3.0
3.39,2.2,1,0.6666666666666666,1.0
4.0,1.9,0,2.0,0.6666666666666666
1.5,6.5,-1,2.3333333333333335,1.6666666666666667
1.19,17.0,-1,3.0,2.3333333333333335
2.39,2.89,0,0.6666666666666666,0.3333333333333333
3.75,2.04,1,1.0,1.3333333333333333
1.7,5.5,-1,1.0,2.0
1.25,12.0,-1,2.3333333333333335,0.3333333333333333
2.1,3.75,1,0.0,0.0
3.0,2.37,-1,1.0,1.6666666666666667
1.75,5.5,0,2.3333333333333335,0.3333333333333333
2.62,2.75,0,1.3333333333333333,1.6666666666666667
3.6,2.04,1,2.0,3.0
10.0,1.33,1,1.0,3.0
1.72,4.75,1,1.3333333333333333,1.3333333333333333
1.33,9.5,-1,0.3333333333333333,1.0
1.11,21.0,-1,3.0,1.0
6.5,1.53,1,1.3333333333333333,1.6666666666666667
3.5,2.1,-1,1.0,1.0
2.2,3.5,-1,1.6666666666666667,2.3333333333333335
2.1,3.6,-1,0.6666666666666666,1.0
2.5,2.87,0,1.6666666666666667,0.3333333333333333
3.0,2.5,0,0.0,3.0
15.0,1.19,1,1.3333333333333333,2.3333333333333335
2.29,3.1,0,0.3333333333333333,1.3333333333333333
1.44,8.0,1,2.3333333333333335,0.3333333333333333
3.2,2.29,-1,0.0,0.3333333333333333
2.39,3.0,1,1.0,3.0
1.3,10.0,0,1.3333333333333333,3.0
1.72,4.5,-1,0.3333333333333333,1.6666666666666667
2.1,3.6,0,1.3333333333333333,1.3333333333333333
2.0,3.79,0,1.6666666666666667,1.0
15.0,1.19,1,1.0,2.3333333333333335
1.8,4.75,-1,2.3333333333333335,2.3333333333333335
2.39,3.0,1,1.3333333333333333,1.6666666666666667
1.44,8.0,-1,1.3333333333333333,0.3333333333333333
1.25,12.0,-1,1.3333333333333333,0.3333333333333333
5.0,1.72,-1,2.0,1.3333333333333333
3.6,2.1,0,1.3333333333333333,1.3333333333333333
1.66,5.25,-1,3.0,1.3333333333333333
1.22,13.0,-1,1.3333333333333333,1.0
3.25,2.25,1,0.6666666666666666,1.6666666666666667
2.54,3.0,1,0.3333333333333333,0.3333333333333333
2.37,3.0,0,2.3333333333333335,1.3333333333333333
2.87,2.62,1,0.3333333333333333,0.3333333333333333
7.0,1.44,1,1.3333333333333333,2.3333333333333335
3.2,2.37,-1,0.0,1.3333333333333333
1.57,6.0,0,1.6666666666666667,1.3333333333333333
1.8,4.2,1,0.3333333333333333,1.0
5.5,1.57,-1,1.3333333333333333,1.6666666666666667
1.25,12.0,-1,1.6666666666666667,0.6666666666666666
5.5,1.61,1,1.6666666666666667,1.3333333333333333
1.33,9.0,1,2.3333333333333335,2.0
3.1,2.37,1,2.3333333333333335,1.3333333333333333
1.5,5.75,1,1.3333333333333333,1.0
1.5,7.0,-1,0.6666666666666666,2.3333333333333335
1.83,4.5,-1,1.0,0.0
1.36,7.5,0,2.0,1.6666666666666667
2.04,3.6,0,0.3333333333333333,1.0
1.5,7.0,-1,1.0,0.3333333333333333
5.5,1.61,0,1.3333333333333333,2.3333333333333335
1.7,5.25,0,2.0,3.0
2.6,2.7,0,1.3333333333333333,1.0
3.5,2.14,1,1.0,1.3333333333333333
2.87,2.62,1,1.0,1.0
3.6,2.0,1,2.0,1.3333333333333333
2.0,4.0,0,2.0,2.0
1.57,6.0,-1,0.6666666666666666,1.0
1.39,8.0,-1,2.3333333333333335,1.6666666666666667
9.0,1.36,0,0.0,1.3333333333333333
2.45,2.87,0,1.0,1.3333333333333333
2.0,4.0,1,2.3333333333333335,2.0
1.22,12.0,-1,2.3333333333333335,0.6666666666666666
1.22,12.0,-1,0.3333333333333333,0.0
1.14,19.0,-1,2.0,2.0
1.64,5.0,0,2.0,0.3333333333333333
5.0,1.72,0,1.0,3.0
1.75,4.75,0,1.0,1.6666666666666667
7.5,1.36,1,2.0,2.3333333333333335
5.0,1.66,1,2.0,2.3333333333333335
1.9,4.2,-1,0.6666666666666666,1.6666666666666667
1.66,5.0,1,1.0,0.0
2.6,2.75,-1,1.0,3.0
2.87,2.6,1,0.0,0.0
1.75,4.75,-1,2.3333333333333335,1.3333333333333333
3.39,2.04,1,0.0,0.0
7.0,1.53,-1,2.0,3.0
3.79,1.95,0,1.3333333333333333,1.0
1.83,4.5,0,1.3333333333333333,0.3333333333333333
1.95,3.79,1,2.0,2.0
3.1,2.45,1,2.0,0.0
1.44,7.0,-1,2.3333333333333335,2.0
2.1,3.39,-1,3.0,3.0
3.75,2.04,1,1.0,1.3333333333333333
1.3,10.0,0,2.0,1.0
1.9,4.5,-1,1.0,0.0
7.5,1.39,0,1.0,2.3333333333333335
3.0,2.29,1,2.0,3.0
1.06,34.0,-1,3.0,0.0
1.5,6.5,0,2.3333333333333335,1.0
3.0,2.54,1,0.3333333333333333,2.0
1.8,4.75,1,0.0,1.0
7.5,1.39,1,1.0,2.3333333333333335
1.6,5.25,-1,0.3333333333333333,1.0
5.5,1.64,-1,0.3333333333333333,3.0
1.14,15.0,-1,2.3333333333333335,1.3333333333333333
1.83,4.5,-1,2.0,1.3333333333333333
3.1,2.5,-1,0.0,1.3333333333333333
3.6,2.1,-1,1.0,2.0
11.0,1.28,1,0.0,3.0
1.28,10.0,-1,2.0,1.0
4.2,1.9,1,1.3333333333333333,2.0
5.25,1.7,1,2.0,3.0
1.44,7.5,-1,0.0,0.0
3.6,2.14,1,2.3333333333333335,0.3333333333333333
1.85,4.0,-1,2.0,0.6666666666666666
9.0,1.33,1,1.3333333333333333,2.3333333333333335
1.12,21.0,-1,1.3333333333333333,0.3333333333333333
1.16,15.0,-1,2.0,0.6666666666666666
2.0,3.75,1,1.3333333333333333,1.0
1.36,8.5,-1,1.3333333333333333,1.3333333333333333
1.44,7.0,-1,2.3333333333333335,2.0
1.28,9.0,-1,3.0,0.0
7.5,1.44,1,1.0,1.3333333333333333
1.6,6.5,-1,0.6666666666666666,3.0
6.0,1.57,1,0.0,1.3333333333333333
1.44,8.0,0,0.0,1.0
2.6,2.75,1,0.3333333333333333,0.3333333333333333
3.75,1.95,1,0.6666666666666666,2.0
1.9,4.33,-1,2.3333333333333335,1.3333333333333333
1.61,5.0,0,3.0,3.0
1.53,7.5,-1,2.0,1.6666666666666667
1.91,4.2,-1,0.6666666666666666,0.0
2.2,3.4,-1,2.3333333333333335,1.0
1.75,5.25,-1,2.3333333333333335,0.3333333333333333
2.25,3.3,1,0.0,0.3333333333333333
3.75,2.0,0,1.3333333333333333,1.3333333333333333
2.8,2.6,-1,1.3333333333333333,1.6666666666666667
2.25,3.3,0,1.0,2.3333333333333335
1.67,5.5,-1,0.3333333333333333,1.0
3.2,2.25,1,3.0,3.0
1.53,5.75,1,2.3333333333333335,2.0
4.75,1.7,0,1.6666666666666667,3.0
2.55,2.63,1,2.0,3.0
11.0,1.29,1,0.0,2.3333333333333335
2.8,2.5,-1,1.6666666666666667,1.3333333333333333
1.4,8.0,-1,2.0,1.0
1.91,4.0,0,0.0,1.0
1.33,9.0,0,1.3333333333333333,0.3333333333333333
1.13,21.0,-1,3.0,1.0
2.25,3.3,1,0.3333333333333333,1.3333333333333333
2.7,2.6,-1,0.0,1.6666666666666667
2.2,3.2,0,2.0,2.3333333333333335
2.1,3.75,1,1.0,0.3333333333333333
2.25,3.3,1,2.0,0.6666666666666666
1.91,4.33,-1,0.0,0.0
5.5,1.62,1,0.3333333333333333,2.0
1.3,10.0,-1,2.3333333333333335,0.3333333333333333
3.5,2.0,-1,1.6666666666666667,2.0
1.4,8.5,-1,3.0,2.3333333333333335
15.0,1.22,1,0.0,3.0
1.25,12.0,-1,2.0,1.0
1.33,10.0,-1,1.3333333333333333,0.3333333333333333
2.2,3.3,1,2.0,0.0
2.2,3.5,0,0.0,0.3333333333333333
3.6,2.05,0,0.3333333333333333,2.3333333333333335
1.33,9.0,-1,3.0,2.0
3.4,2.1,1,3.0,3.0
1.25,11.0,-1,2.0,1.0
2.88,2.4,1,1.0,2.3333333333333335
8.0,1.36,1,0.0,2.0
5.75,1.6,0,1.0,3.0
3.8,2.0,1,0.3333333333333333,2.3333333333333335
3.0,2.5,0,1.0,1.0
1.4,8.5,-1,2.0,1.0
1.11,19.0,-1,3.0,0.0
2.38,3.1,1,1.3333333333333333,1.0
1.67,5.0,0,2.3333333333333335,
7.5,1.45,1,0.3333333333333333,3.0
1.17,17.0,-1,,0.3333333333333333
1.55,6.0,-1,1.0,1.3333333333333333
10.0,1.33,1,0.3333333333333333,3.0
10.0,1.33,1,,
4.33,1.83,1,,
2.45,2.9,-1,,
1.55,6.5,-1,,
1.67,5.5,-1,,
3.4,2.2,1,,
2.38,3.2,-1,,
1.25,13.0,-1,,
1.17,17.0,-1,,
3.5,2.2,1,,
2.5,2.88,0,,
1.8,4.5,1,,
1.22,13.0,-1,,
1.4,8.0,-1,,
2.5,2.9,-1,,
1.75,5.0,-1,,
2.3,3.0,1,,
2.7,2.75,1,,
9.0,1.4,1,,
3.1,2.38,0,,
6.0,1.57,1,,
1.57,6.0,-1,,
1.29,11.0,0,,
1.67,5.5,-1,,
2.2,3.5,0,,
2.1,3.8,1,,
3.2,2.3,1,,
8.0,1.4,1,,
1.14,19.0,-1,,
2.14,3.6,1,0.6666666666666666,1.0
1.8,4.75,-1,2.3333333333333335,2.3333333333333335
6.0,1.6,1,0.6666666666666666,1.0
1.19,15.0,-1,0.6666666666666666,1.3333333333333333
1.39,8.5,-1,1.3333333333333333,1.3333333333333333
6.5,1.6,-1,0.0,2.3333333333333335
9.0,1.39,1,2.3333333333333335,2.3333333333333335
1.9,4.2,1,0.0,0.6666666666666666
1.33,9.0,-1,2.0,1.0
2.45,3.0,-1,1.3333333333333333,2.3333333333333335
4.75,1.8,0,1.0,2.0
1.12,27.0,-1,2.3333333333333335,1.6666666666666667
1.18,17.0,-1,1.3333333333333333,0.0
3.75,2.0,-1,0.3333333333333333,2.0
1.16,19.0,0,3.0,1.3333333333333333
3.1,2.54,1,0.0,1.6666666666666667
1.57,6.5,-1,1.0,0.6666666666666666
2.25,3.29,-1,3.0,1.6666666666666667
1.08,34.0,0,3.0,1.3333333333333333
2.89,2.62,0,2.3333333333333335,1.3333333333333333
2.1,3.7,-1,0.0,0.3333333333333333
2.25,3.39,1,0.3333333333333333,0.3333333333333333
2.37,3.2,-1,0.3333333333333333,1.0
8.0,1.44,-1,2.3333333333333335,1.3333333333333333
2.7,2.79,1,1.0,2.3333333333333335
4.75,1.85,-1,0.6666666666666666,2.0
1.16,21.0,-1,1.3333333333333333,0.3333333333333333
1.44,8.0,-1,2.0,2.0
10.0,1.33,1,0.6666666666666666,2.0
7.0,1.53,1,0.6666666666666666,2.3333333333333335
2.25,3.7,0,1.3333333333333333,0.6666666666666666
2.04,3.79,-1,1.6666666666666667,0.3333333333333333
2.62,3.1,1,1.3333333333333333,1.6666666666666667
1.85,4.75,1,2.0,1.6666666666666667
1.72,5.0,-1,0.3333333333333333,0.3333333333333333
1.33,10.0,0,1.6666666666666667,0.6666666666666666
2.29,3.39,-1,0.6666666666666666,3.0
1.14,23.0,-1,2.0,0.6666666666666666
1.55,6.0,-1,2.0,1.6666666666666667
2.29,3.5,0,0.3333333333333333,2.0
2.89,2.54,0,0.3333333333333333,1.3333333333333333
7.5,1.5,0,1.3333333333333333,2.3333333333333335
4.0,1.9,1,3.0,1.3333333333333333
2.25,3.2,0,1.0,0.0
5.0,1.75,1,0.6666666666666666,2.0
6.5,1.55,0,0.3333333333333333,2.0
2.0,4.0,0,1.3333333333333333,0.0
1.18,19.0,1,3.0,0.3333333333333333
3.29,2.25,-1,3.0,3.0
2.62,2.7,1,3.0,2.0
1.25,12.0,-1,2.3333333333333335,1.6666666666666667
2.62,3.0,-1,3.0,2.0
1.9,4.75,-1,1.3333333333333333,0.3333333333333333
2.62,3.0,-1,0.3333333333333333,0.3333333333333333
2.54,3.1,0,0.6666666666666666,1.3333333333333333
4.5,1.85,1,0.0,1.3333333333333333
1.28,12.0,0,1.0,1.0
1.57,6.0,-1,2.0,0.3333333333333333
1.89,4.2,1,3.0,3.0
2.5,3.0,0,1.3333333333333333,1.0
1.85,5.0,0,1.0,0.3333333333333333
1.95,4.2,1,2.3333333333333335,2.0
11.0,1.33,1,0.0,3.0
2.39,3.39,1,0.3333333333333333,3.0
2.37,3.39,0,0.0,1.3333333333333333
4.2,1.9,0,2.0,2.0
2.29,3.1,1,1.0,3.0
1.28,10.0,-1,1.0,0.3333333333333333
9.0,1.33,1,2.0,3.0
2.7,2.6,-1,0.0,0.6666666666666666
2.7,2.62,1,2.0,1.6666666666666667
1.25,10.0,-1,3.0,1.3333333333333333
1.75,5.0,-1,1.3333333333333333,0.3333333333333333
2.29,3.1,0,1.0,1.3333333333333333
2.5,3.1,1,0.0,2.3333333333333335
7.0,1.44,1,1.0,2.0
1.19,15.0,-1,2.0,2.0
1.83,5.0,-1,0.6666666666666666,0.0
3.0,2.7,1,1.3333333333333333,0.0
2.5,3.1,1,0.6666666666666666,1.0
15.0,1.25,1,1.0,3.0
6.5,1.55,1,0.6666666666666666,3.0
1.44,7.5,-1,0.0,2.0
1.3,12.0,-1,1.0,0.0
2.2,3.89,-1,1.0,2.3333333333333335
2.54,3.2,0,2.0,2.0
2.79,2.79,-1,1.3333333333333333,0.6666666666666666
3.0,2.6,1,0.0,0.6666666666666666
2.29,3.6,1,1.0,1.3333333333333333
2.75,2.75,-1,2.0,3.0
7.0,1.57,1,0.3333333333333333,2.0
1.61,6.0,-1,2.3333333333333335,1.0
4.2,1.9,-1,2.3333333333333335,1.0
1.22,15.0,-1,2.3333333333333335,1.6666666666666667
1.85,4.5,0,0.6666666666666666,1.3333333333333333
1.75,5.25,0,1.3333333333333333,0.6666666666666666
2.6,3.0,-1,1.3333333333333333,1.0
1.19,17.0,-1,2.3333333333333335,2.0
2.14,3.89,-1,2.0,0.0
2.5,3.29,-1,0.6666666666666666,1.0
4.5,1.72,1,1.0,2.3333333333333335
2.29,3.5,-1,1.0,1.0
7.5,1.5,1,0.6666666666666666,2.3333333333333335
2.25,3.5,-1,1.3333333333333333,2.0
2.1,3.79,0,2.0,1.6666666666666667
2.14,4.0,-1,1.6666666666666667,2.3333333333333335
2.89,2.79,0,0.6666666666666666,1.3333333333333333
1.22,13.0,-1,2.3333333333333335,1.3333333333333333
1.95,4.75,1,0.0,1.0
1.72,5.25,0,0.3333333333333333,0.6666666666666666
1.36,8.0,-1,1.0,0.3333333333333333
4.2,1.8,1,1.6666666666666667,1.3333333333333333
5.5,1.61,-1,0.6666666666666666,2.0
3.25,2.25,-1,0.0,2.3333333333333335
1.19,13.0,-1,2.3333333333333335,1.3333333333333333
2.25,3.2,-1,1.3333333333333333,0.6666666666666666
2.2,3.39,0,1.3333333333333333,1.3333333333333333
2.37,3.25,-1,2.3333333333333335,0.6666666666666666
2.5,2.79,-1,0.6666666666666666,1.3333333333333333
2.0,3.5,-1,1.6666666666666667,2.0
6.25,1.61,-1,0.6666666666666666,1.3333333333333333
2.1,3.6,0,2.0,2.3333333333333335
2.04,4.2,0,1.3333333333333333,0.6666666666666666
1.3,12.0,-1,1.0,1.3333333333333333
1.9,4.33,-1,2.3333333333333335,1.3333333333333333
2.35,3.7,-1,0.3333333333333333,1.6666666666666667
1.8,5.25,0,1.3333333333333333,2.3333333333333335
1.16,19.0,-1,2.0,0.0
2.54,3.1,1,1.3333333333333333,1.0
13.0,1.28,0,0.3333333333333333,2.0
1.14,21.0,-1,2.0,1.3333333333333333
2.25,3.39,0,1.0,0.3333333333333333
2.35,3.39,-1,1.6666666666666667,3.0
1.28,11.0,1,1.6666666666666667,1.6666666666666667
3.0,2.62,-1,0.3333333333333333,2.3333333333333335
2.2,3.89,0,1.3333333333333333,0.0
1.75,6.0,0,0.6666666666666666,0.3333333333333333
12.0,1.3,1,0.0,2.0
7.0,1.5,-1,1.3333333333333333,1.3333333333333333
3.1,2.54,0,1.6666666666666667,2.0
12.0,1.3,-1,1.3333333333333333,3.0
5.75,1.64,0,0.6666666666666666,2.3333333333333335
1.12,26.0,-1,1.3333333333333333,1.6666666666666667
1.5,7.0,-1,0.6666666666666666,2.3333333333333335
7.5,1.57,1,0.3333333333333333,2.3333333333333335
2.14,4.0,0,0.0,1.3333333333333333
1.85,4.33,-1,1.3333333333333333,0.3333333333333333
2.04,4.09,-1,0.0,0.3333333333333333
2.0,4.0,0,2.3333333333333335,2.3333333333333335
6.5,1.61,1,0.6666666666666666,1.6666666666666667
1.22,15.0,-1,1.6666666666666667,0.3333333333333333
3.1,2.29,-1,3.0,2.3333333333333335
4.75,1.75,-1,1.6666666666666667,1.6666666666666667
1.28,13.0,-1,2.3333333333333335,0.3333333333333333
1.3,12.0,0,2.3333333333333335,1.0
2.0,4.5,-1,1.3333333333333333,0.6666666666666666
2.62,3.1,1,0.6666666666666666,1.6666666666666667
1.95,4.5,0,1.3333333333333333,1.0
2.5,3.0,0,1.0,0.3333333333333333
2.14,4.33,-1,0.6666666666666666,0.6666666666666666
1.25,10.0,0,3.0,1.3333333333333333
2.6,2.6,0,1.6666666666666667,2.3333333333333335
12.0,1.3,1,1.3333333333333333,2.0
1.9,4.09,-1,1.3333333333333333,0.6666666666666666
1.12,19.0,-1,2.3333333333333335,1.0
1.9,4.0,1,0.6666666666666666,0.6666666666666666
5.5,1.8,1,0.6666666666666666,1.0
7.5,1.5,1,0.6666666666666666,2.3333333333333335
1.66,6.0,-1,0.3333333333333333,1.0
2.29,3.5,1,1.3333333333333333,1.3333333333333333
2.37,3.39,0,1.3333333333333333,1.3333333333333333
5.0,1.72,0,0.3333333333333333,2.3333333333333335
11.0,1.28,0,1.3333333333333333,3.0
1.36,9.0,0,1.6666666666666667,0.3333333333333333
2.37,3.29,-1,0.3333333333333333,1.6666666666666667
1.16,19.0,-1,2.3333333333333335,1.3333333333333333
2.37,3.5,0,1.6666666666666667,0.6666666666666666
1.3,11.0,-1,2.3333333333333335,0.3333333333333333
2.14,4.0,0,1.0,1.3333333333333333
1.66,6.0,1,1.0,0.3333333333333333
4.5,1.8,1,2.3333333333333335,1.6666666666666667
13.0,1.25,1,1.0,3.0
1.16,19.0,-1,1.6666666666666667,0.3333333333333333
2.79,2.75,0,0.0,1.3333333333333333
1.19,17.0,-1,2.3333333333333335,1.3333333333333333
2.5,3.2,0,1.3333333333333333,1.0
1.25,15.0,0,2.3333333333333335,1.3333333333333333
2.54,2.87,-1,0.0,1.3333333333333333
2.54,3.1,0,0.3333333333333333,2.3333333333333335
1.36,10.0,-1,2.0,0.3333333333333333
4.5,1.9,0,2.0,2.0
7.0,1.55,1,2.3333333333333335,2.0
2.62,3.0,-1,0.3333333333333333,0.0
1.12,23.0,-1,3.0,0.3333333333333333
1.61,6.5,0,0.3333333333333333,2.0
2.29,3.5,-1,0.0,0.3333333333333333
3.29,2.45,0,1.0,2.3333333333333335
2.1,3.89,1,2.3333333333333335,0.0
6.0,1.66,0,2.3333333333333335,2.0
2.54,2.79,0,1.6666666666666667,1.6666666666666667
1.72,5.5,-1,2.3333333333333335,1.0
6.5,1.53,1,0.6666666666666666,1.6666666666666667
6.5,1.6,1,0.6666666666666666,2.0
1.55,6.0,-1,3.0,2.3333333333333335
2.29,3.5,1,1.0,1.3333333333333333
1.25,14.0,-1,0.6666666666666666,0.0
2.62,3.2,0,0.0,2.0
1.39,9.0,-1,2.0,0.6666666666666666
1.8,5.0,1,0.3333333333333333,1.0
1.89,4.5,1,3.0,1.6666666666666667
5.25,1.66,0,1.0,1.3333333333333333
1.28,12.0,-1,2.0,0.6666666666666666
1.22,15.0,0,2.3333333333333335,0.6666666666666666
1.25,15.0,-1,1.3333333333333333,0.3333333333333333
15.0,1.25,1,1.0,3.0
2.39,3.25,1,0.3333333333333333,2.3333333333333335
2.1,3.89,1,0.6666666666666666,3.0
9.0,1.44,1,1.0,2.0
2.29,3.25,-1,1.0,0.3333333333333333
2.29,3.6,-1,2.0,1.0
3.39,2.25,1,3.0,3.0
1.3,11.0,0,2.3333333333333335,2.0
4.0,1.95,0,1.3333333333333333,2.0
2.62,2.89,1,0.3333333333333333,2.3333333333333335
2.6,3.0,-1,1.0,1.3333333333333333
2.04,4.0,0,1.6666666666666667,0.6666666666666666
2.7,3.0,-1,0.0,0.3333333333333333
2.7,3.0,-1,0.3333333333333333,1.0
1.28,11.0,-1,0.6666666666666666,1.0
7.5,1.5,-1,0.3333333333333333,2.3333333333333335
1.08,21.0,-1,3.0,0.3333333333333333
2.89,2.39,0,1.3333333333333333,1.0
2.5,3.0,1,3.0,3.0
7.5,1.5,1,0.6666666666666666,2.3333333333333335
1.72,5.5,-1,1.3333333333333333,0.0
1.83,5.0,-1,1.3333333333333333,2.0
1.95,4.5,-1,0.3333333333333333,0.3333333333333333
5.0,1.72,0,2.0,0.3333333333333333
2.5,3.2,0,0.6666666666666666,1.6666666666666667
1.25,15.0,-1,2.3333333333333335,0.3333333333333333
2.37,3.29,-1,1.3333333333333333,0.3333333333333333
1.19,15.0,-1,3.0,1.0
6.5,1.55,1,0.6666666666666666,2.3333333333333335
2.0,4.33,1,2.3333333333333335,2.0
1.19,17.0,-1,2.0,1.0
1.18,17.0,-1,2.3333333333333335,0.3333333333333333
5.25,1.72,1,2.0,2.0
2.37,3.5,0,0.3333333333333333,0.0
2.7,3.0,0,1.3333333333333333,1.3333333333333333
5.0,1.75,-1,0.6666666666666666,1.3333333333333333
17.0,1.18,1,1.0,3.0
6.5,1.53,1,3.0,2.0
1.9,4.75,-1,0.3333333333333333,1.3333333333333333
2.14,3.5,0,3.0,3.0
2.04,4.0,-1,0.6666666666666666,1.6666666666666667
1.19,19.0,-1,2.0,1.6666666666666667
2.2,3.5,1,0.0,1.0
2.79,2.79,0,0.0,2.0
1.25,16.0,0,1.0,0.0
2.7,2.75,0,0.3333333333333333,1.3333333333333333
2.39,3.39,0,2.3333333333333335,1.3333333333333333
2.1,3.75,-1,0.0,0.3333333333333333
1.28,13.0,-1,1.0,1.0
1.83,5.25,-1,2.0,2.0
2.14,4.0,-1,2.0,0.0
2.39,3.29,0,0.3333333333333333,1.0
9.5,1.33,1,2.3333333333333335,3.0
1.39,9.0,-1,2.0,1.3333333333333333
6.5,1.61,1,0.0,3.0
2.5,2.89,-1,2.0,2.0
2.5,3.2,-1,2.0,1.3333333333333333
2.2,3.6,-1,0.3333333333333333,1.0
1.39,7.5,-1,3.0,2.0
1.28,12.0,-1,2.0,1.3333333333333333
5.25,1.66,1,0.6666666666666666,1.3333333333333333
2.79,3.0,-1,1.0,0.3333333333333333
2.0,4.2,1,1.3333333333333333,1.0
1.66,6.5,1,1.6666666666666667,1.3333333333333333
2.39,3.39,1,1.0,1.6666666666666667
2.7,2.87,0,1.0,2.3333333333333335
2.89,2.7,-1,1.3333333333333333,1.6666666666666667
2.14,3.75,-1,1.6666666666666667,0.3333333333333333
3.29,2.45,0,1.3333333333333333,1.3333333333333333
6.0,1.61,1,1.3333333333333333,1.0
1.25,12.0,-1,2.0,1.0
2.39,3.29,0,1.0,1.3333333333333333
1.25,13.0,-1,0.6666666666666666,1.0
2.04,3.79,1,1.3333333333333333,1.0
11.0,1.28,1,0.6666666666666666,3.0
2.14,3.79,-1,1.3333333333333333,3.0
2.25,3.39,-1,3.0,1.6666666666666667
3.79,2.04,1,1.3333333333333333,2.0
1.85,5.25,-1,0.3333333333333333,0.6666666666666666
11.0,1.36,-1,0.3333333333333333,2.3333333333333335
1.11,26.0,-1,3.0,1.6666666666666667
2.0,4.2,-1,0.6666666666666666,1.0
2.14,3.6,1,1.0,0.3333333333333333
2.79,2.75,1,1.0,0.6666666666666666
1.36,10.0,-1,1.0,2.3333333333333335
1.83,5.25,1,1.3333333333333333,1.3333333333333333
2.05,4.2,0,0.6666666666666666,0.6666666666666666
1.91,4.5,0,1.0,1.3333333333333333
3.25,2.4,0,1.0,1.0
5.25,1.65,-1,1.3333333333333333,2.3333333333333335
2.75,2.8,0,1.6666666666666667,1.3333333333333333
9.0,1.4,-1,0.0,1.3333333333333333
1.14,21.0,-1,3.0,1.0
2.2,3.75,-1,0.3333333333333333,0.6666666666666666
1.2,15.0,-1,2.3333333333333335,1.3333333333333333
2.8,2.8,0,1.6666666666666667,3.0
5.0,1.67,0,2.0,1.3333333333333333
1.67,5.75,1,1.0,1.6666666666666667
1.2,13.0,-1,2.3333333333333335,2.0
2.75,2.5,1,2.3333333333333335,3.0
2.8,2.5,0,1.0,0.3333333333333333
1.17,15.0,-1,2.3333333333333335,0.0
2.88,2.45,-1,0.3333333333333333,1.0
2.15,3.5,0,0.3333333333333333,2.0
1.8,4.5,-1,1.3333333333333333,0.3333333333333333
8.5,1.36,1,0.6666666666666666,2.3333333333333335
1.33,11.0,-1,1.3333333333333333,0.6666666666666666
2.8,2.9,-1,1.3333333333333333,3.0
4.1,1.91,1,0.3333333333333333,1.3333333333333333
2.15,3.9,0,1.6666666666666667,0.6666666666666666
1.65,5.75,-1,0.0,1.0
1.14,21.0,-1,3.0,0.0
5.5,1.73,1,1.3333333333333333,2.3333333333333335
6.0,1.62,1,0.6666666666666666,2.3333333333333335
2.4,3.25,1,1.3333333333333333,1.3333333333333333
6.0,1.6,1,1.3333333333333333,1.6666666666666667
1.36,10.0,-1,2.3333333333333335,0.3333333333333333
1.8,4.5,0,3.0,1.0
1.22,15.0,0,1.3333333333333333,1.0
3.5,2.25,0,1.3333333333333333,1.0
1.29,13.0,0,2.0,1.3333333333333333
2.38,3.4,-1,2.0,1.6666666666666667
9.0,1.33,1,2.3333333333333335,2.3333333333333335
2.38,3.4,0,1.3333333333333333,1.0
3.0,2.6,1,0.0,1.3333333333333333
2.15,3.8,-1,0.0,1.3333333333333333
1.95,4.5,-1,0.0,2.3333333333333335
2.4,3.3,1,1.3333333333333333,1.0
2.3,3.5,-1,1.3333333333333333,0.0
7.5,1.5,0,1.3333333333333333,3.0
1.36,9.0,-1,1.0,0.0
2.7,3.0,-1,0.3333333333333333,2.3333333333333335
3.8,2.1,1,1.3333333333333333,1.3333333333333333
4.75,1.8,1,1.0,2.0
1.65,6.0,1,1.6666666666666667,1.6666666666666667
1.85,4.2,-1,2.3333333333333335,2.3333333333333335
2.15,3.5,-1,,
1.25,15.0,0,,
1.45,8.5,-1,,
2.4,3.5,0,,
1.33,11.0,-1,,
1.95,4.33,1,,
3.9,2.1,0,,
2.3,3.4,-1,,
1.91,4.0,0,,
11.0,1.3,1,,
1.33,10.0,0,,
2.1,3.75,1,,
2.5,3.2,-1,,
4.5,1.85,-1,,
2.0,4.0,1,,
2.63,3.0,1,,
1.73,5.5,-1,,
1.36,9.5,-1,,
1.75,5.25,-1,,
11.0,1.36,1,,
1.3,12.0,-1,,
5.5,1.7,1,,
11.0,1.33,1,,
1.25,15.0,1,,
1.83,5.0,1,,
1.7,5.75,-1,,
1.62,6.5,0,,
2.4,3.3,-1,,
6.0,1.62,0,,
1.53,6.5,-1,,
1.16,15.0,1,3.0,3.0
2.2,3.0,-1,2.0,1.3333333333333333
4.2,1.85,1,1.3333333333333333,1.0
1.95,4.0,-1,1.0,1.3333333333333333
2.29,3.0,-1,1.6666666666666667,1.0
1.19,13.0,-1,0.3333333333333333,1.0
2.29,3.0,-1,2.0,2.3333333333333335
2.29,3.0,1,2.0,0.6666666666666666
1.64,5.25,-1,0.0,0.3333333333333333
1.3,10.0,1,1.3333333333333333,2.0
1.61,5.5,-1,0.3333333333333333,0.3333333333333333
11.0,1.25,1,0.3333333333333333,3.0
3.79,1.85,0,0.6666666666666666,1.0
1.8,4.75,-1,1.3333333333333333,1.0
1.95,4.0,-1,0.0,2.0
3.6,2.1,1,1.6666666666666667,1.6666666666666667
2.7,2.62,-1,0.3333333333333333,2.3333333333333335
3.1,2.14,-1,2.3333333333333335,3.0
3.79,1.9,0,0.3333333333333333,2.0
3.75,2.04,-1,1.3333333333333333,0.3333333333333333
1.39,8.0,1,2.0,1.3333333333333333
1.6,5.25,-1,3.0,0.3333333333333333
2.04,3.79,0,2.0,1.3333333333333333
2.1,3.6,-1,0.0,0.6666666666666666
1.85,4.2,0,1.3333333333333333,2.0
2.2,3.29,1,1.3333333333333333,2.0
1.28,9.5,-1,2.3333333333333335,1.3333333333333333
3.75,2.0,0,0.3333333333333333,2.0
2.2,3.39,-1,0.6666666666666666,1.6666666666666667
2.29,3.0,-1,1.0,2.3333333333333335
2.04,3.39,1,1.3333333333333333,2.3333333333333335
1.95,4.2,1,0.3333333333333333,1.3333333333333333
2.04,3.75,-1,1.3333333333333333,0.0
6.25,1.44,1,1.3333333333333333,3.0
2.39,3.0,-1,0.6666666666666666,1.3333333333333333
1.8,4.5,-1,1.3333333333333333,1.6666666666666667
2.29,3.2,-1,0.6666666666666666,0.0
2.79,2.45,0,2.0,2.0
2.54,2.7,-1,2.0,2.0
1.33,8.0,-1,2.0,1.6666666666666667
1.5,6.5,-1,1.6666666666666667,1.3333333333333333
1.95,3.79,-1,1.3333333333333333,1.3333333333333333
1.8,4.33,-1,1.3333333333333333,1.3333333333333333
1.9,4.0,0,1.3333333333333333,1.0
2.14,3.6,0,1.3333333333333333,0.3333333333333333
2.29,3.0,1,2.3333333333333335,1.3333333333333333
2.39,3.0,0,1.0,2.3333333333333335
1.61,5.5,-1,2.0,1.6666666666666667
4.33,1.9,-1,0.3333333333333333,3.0
2.0,3.75,0,1.0,0.3333333333333333
2.5,3.1,1,0.3333333333333333,0.3333333333333333
1.7,5.75,-1,0.6666666666666666,1.6666666666666667
6.5,1.5,1,1.3333333333333333,2.0
2.89,2.37,-1,0.0,3.0
2.45,2.75,0,0.3333333333333333,0.6666666666666666
2.37,3.0,-1,2.3333333333333335,2.0
2.04,3.6,0,1.3333333333333333,0.0
1.36,8.0,-1,2.0,2.3333333333333335
1.53,5.75,-1,2.3333333333333335,1.0
1.55,6.5,-1,3.0,0.3333333333333333
1.44,6.5,0,2.0,1.0
3.89,1.95,1,0.0,1.6666666666666667
1.72,4.75,0,2.3333333333333335,0.3333333333333333
5.0,1.6,-1,0.6666666666666666,2.3333333333333335
5.0,1.72,-1,1.0,2.0
1.44,7.0,-1,1.6666666666666667,0.0
3.5,2.2,1,0.3333333333333333,3.0
2.75,2.54,0,1.3333333333333333,2.3333333333333335
1.61,6.0,-1,1.0,0.6666666666666666
2.5,3.1,1,1.3333333333333333,2.3333333333333335
2.54,3.0,1,0.3333333333333333,0.6666666666666666
2.62,2.79,1,0.6666666666666666,2.3333333333333335
1.83,4.2,-1,1.3333333333333333,1.3333333333333333
1.75,5.0,-1,1.6666666666666667,2.0
2.62,2.62,0,3.0,0.3333333333333333
1.7,5.0,-1,2.0,1.3333333333333333
1.12,21.0,-1,2.3333333333333335,0.3333333333333333
1.66,5.0,-1,1.3333333333333333,0.3333333333333333
2.1,3.79,0,0.3333333333333333,1.3333333333333333
2.14,3.39,1,0.3333333333333333,0.3333333333333333
3.6,2.1,1,1.6666666666666667,3.0
10.0,1.3,1,1.3333333333333333,2.3333333333333335
2.45,3.0,1,1.3333333333333333,3.0
2.39,2.87,0,1.0,2.3333333333333335
1.66,6.0,-1,2.0,1.3333333333333333
1.75,5.0,-1,2.0,1.3333333333333333
2.89,2.45,1,0.3333333333333333,1.3333333333333333
2.25,3.39,0,0.0,1.3333333333333333
3.29,2.2,1,0.3333333333333333,1.0
1.95,4.0,0,1.0,2.0
1.44,7.0,0,3.0,1.0
1.55,6.5,1,2.0,0.3333333333333333
1.9,4.0,1,1.3333333333333333,1.0
1.83,4.5,-1,2.0,0.3333333333333333
1.16,17.0,0,3.0,1.3333333333333333
1.66,4.75,0,1.3333333333333333,1.3333333333333333
2.62,2.7,1,1.6666666666666667,0.0
2.37,3.25,-1,2.3333333333333335,2.0
2.14,3.5,0,1.0,0.3333333333333333
2.5,2.79,-1,2.0,2.3333333333333335
3.0,2.29,1,0.0,2.3333333333333335
2.04,3.75,1,1.3333333333333333,1.3333333333333333
2.1,3.5,-1,1.0,1.3333333333333333
2.29,3.1,0,0.3333333333333333,1.3333333333333333
2.5,2.89,-1,0.6666666666666666,2.3333333333333335
3.79,2.0,1,0.6666666666666666,1.3333333333333333
8.5,1.36,1,1.3333333333333333,3.0
2.0,4.0,1,1.6666666666666667,0.0
2.14,3.39,-1,1.3333333333333333,1.3333333333333333
2.5,2.79,-1,0.3333333333333333,1.0
1.28,9.5,-1,3.0,1.3333333333333333
1.33,9.0,-1,1.6666666666666667,0.6666666666666666
1.61,5.25,-1,0.3333333333333333,1.0
1.9,4.2,-1,2.0,1.3333333333333333
1.53,6.0,1,2.3333333333333335,1.0
2.1,3.5,-1,0.6666666666666666,1.6666666666666667
1.7,5.0,-1,1.3333333333333333,1.3333333333333333
2.25,3.29,0,0.3333333333333333,1.3333333333333333
2.35,3.1,-1,1.3333333333333333,2.3333333333333335
2.5,2.79,1,1.0,1.3333333333333333
2.62,2.75,0,0.6666666666666666,0.3333333333333333
4.0,1.85,0,1.6666666666666667,2.0
1.75,4.75,1,1.3333333333333333,0.6666666666666666
10.0,1.3,1,1.0,3.0
2.25,3.29,0,1.3333333333333333,1.0
5.0,1.7,1,2.3333333333333335,1.0
2.29,3.1,1,1.6666666666666667,0.3333333333333333
1.39,7.5,-1,1.3333333333333333,1.3333333333333333
2.2,3.29,0,0.6666666666666666,1.3333333333333333
1.19,13.0,-1,3.0,0.3333333333333333
1.39,7.5,0,1.6666666666666667,1.6666666666666667
1.5,7.0,0,1.0,0.0
2.79,2.6,0,3.0,1.3333333333333333
2.89,2.5,1,1.0,0.6666666666666666
2.45,2.89,-1,1.6666666666666667,2.0
1.57,6.5,0,1.3333333333333333,1.3333333333333333
1.12,17.0,-1,3.0,0.6666666666666666
2.2,3.39,1,0.0,2.0
2.87,2.37,1,1.3333333333333333,1.3333333333333333
3.5,2.1,-1,1.6666666666666667,1.3333333333333333
2.1,3.39,-1,1.0,1.3333333333333333
2.6,2.87,-1,0.3333333333333333,1.0
2.2,3.6,1,0.6666666666666666,1.6666666666666667
3.29,2.2,0,2.0,2.3333333333333335
1.39,7.5,0,2.0,0.6666666666666666
3.29,2.14,-1,1.0,1.3333333333333333
2.1,3.6,-1,0.6666666666666666,1.6666666666666667
1.85,4.5,0,1.3333333333333333,2.3333333333333335
2.6,2.75,0,1.3333333333333333,1.0
1.95,4.2,-1,0.6666666666666666,0.3333333333333333
2.2,3.29,-1,1.3333333333333333,0.6666666666666666
2.14,3.6,-1,0.0,2.3333333333333335
4.2,1.83,1,2.3333333333333335,3.0
1.57,6.0,1,0.6666666666666666,1.3333333333333333
4.33,1.8,0,1.0,2.3333333333333335
1.5,6.5,-1,1.3333333333333333,2.0
2.5,3.1,0,2.0,1.6666666666666667
3.6,2.04,-1,0.3333333333333333,1.6666666666666667
1.95,4.0,0,2.0,0.3333333333333333
1.75,5.0,0,1.3333333333333333,2.3333333333333335
10.0,1.33,1,0.0,3.0
1.8,4.5,-1,0.3333333333333333,0.6666666666666666
1.08,26.0,-1,2.0,0.3333333333333333
2.0,4.0,-1,1.3333333333333333,1.3333333333333333
1.83,4.5,-1,1.0,2.3333333333333335
1.44,7.0,-1,2.3333333333333335,2.0
1.9,4.0,-1,1.0,0.3333333333333333
2.6,2.79,1,1.6666666666666667,1.0
5.0,1.61,1,0.3333333333333333,0.6666666666666666
3.39,2.14,-1,2.3333333333333335,1.3333333333333333
3.0,2.29,0,1.3333333333333333,1.3333333333333333
1.95,4.0,0,2.0,1.0
2.7,2.5,-1,0.3333333333333333,1.3333333333333333
2.25,3.2,1,0.3333333333333333,1.3333333333333333
2.25,3.2,0,2.0,1.6666666666666667
1.39,7.0,1,0.6666666666666666,2.0
1.39,8.0,0,1.3333333333333333,1.0
7.0,1.44,1,1.3333333333333333,2.0
2.5,2.87,0,1.3333333333333333,2.0
3.2,2.25,1,1.3333333333333333,1.6666666666666667
2.62,2.62,-1,1.3333333333333333,2.3333333333333335
2.7,2.7,1,1.3333333333333333,1.3333333333333333
1.44,8.0,0,2.3333333333333335,0.0
1.14,17.0,-1,2.0,0.3333333333333333
3.29,2.1,-1,1.3333333333333333,2.3333333333333335
2.29,3.1,-1,1.0,1.3333333333333333
2.25,3.0,0,1.6666666666666667,0.3333333333333333
2.6,2.79,1,1.3333333333333333,1.3333333333333333
2.5,2.89,0,1.0,2.0
2.5,3.0,1,0.0,1.3333333333333333
2.79,2.5,-1,1.0,1.3333333333333333
5.75,1.5,-1,2.3333333333333335,3.0
1.72,4.33,0,0.0,2.3333333333333335
1.5,6.5,-1,1.3333333333333333,1.0
2.75,2.6,-1,0.0,1.6666666666666667
2.37,3.1,-1,1.3333333333333333,1.6666666666666667
2.62,2.62,1,1.6666666666666667,1.6666666666666667
2.29,3.1,0,1.0,2.0
2.2,3.29,-1,0.3333333333333333,2.0
1.57,6.5,-1,2.3333333333333335,1.0
2.89,2.5,1,1.6666666666666667,1.3333333333333333
1.16,15.0,-1,3.0,1.3333333333333333
2.2,3.39,0,1.3333333333333333,1.6666666666666667
2.29,3.0,0,2.3333333333333335,2.0
2.04,3.79,-1,0.6666666666666666,0.3333333333333333
1.61,6.0,-1,1.0,0.3333333333333333
4.2,1.8,-1,1.0,0.3333333333333333
2.0,4.0,0,1.0,1.3333333333333333
2.87,2.45,1,0.3333333333333333,0.6666666666666666
3.29,2.04,1,0.3333333333333333,3.0
1.44,7.5,-1,2.0,2.0
3.79,2.04,1,0.3333333333333333,2.3333333333333335
1.61,5.5,0,2.0,1.3333333333333333
3.5,2.04,0,1.3333333333333333,2.3333333333333335
2.45,2.87,-1,0.0,2.0
1.75,4.75,-1,1.6666666666666667,0.3333333333333333
1.83,4.5,-1,1.0,1.3333333333333333
2.29,3.2,1,0.6666666666666666,0.3333333333333333
1.33,8.5,-1,2.3333333333333335,3.0
2.04,3.5,1,0.6666666666666666,2.0
1.9,4.33,-1,0.6666666666666666,0.3333333333333333
1.75,5.0,0,2.3333333333333335,1.0
1.33,9.0,-1,1.6666666666666667,0.3333333333333333
5.5,1.57,-1,1.0,1.3333333333333333
2.79,2.54,0,1.3333333333333333,2.3333333333333335
2.5,2.79,0,1.0,1.3333333333333333
2.54,2.79,0,1.3333333333333333,0.3333333333333333
2.39,3.0,0,0.3333333333333333,0.6666666666666666
19.0,1.16,1,0.3333333333333333,1.6666666666666667
1.53,7.0,-1,3.0,1.3333333333333333
2.45,2.87,1,2.0,1.6666666666666667
5.0,1.72,0,2.0,2.0
2.04,3.6,1,0.6666666666666666,0.3333333333333333
1.8,4.5,-1,1.3333333333333333,2.3333333333333335
2.63,2.6,1,1.0,2.0
1.53,6.0,0,1.3333333333333333,1.0
1.5,6.5,1,3.0,2.0
1.08,21.0,-1,1.6666666666666667,1.6666666666666667
1.8,4.5,0,2.0,1.3333333333333333
2.5,2.9,1,1.3333333333333333,0.3333333333333333
1.7,5.25,-1,1.3333333333333333,0.3333333333333333
2.38,3.1,1,0.6666666666666666,2.0
1.83,4.33,-1,0.3333333333333333,0.3333333333333333
3.8,2.0,1,0.3333333333333333,1.3333333333333333
8.5,1.36,0,1.3333333333333333,2.3333333333333335
3.6,2.05,-1,0.6666666666666666,2.3333333333333335
2.7,2.75,0,0.0,0.6666666666666666
1.73,5.25,-1,1.3333333333333333,1.6666666666666667
1.95,4.0,-1,1.0,1.3333333333333333
7.5,1.44,1,2.3333333333333335,3.0
2.1,3.6,0,0.6666666666666666,1.0
2.3,3.1,0,1.0,2.0
1.36,8.5,-1,1.0,0.0
1.95,3.8,0,1.6666666666666667,0.0
1.44,7.0,-1,2.3333333333333335,1.3333333333333333
1.7,5.0,-1,1.3333333333333333,2.0
2.2,3.25,-1,2.3333333333333335,2.0
1.7,4.75,0,0.6666666666666666,0.6666666666666666
2.2,3.4,-1,1.0,1.6666666666666667
2.1,3.6,0,1.0,3.0
1.14,19.0,0,2.0,0.6666666666666666
3.3,2.2,-1,0.6666666666666666,1.3333333333333333
2.8,2.6,0,0.3333333333333333,2.3333333333333335
7.0,1.44,1,1.0,2.3333333333333335
2.7,2.6,1,1.0,1.6666666666666667
2.88,2.63,1,0.0,1.0
7.0,1.44,1,2.0,2.0
3.5,2.1,-1,2.3333333333333335,2.3333333333333335
2.05,3.6,0,1.3333333333333333,0.3333333333333333
1.7,5.0,-1,0.6666666666666666,2.0
1.22,13.0,-1,2.3333333333333335,0.0
1.45,7.0,-1,0.3333333333333333,0.6666666666666666
1.67,5.5,0,2.3333333333333335,1.3333333333333333
1.67,5.5,0,2.0,1.3333333333333333
1.13,19.0,-1,2.0,1.0
2.8,2.5,1,0.3333333333333333,2.0
1.85,4.5,1,1.3333333333333333,1.3333333333333333
2.3,3.0,-1,1.0,1.3333333333333333
1.95,4.0,-1,2.3333333333333335,2.0
1.7,5.0,-1,,
1.91,4.0,0,,
7.0,1.45,-1,,
7.5,1.4,0,,
1.83,4.5,1,,
2.38,3.1,-1,,
3.0,2.38,-1,,
1.83,4.5,0,,
4.0,1.91,1,,
3.3,2.2,-1,,
1.36,8.5,-1,,
1.36,7.5,-1,,
11.0,1.25,1,,
2.3,3.3,1,,
2.05,3.6,0,,
3.25,2.25,0,,
2.3,3.1,-1,,
1.95,4.0,1,,
1.91,4.1,-1,,
2.45,3.0,0,,
2.8,2.5,-1,,
1.75,4.33,-1,,
2.0,3.9,-1,,
2.1,3.6,-1,,
2.0,4.0,1,,
3.8,1.85,1,,
1.25,12.0,-1,,
5.0,1.72,0,0.0,0.6666666666666666
2.25,3.0,-1,1.0,1.3333333333333333
1.44,6.5,-1,2.0,1.3333333333333333
1.22,13.0,-1,1.6666666666666667,1.6666666666666667
7.5,1.44,1,0.0,3.0
1.85,4.33,-1,1.0,1.3333333333333333
1.9,4.2,0,3.0,1.3333333333333333
1.55,6.0,-1,1.0,3.0
1.57,5.75,-1,0.0,0.6666666666666666
5.75,1.57,1,1.3333333333333333,2.3333333333333335
1.8,4.5,-1,1.6666666666666667,0.3333333333333333
2.29,3.25,1,1.3333333333333333,0.3333333333333333
1.83,4.5,-1,2.0,0.3333333333333333
1.5,7.5,-1,2.0,1.0
1.61,5.0,-1,1.3333333333333333,2.0
1.75,5.0,0,1.0,1.0
1.6,6.0,-1,1.3333333333333333,0.3333333333333333
1.25,10.0,1,1.6666666666666667,2.3333333333333335
6.5,1.5,-1,0.3333333333333333,3.0
5.25,1.6,0,1.3333333333333333,2.3333333333333335
1.7,5.0,-1,2.3333333333333335,1.6666666666666667
4.2,1.83,1,0.6666666666666666,0.3333333333333333
2.7,2.62,-1,0.3333333333333333,1.6666666666666667
2.75,2.7,1,1.3333333333333333,0.6666666666666666
2.29,3.29,1,0.6666666666666666,0.0
1.75,4.75,-1,1.3333333333333333,0.3333333333333333
2.14,3.5,1,1.3333333333333333,1.3333333333333333
1.14,19.0,-1,3.0,1.0
2.0,4.0,1,3.0,2.0
9.0,1.3,0,1.3333333333333333,2.3333333333333335
1.08,26.0,0,2.3333333333333335,2.3333333333333335
4.2,1.83,0,0.6666666666666666,2.3333333333333335
1.9,4.2,-1,0.6666666666666666,1.3333333333333333
1.5,7.0,-1,2.0,1.3333333333333333
1.83,4.5,-1,0.3333333333333333,1.3333333333333333
1.18,17.0,0,1.0,2.0
3.5,2.25,0,0.3333333333333333,1.6666666666666667
2.2,3.6,-1,0.0,0.6666666666666666
1.28,10.0,-1,3.0,0.6666666666666666
2.39,3.1,1,0.3333333333333333,2.3333333333333335
2.6,3.2,0,0.3333333333333333,1.0
6.5,1.5,1,2.0,2.3333333333333335
1.5,7.5,-1,2.3333333333333335,0.0
2.04,3.79,-1,1.6666666666666667,1.3333333333333333
2.6,3.0,-1,2.0,0.6666666666666666
4.0,1.85,-1,2.3333333333333335,1.3333333333333333
2.29,3.29,0,1.3333333333333333,0.0
2.29,3.5,-1,0.3333333333333333,1.6666666666666667
1.33,10.0,-1,2.3333333333333335,0.3333333333333333
7.5,1.39,1,1.3333333333333333,3.0
2.25,3.39,0,0.3333333333333333,0.6666666666666666
1.28,10.0,-1,2.3333333333333335,2.3333333333333335
5.5,1.61,1,0.3333333333333333,1.3333333333333333
2.04,3.79,1,1.6666666666666667,1.0
2.37,3.1,0,0.0,2.0
1.7,5.5,0,0.3333333333333333,1.3333333333333333
1.44,7.5,1,1.6666666666666667,0.6666666666666666
3.2,2.29,1,1.0,2.3333333333333335
1.22,13.0,-1,3.0,2.3333333333333335
2.39,3.1,0,1.3333333333333333,1.3333333333333333
1.6,5.75,0,2.0,1.6666666666666667
6.5,1.5,1,0.6666666666666666,3.0
1.9,4.33,0,2.0,1.6666666666666667
2.37,3.39,-1,1.6666666666666667,0.0
1.85,4.33,0,1.3333333333333333,0.6666666666666666
1.72,5.5,-1,0.3333333333333333,0.3333333333333333
1.85,4.5,-1,1.0,0.3333333333333333
1.9,4.33,1,0.3333333333333333,0.6666666666666666
1.5,6.5,-1,2.3333333333333335,1.3333333333333333
9.0,1.33,0,2.3333333333333335,3.0
3.39,2.14,0,2.3333333333333335,3.0
1.36,9.0,-1,2.3333333333333335,0.6666666666666666
2.89,2.5,1,1.0,1.0
2.04,3.6,1,0.3333333333333333,0.6666666666666666
2.25,3.39,1,1.6666666666666667,1.6666666666666667
1.85,4.2,0,0.3333333333333333,0.6666666666666666
3.29,2.2,1,0.3333333333333333,2.0
2.87,2.5,-1,0.0,0.3333333333333333
4.75,1.7,1,1.0,1.3333333333333333
2.0,3.75,1,1.3333333333333333,1.6666666666666667
1.72,5.5,-1,1.0,0.3333333333333333
3.6,2.25,0,0.6666666666666666,1.3333333333333333
10.0,1.33,1,2.3333333333333335,3.0
2.14,3.75,0,1.3333333333333333,0.0
1.85,4.75,-1,1.3333333333333333,1.0
1.61,6.5,0,1.0,1.6666666666666667
2.04,4.0,0,0.6666666666666666,0.3333333333333333
2.0,4.2,1,0.6666666666666666,2.3333333333333335
1.28,10.0,-1,2.3333333333333335,0.3333333333333333
1.07,25.0,-1,3.0,2.3333333333333335
4.0,2.0,1,1.0,1.3333333333333333
1.44,7.0,-1,1.0,1.3333333333333333
2.79,2.7,1,0.6666666666666666,1.6666666666666667
1.85,4.75,0,0.3333333333333333,2.0
1.85,4.75,0,1.6666666666666667,1.3333333333333333
3.1,2.54,0,0.3333333333333333,1.0
1.66,6.0,-1,0.6666666666666666,0.3333333333333333
2.25,3.39,0,2.3333333333333335,1.6666666666666667
1.08,23.0,-1,3.0,0.6666666666666666
5.5,1.66,1,0.3333333333333333,2.3333333333333335
1.53,7.0,0,1.3333333333333333,0.6666666666666666
2.89,2.54,0,1.6666666666666667,0.6666666666666666
2.14,3.6,-1,0.6666666666666666,1.3333333333333333
3.25,2.39,1,1.3333333333333333,2.3333333333333335
2.04,4.0,-1,1.0,1.0
2.62,2.87,0,0.3333333333333333,0.6666666666666666
1.72,5.25,0,1.6666666666666667,1.3333333333333333
9.5,1.28,1,1.3333333333333333,3.0
1.61,5.75,-1,2.3333333333333335,1.3333333333333333
1.72,5.5,-1,0.6666666666666666,0.6666666666666666
1.25,10.0,-1,3.0,2.3333333333333335
1.44,7.0,0,0.3333333333333333,2.3333333333333335
2.1,3.7,0,2.0,0.3333333333333333
2.2,3.39,-1,1.3333333333333333,1.6666666666666667
2.0,3.79,0,1.6666666666666667,0.0
2.2,3.5,1,0.6666666666666666,0.0
1.66,5.75,1,0.6666666666666666,0.3333333333333333
1.72,5.25,-1,1.3333333333333333,1.3333333333333333
4.33,1.85,0,1.3333333333333333,3.0
3.2,2.39,0,1.0,2.3333333333333335
2.39,3.0,0,1.0,2.0
1.61,5.5,-1,1.6666666666666667,3.0
4.0,1.95,0,1.3333333333333333,0.0
2.25,3.5,0,0.0,1.3333333333333333
2.7,2.87,0,0.0,2.0
2.5,3.0,1,1.0,2.3333333333333335
2.45,3.1,0,1.3333333333333333,1.0
1.8,5.0,0,2.0,1.3333333333333333
2.2,3.5,-1,1.0,1.0
1.08,34.0,-1,3.0,1.0
1.28,10.0,-1,2.3333333333333335,2.0
1.5,6.5,1,1.0,1.0
1.85,4.75,0,1.0,1.0
1.95,4.2,-1,1.0,1.0
3.2,2.29,1,1.0,2.3333333333333335
1.5,7.5,-1,3.0,1.0
2.7,2.62,-1,1.0,1.0
2.1,3.75,0,1.0,1.0
3.29,2.37,1,1.0,2.0
17.0,1.18,1,2.0,2.0
4.33,1.85,0,2.0,2.3333333333333335
2.29,3.0,-1,1.6666666666666667,2.0
2.79,2.87,-1,1.0,1.3333333333333333
2.0,4.0,1,2.0,0.0
2.5,3.1,1,1.3333333333333333,1.0
2.0,4.33,-1,1.3333333333333333,2.0
1.95,4.2,1,1.3333333333333333,1.3333333333333333
3.2,2.5,1,1.0,2.0
17.0,1.16,1,1.0,2.0
1.25,12.0,-1,2.3333333333333335,2.0
1.95,3.79,0,3.0,1.6666666666666667
3.6,2.04,-1,2.0,2.3333333333333335
2.14,3.5,-1,1.0,1.0
1.85,4.75,-1,1.3333333333333333,1.3333333333333333
2.39,3.25,1,1.0,0.3333333333333333
3.39,2.25,-1,1.3333333333333333,2.3333333333333335
2.04,3.79,-1,1.0,1.0
2.0,4.2,-1,0.3333333333333333,1.0
1.14,17.0,-1,2.0,1.6666666666666667
2.54,2.75,-1,0.3333333333333333,2.0
7.5,1.39,-1,2.3333333333333335,3.0
1.33,8.5,-1,1.6666666666666667,2.3333333333333335
1.57,6.5,-1,1.6666666666666667,1.0
3.1,2.45,-1,0.3333333333333333,2.0
1.72,5.75,-1,1.6666666666666667,0.3333333333333333
2.1,3.89,-1,1.0,2.3333333333333335
2.0,4.0,-1,0.0,0.3333333333333333
2.7,2.89,-1,0.0,1.3333333333333333
1.9,4.5,1,1.3333333333333333,1.0
4.75,1.75,1,1.0,3.0
1.07,25.0,-1,3.0,1.3333333333333333
3.75,2.25,0,0.0,1.3333333333333333
1.8,4.75,-1,1.3333333333333333,1.0
3.39,2.2,1,2.3333333333333335,2.3333333333333335
2.14,3.6,1,1.3333333333333333,0.0
2.5,3.0,-1,2.3333333333333335,1.0
2.6,3.0,0,0.0,2.0
1.7,5.0,0,2.3333333333333335,2.3333333333333335
1.8,5.0,1,1.0,0.3333333333333333
1.28,11.0,-1,2.0,1.0
12.0,1.25,1,2.0,3.0
1.44,7.5,0,3.0,1.3333333333333333
2.1,4.0,-1,0.0,1.0
2.6,3.1,1,0.3333333333333333,0.3333333333333333
1.85,4.33,0,1.0,2.3333333333333335
3.5,2.2,0,1.3333333333333333,3.0
1.6,6.5,-1,2.3333333333333335,0.0
3.25,2.37,1,1.0,0.0
4.0,2.0,1,0.3333333333333333,2.0
2.5,2.87,1,2.0,2.3333333333333335
2.14,3.6,-1,0.3333333333333333,2.0
2.54,2.89,0,1.0,3.0
1.3,10.0,-1,1.3333333333333333,1.0
1.07,29.0,-1,2.0,0.3333333333333333
2.79,2.7,1,0.0,1.3333333333333333
2.1,3.79,1,0.0,0.6666666666666666
1.9,4.5,-1,2.3333333333333335,0.3333333333333333
3.0,2.45,-1,1.3333333333333333,3.0
1.39,8.0,-1,3.0,1.3333333333333333
4.33,1.8,1,1.0,3.0
2.04,3.5,-1,2.0,2.3333333333333335
2.29,3.2,-1,3.0,1.0
2.04,4.0,-1,1.3333333333333333,0.3333333333333333
1.44,8.0,1,1.0,0.3333333333333333
2.14,3.6,0,0.3333333333333333,2.3333333333333335
2.25,3.39,-1,1.0,2.0
2.1,3.7,-1,2.3333333333333335,1.0
2.29,3.39,-1,0.0,1.0
11.0,1.22,1,2.3333333333333335,2.0
4.75,1.75,1,0.3333333333333333,2.0
1.5,7.0,-1,2.3333333333333335,0.6666666666666666
2.1,3.89,1,1.3333333333333333,2.0
5.5,1.61,1,2.0,2.0
2.39,3.25,0,0.0,1.6666666666666667
2.1,3.75,-1,1.3333333333333333,2.0
3.7,2.25,0,0.0,3.0
1.3,10.0,-1,1.0,1.0
2.25,3.79,-1,0.0,1.3333333333333333
1.12,21.0,-1,2.0,2.0
1.64,5.75,1,1.0,1.6666666666666667
3.39,2.2,0,1.6666666666666667,2.3333333333333335
4.33,1.85,1,1.6666666666666667,1.3333333333333333
2.29,3.6,0,0.3333333333333333,1.0
2.04,3.89,-1,1.0,0.3333333333333333
1.39,8.0,-1,0.3333333333333333,0.3333333333333333
1.44,8.5,-1,1.3333333333333333,0.3333333333333333
2.0,4.75,-1,2.0,3.0
2.62,2.89,1,1.0,0.6666666666666666
15.0,1.16,-1,1.6666666666666667,3.0
3.1,2.5,-1,2.0,1.3333333333333333
1.04,34.0,-1,3.0,2.0
2.1,3.79,1,0.3333333333333333,2.0
2.39,3.25,0,0.3333333333333333,1.6666666666666667
1.33,10.0,1,2.3333333333333335,1.0
6.5,1.5,1,0.3333333333333333,2.3333333333333335
3.75,2.04,-1,1.0,1.3333333333333333
2.62,2.89,1,0.3333333333333333,1.3333333333333333
1.83,4.75,-1,0.3333333333333333,0.3333333333333333
2.37,3.25,-1,2.3333333333333335,2.0
1.95,4.2,0,1.3333333333333333,1.3333333333333333
5.25,1.53,1,2.3333333333333335,3.0
1.5,6.5,-1,2.3333333333333335,0.6666666666666666
3.29,2.2,1,1.3333333333333333,2.3333333333333335
3.39,2.29,-1,1.3333333333333333,0.3333333333333333
2.25,3.39,-1,2.0,0.6666666666666666
2.37,3.2,1,0.3333333333333333,1.6666666666666667
2.14,3.7,-1,0.6666666666666666,2.0
3.2,2.37,-1,1.0,0.6666666666666666
2.39,3.2,-1,2.0,1.0
2.0,3.75,0,0.3333333333333333,1.3333333333333333
2.7,2.7,-1,1.0,2.0
2.29,3.1,0,0.0,2.3333333333333335
1.39,9.0,0,3.0,1.3333333333333333
2.6,2.89,0,1.0,1.0
1.9,4.33,-1,2.0,1.0
2.29,3.29,0,0.3333333333333333,0.3333333333333333
2.29,3.29,-1,1.3333333333333333,3.0
1.72,5.25,0,1.3333333333333333,0.0
1.11,21.0,-1,2.3333333333333335,2.0
5.25,1.66,0,1.6666666666666667,3.0
2.1,3.75,-1,1.0,0.3333333333333333
4.2,1.95,1,1.3333333333333333,3.0
1.53,7.0,-1,1.6666666666666667,1.0
3.29,2.29,1,0.0,0.3333333333333333
1.72,5.25,-1,0.0,2.0
1.44,7.0,-1,2.0,1.3333333333333333
1.75,5.5,0,2.0,1.3333333333333333
2.0,4.33,-1,1.3333333333333333,2.3333333333333335
2.75,2.62,-1,0.3333333333333333,1.6666666666666667
15.0,1.19,1,1.3333333333333333,2.3333333333333335
3.25,2.29,-1,2.0,0.3333333333333333
3.39,2.25,1,0.3333333333333333,1.6666666666666667
2.2,3.6,0,2.3333333333333335,1.0
1.18,15.0,-1,2.3333333333333335,0.0
1.66,5.75,-1,1.0,1.3333333333333333
2.6,2.89,-1,1.3333333333333333,2.3333333333333335
1.66,6.0,0,1.3333333333333333,1.0
2.04,4.09,1,2.3333333333333335,1.0
2.7,2.79,0,1.6666666666666667,1.3333333333333333
2.5,2.79,1,0.3333333333333333,1.3333333333333333
1.14,17.0,-1,2.3333333333333335,0.0
6.5,1.44,0,2.3333333333333335,2.3333333333333335
5.0,1.66,1,2.3333333333333335,1.6666666666666667
1.57,6.0,1,0.3333333333333333,0.6666666666666666
5.5,1.64,-1,0.0,1.3333333333333333
2.0,4.0,1,1.6666666666666667,1.3333333333333333
2.75,2.62,1,0.0,0.6666666666666666
2.1,3.75,-1,2.3333333333333335,1.3333333333333333
2.14,3.5,-1,0.3333333333333333,0.3333333333333333
1.33,10.0,-1,1.3333333333333333,2.0
2.14,3.6,1,1.3333333333333333,1.6666666666666667
4.2,1.91,0,0.3333333333333333,3.0
2.4,3.1,-1,1.6666666666666667,1.3333333333333333
1.67,6.0,0,2.0,3.0
2.5,3.1,1,2.0,0.6666666666666666
2.15,3.5,-1,1.3333333333333333,0.3333333333333333
1.55,6.5,0,0.3333333333333333,2.0
1.53,7.0,-1,1.3333333333333333,1.0
1.73,5.0,-1,0.3333333333333333,1.0
21.0,1.13,1,0.6666666666666666,2.3333333333333335
2.1,3.3,-1,0.6666666666666666,2.3333333333333335
2.38,3.0,1,2.3333333333333335,2.0
3.25,2.3,0,0.6666666666666666,1.3333333333333333
3.3,2.3,-1,1.3333333333333333,1.6666666666666667
2.05,4.0,0,0.3333333333333333,0.0
1.91,4.33,0,1.0,0.3333333333333333
1.67,6.0,-1,3.0,1.0
1.91,4.5,1,1.3333333333333333,2.0
1.14,15.0,-1,2.3333333333333335,2.3333333333333335
1.36,8.5,0,2.0,1.3333333333333333
1.53,6.5,-1,1.0,1.3333333333333333
2.55,3.1,1,0.0,2.3333333333333335
2.05,4.0,0,1.3333333333333333,1.0
1.73,5.5,-1,2.3333333333333335,2.0
1.85,4.75,-1,2.0,2.0
1.29,10.0,0,1.3333333333333333,1.0
2.0,4.0,1,1.0,0.3333333333333333
17.0,1.17,0,1.0,3.0
4.75,1.7,1,0.6666666666666666,2.0
1.8,4.5,0,2.0,0.6666666666666666
1.17,17.0,-1,3.0,1.6666666666666667
1.5,7.5,1,1.0,0.0
2.3,3.3,1,1.3333333333333333,2.0
4.0,2.05,1,2.0,0.3333333333333333
3.0,2.5,1,1.3333333333333333,1.3333333333333333
2.15,3.5,-1,1.0,0.6666666666666666
1.95,4.33,-1,2.3333333333333335,3.0
2.8,2.7,1,0.3333333333333333,0.3333333333333333
1.18,15.0,-1,2.0,0.3333333333333333
2.9,2.5,1,1.3333333333333333,1.6666666666666667
1.67,5.0,1,1.3333333333333333,0.3333333333333333
1.4,8.5,-1,1.6666666666666667,1.0
2.15,3.75,0,2.0,1.6666666666666667
2.05,4.0,-1,2.0,1.3333333333333333
2.15,3.8,1,0.3333333333333333,1.3333333333333333
2.0,4.2,1,1.3333333333333333,1.0
2.88,2.6,0,1.0,2.0
4.75,1.8,-1,1.0,3.0
19.0,1.13,1,0.0,3.0
3.0,2.45,0,0.3333333333333333,2.3333333333333335
1.62,5.5,-1,3.0,2.3333333333333335
2.25,3.5,0,1.6666666666666667,1.0
1.91,4.33,-1,1.0,1.3333333333333333
3.3,2.3,-1,0.0,1.0
1.44,7.5,-1,1.6666666666666667,1.3333333333333333
1.85,4.75,-1,1.0,0.0
2.55,2.88,-1,0.3333333333333333,1.3333333333333333
2.3,3.4,-1,1.0,0.6666666666666666
3.6,2.1,0,1.0,2.3333333333333335
1.08,29.0,-1,3.0,3.0
1.08,34.0,-1,,
1.6,5.75,0,,
1.6,6.0,1,,
1.85,4.5,0,,
2.0,4.0,-1,,
1.6,6.0,0,,
1.53,7.0,-1,,
2.5,3.1,1,,
1.57,5.5,0,,
10.0,1.3,1,,
15.0,1.22,1,,
7.0,1.5,1,,
3.75,2.1,-1,,
2.9,2.63,1,,
1.44,8.5,-1,,
3.0,2.5,1,,
2.2,3.5,-1,,
3.5,2.15,1,,
3.6,2.0,1,,
1.53,7.0,1,,
1.4,8.0,-1,,
2.5,3.1,0,,
2.0,4.1,-1,,
1.36,8.5,-1,,
2.8,2.63,1,,
1.91,4.2,-1,,
2.2,3.5,-1,,
2.6,2.9,0,,
1.11,25.0,-1,,
1.3,10.0,-1,,
1.22,11.0,-1,1.3333333333333333,2.0
1.61,6.0,0,2.0,2.3333333333333335
2.04,3.6,1,1.0,2.3333333333333335
1.4,8.0,-1,1.3333333333333333,0.3333333333333333
3.1,2.1,0,2.0,1.3333333333333333
1.4,8.0,-1,2.3333333333333335,2.0
3.3,2.25,1,0.0,1.3333333333333333
3.1,2.25,1,0.3333333333333333,0.3333333333333333
2.7,2.5,-1,0.0,1.3333333333333333
1.8,4.1,-1,0.3333333333333333,3.0
10.0,1.3,-1,3.0,2.3333333333333335
1.61,6.25,-1,2.3333333333333335,1.0
1.36,9.0,-1,1.3333333333333333,0.6666666666666666
2.5,2.75,1,0.3333333333333333,0.6666666666666666
2.5,2.89,-1,2.0,1.0
3.5,2.04,1,0.6666666666666666,2.0
2.79,2.79,1,2.3333333333333335,1.3333333333333333
2.62,2.7,0,1.3333333333333333,2.0
1.39,9.0,-1,1.3333333333333333,0.3333333333333333
1.44,8.5,-1,1.0,0.3333333333333333
2.45,2.62,-1,1.3333333333333333,1.6666666666666667
1.28,10.0,-1,1.6666666666666667,3.0
2.1,3.89,1,0.3333333333333333,3.0
1.66,4.5,0,2.3333333333333335,2.3333333333333335
4.0,2.0,1,0.3333333333333333,2.3333333333333335
1.39,10.0,1,1.3333333333333333,1.3333333333333333
2.39,3.1,1,1.0,1.0
2.25,3.2,-1,2.3333333333333335,0.6666666666666666
1.61,5.5,0,0.6666666666666666,0.6666666666666666
2.25,3.29,-1,0.3333333333333333,2.3333333333333335
2.1,3.75,1,1.3333333333333333,1.3333333333333333
2.1,3.1,-1,0.6666666666666666,2.0
1.44,7.5,-1,2.3333333333333335,1.0
12.0,1.25,1,1.6666666666666667,2.3333333333333335
1.5,7.5,0,0.3333333333333333,1.0
3.29,2.37,1,2.0,1.3333333333333333
2.1,4.0,0,3.0,1.0
1.72,5.0,-1,1.3333333333333333,0.6666666666666666
1.3,10.0,-1,1.6666666666666667,1.3333333333333333
1.85,4.33,-1,2.0,0.3333333333333333
1.36,9.5,0,1.0,0.0
4.5,1.75,-1,2.0,0.6666666666666666
1.66,5.5,1,1.3333333333333333,2.0
1.61,6.0,0,1.3333333333333333,3.0
3.1,2.39,1,0.0,2.0
5.25,1.72,-1,0.0,3.0
2.14,3.6,1,1.0,0.0
2.7,2.6,0,1.3333333333333333,1.0
2.04,4.0,1,1.0,2.0
2.29,3.2,0,1.0,2.3333333333333335
1.85,4.5,-1,1.3333333333333333,1.0
1.36,7.5,-1,3.0,0.0
3.29,2.25,-1,2.3333333333333335,2.3333333333333335
2.37,3.29,1,2.3333333333333335,0.3333333333333333
1.19,12.0,0,2.3333333333333335,1.3333333333333333
2.29,3.39,1,0.3333333333333333,0.3333333333333333
1.44,8.0,1,2.0,1.0
1.6,6.5,-1,0.3333333333333333,1.0
4.75,1.64,0,1.3333333333333333,2.3333333333333335
2.5,2.75,0,2.0,0.6666666666666666
10.0,1.28,1,1.3333333333333333,2.3333333333333335
2.14,3.75,-1,1.0,0.3333333333333333
1.22,15.0,-1,1.3333333333333333,2.3333333333333335
1.83,4.75,1,0.3333333333333333,1.3333333333333333
1.66,5.5,1,1.3333333333333333,1.3333333333333333
3.79,1.95,1,0.3333333333333333,1.3333333333333333
3.1,2.39,-1,1.0,1.6666666666666667
1.28,9.5,-1,2.3333333333333335,3.0
1.8,4.5,0,0.3333333333333333,1.0
2.29,3.1,1,0.3333333333333333,3.0
1.85,4.5,1,2.0,1.3333333333333333
1.5,6.5,-1,3.0,1.3333333333333333
1.9,4.0,-1,0.3333333333333333,1.3333333333333333
1.75,4.75,0,3.0,2.0
1.9,4.0,-1,2.3333333333333335,0.3333333333333333
1.12,21.0,-1,2.3333333333333335,1.0
2.25,3.25,-1,3.0,0.3333333333333333
2.2,3.29,-1,0.6666666666666666,0.3333333333333333
2.45,3.2,-1,0.3333333333333333,1.0
2.04,3.79,-1,0.3333333333333333,1.3333333333333333
1.95,3.75,1,1.0,2.0
1.22,13.0,-1,1.0,0.6666666666666666
2.37,2.87,0,0.3333333333333333,1.0
3.5,2.14,-1,0.3333333333333333,2.0
3.75,2.0,1,2.0,3.0
2.04,3.75,0,1.3333333333333333,0.0
4.75,1.66,0,1.0,3.0
10.0,1.25,1,0.3333333333333333,3.0
2.04,3.6,0,1.0,1.3333333333333333
1.57,6.0,0,2.0,2.3333333333333335
1.16,17.0,-1,2.0,3.0
4.2,2.04,-1,1.0,2.0
1.44,7.0,0,1.0,0.0
1.16,15.0,-1,2.3333333333333335,1.3333333333333333
3.7,2.1,-1,1.0,2.0
2.2,3.29,-1,1.3333333333333333,2.3333333333333335
1.72,5.25,1,1.3333333333333333,1.0
1.44,7.5,-1,2.3333333333333335,1.0
1.72,5.0,0,0.3333333333333333,0.3333333333333333
3.2,2.37,-1,1.3333333333333333,1.3333333333333333
2.14,3.6,1,1.0,1.3333333333333333
1.9,4.5,-1,1.3333333333333333,1.3333333333333333
3.5,2.1,1,0.6666666666666666,1.0
1.39,8.0,-1,2.0,2.0
2.87,2.62,-1,1.6666666666666667,1.3333333333333333
13.0,1.25,1,0.0,2.3333333333333335
1.75,5.25,1,1.0,0.3333333333333333
2.0,3.79,1,2.0,2.3333333333333335
5.75,1.5,1,1.3333333333333333,2.0
1.55,5.5,-1,2.0,0.6666666666666666
1.44,7.0,-1,1.0,0.6666666666666666
1.44,6.5,-1,2.3333333333333335,1.3333333333333333
1.64,5.25,-1,1.3333333333333333,2.0
1.72,4.75,-1,2.3333333333333335,3.0
3.1,2.45,0,0.0,1.6666666666666667
1.19,13.0,-1,2.0,2.0
2.14,4.0,-1,0.3333333333333333,0.0
2.79,2.7,0,0.3333333333333333,1.0
1.7,5.25,-1,2.0,1.3333333333333333
1.8,4.75,1,1.3333333333333333,2.0
1.8,5.0,-1,2.0,0.0
15.0,1.18,0,0.6666666666666666,2.3333333333333335
2.79,2.39,0,2.0,1.0
1.25,15.0,-1,3.0,0.3333333333333333
2.2,3.6,-1,1.0,1.3333333333333333
1.9,4.33,-1,1.3333333333333333,0.3333333333333333
2.62,2.79,0,1.3333333333333333,3.0
3.5,2.14,1,0.0,2.0
2.29,3.0,-1,1.0,1.3333333333333333
6.0,1.53,-1,1.0,3.0
2.5,2.87,1,0.3333333333333333,2.0
3.39,2.25,1,2.0,3.0
1.7,4.75,-1,2.0,2.0
1.75,5.25,-1,0.3333333333333333,0.0
1.75,4.75,-1,0.3333333333333333,1.6666666666666667
1.14,19.0,-1,1.6666666666666667,2.0
1.8,4.75,0,0.0,1.3333333333333333
1.14,17.0,-1,3.0,3.0
2.0,3.7,-1,0.3333333333333333,2.0
2.54,2.87,0,0.0,1.0
11.0,1.25,1,0.3333333333333333,2.3333333333333335
2.5,2.87,-1,1.0,1.3333333333333333
9.0,1.3,1,2.0,2.3333333333333335
2.5,2.89,0,0.6666666666666666,1.0
1.44,8.5,-1,3.0,0.6666666666666666
1.57,5.75,-1,1.0,0.6666666666666666
3.6,2.04,1,0.3333333333333333,1.0
1.9,4.33,-1,2.0,0.3333333333333333
6.5,1.44,1,2.3333333333333335,1.6666666666666667
3.5,2.04,1,1.3333333333333333,1.3333333333333333
1.85,5.0,-1,1.3333333333333333,1.3333333333333333
2.2,3.1,1,0.3333333333333333,1.0
1.5,6.5,-1,0.0,0.6666666666666666
1.9,4.0,0,2.0,0.3333333333333333
1.12,19.0,0,2.3333333333333335,1.0
1.72,4.75,-1,1.3333333333333333,1.6666666666666667
1.19,13.0,-1,2.3333333333333335,1.0
2.87,2.62,1,1.6666666666666667,1.6666666666666667
7.5,1.57,1,0.6666666666666666,2.3333333333333335
1.66,5.0,1,2.0,1.3333333333333333
1.44,7.5,0,0.6666666666666666,2.0
2.25,3.2,-1,1.0,0.6666666666666666
1.44,7.5,-1,2.3333333333333335,1.0
2.39,3.0,-1,1.6666666666666667,1.0
9.5,1.33,0,0.3333333333333333,3.0
1.9,4.5,0,1.6666666666666667,1.3333333333333333
13.0,1.19,0,0.3333333333333333,2.0
2.62,2.79,-1,1.3333333333333333,3.0
2.79,2.5,-1,1.0,3.0
2.6,2.75,-1,0.6666666666666666,1.3333333333333333
1.44,6.5,-1,0.0,0.3333333333333333
1.75,4.75,-1,2.3333333333333335,2.0
1.08,26.0,-1,3.0,1.3333333333333333
1.5,6.5,0,1.0,1.3333333333333333
1.16,17.0,-1,2.3333333333333335,1.0
2.37,3.5,-1,1.3333333333333333,1.3333333333333333
2.04,3.5,-1,2.3333333333333335,0.0
2.29,3.39,0,0.3333333333333333,1.3333333333333333
5.0,1.61,1,2.0,1.3333333333333333
2.0,3.79,0,0.3333333333333333,0.0
1.9,4.33,0,1.6666666666666667,1.3333333333333333
1.66,6.0,0,2.0,0.0
10.0,1.28,1,2.0,3.0
1.85,4.0,1,1.0,2.3333333333333335
1.14,15.0,-1,0.3333333333333333,0.3333333333333333
2.14,3.75,0,2.0,1.3333333333333333
4.5,1.72,-1,0.0,2.0
1.44,7.5,-1,2.3333333333333335,0.3333333333333333
1.36,9.5,0,2.0,1.0
2.75,2.7,1,2.3333333333333335,0.0
2.7,2.79,0,2.0,2.3333333333333335
2.25,3.5,-1,2.0,1.3333333333333333
6.5,1.44,1,1.3333333333333333,3.0
2.54,3.0,0,2.3333333333333335,2.3333333333333335
3.25,2.29,-1,1.0,0.3333333333333333
3.0,2.45,1,0.6666666666666666,1.3333333333333333
3.0,2.37,1,0.3333333333333333,1.0
4.0,2.04,1,3.0,2.0
1.25,10.0,1,1.3333333333333333,2.3333333333333335
1.72,4.75,-1,1.0,0.3333333333333333
1.8,5.0,-1,1.0,0.0
2.54,3.1,1,1.0,1.3333333333333333
6.5,1.5,0,1.0,1.3333333333333333
1.57,6.0,0,2.0,1.0
1.66,6.0,-1,2.3333333333333335,2.0
1.05,34.0,-1,3.0,0.6666666666666666
2.89,2.5,-1,1.3333333333333333,1.3333333333333333
1.5,6.5,1,0.3333333333333333,1.0
2.54,2.75,1,0.3333333333333333,2.3333333333333335
1.61,5.5,-1,1.0,2.0
1.39,10.0,-1,2.0,1.3333333333333333
2.54,2.7,1,1.0,0.3333333333333333
2.04,3.29,1,1.0,1.0
2.1,3.1,1,2.3333333333333335,2.3333333333333335
5.0,1.72,-1,0.3333333333333333,3.0
2.7,2.62,1,1.0,1.6666666666666667
2.14,3.5,-1,2.0,1.3333333333333333
2.0,3.75,-1,2.3333333333333335,2.0
2.25,3.0,-1,0.3333333333333333,1.3333333333333333
1.75,5.0,-1,1.3333333333333333,1.3333333333333333
2.7,2.89,0,0.6666666666666666,1.0
2.0,3.79,1,1.3333333333333333,0.3333333333333333
1.08,23.0,-1,1.6666666666666667,1.3333333333333333
2.5,2.87,0,1.3333333333333333,1.0
2.29,3.1,1,1.3333333333333333,0.0
2.2,3.5,-1,1.3333333333333333,1.3333333333333333
1.19,15.0,-1,3.0,2.0
2.75,2.6,-1,2.3333333333333335,1.3333333333333333
2.14,3.39,0,1.6666666666666667,0.3333333333333333
1.28,9.5,0,2.0,0.3333333333333333
2.04,3.6,1,1.0,0.6666666666666666
6.0,1.53,1,0.3333333333333333,1.6666666666666667
3.25,2.25,1,1.3333333333333333,1.0
4.75,1.72,1,0.3333333333333333,2.3333333333333335
1.53,6.0,1,0.6666666666666666,1.3333333333333333
1.66,5.0,-1,1.3333333333333333,1.3333333333333333
2.37,3.2,-1,0.3333333333333333,1.0
1.33,8.5,-1,1.6666666666666667,3.0
2.04,3.75,0,2.0,3.0
2.29,3.25,-1,1.0,1.3333333333333333
1.6,6.0,1,1.6666666666666667,1.0
2.2,3.1,-1,0.3333333333333333,0.6666666666666666
2.37,3.29,-1,2.0,1.0
3.0,2.29,-1,1.3333333333333333,2.3333333333333335
2.79,2.62,-1,0.0,1.3333333333333333
7.5,1.44,0,0.6666666666666666,2.3333333333333335
1.44,7.5,-1,2.0,0.3333333333333333
1.5,7.5,-1,2.3333333333333335,1.6666666666666667
1.12,17.0,0,2.3333333333333335,2.0
1.72,4.75,0,1.0,1.0
2.0,3.79,-1,1.0,2.3333333333333335
4.0,1.85,0,3.0,3.0
2.37,3.0,1,1.6666666666666667,2.0
1.44,7.0,0,1.3333333333333333,0.0
2.75,2.6,0,1.0,0.3333333333333333
7.5,1.53,1,1.3333333333333333,1.6666666666666667
2.0,3.75,0,0.3333333333333333,2.3333333333333335
1.08,21.0,-1,1.3333333333333333,2.0
2.5,3.1,1,1.0,1.3333333333333333
1.95,4.33,-1,1.0,0.0
2.39,3.0,-1,0.3333333333333333,1.3333333333333333
2.25,3.29,0,0.0,2.3333333333333335
1.95,4.0,1,0.0,0.6666666666666666
3.2,2.29,1,1.3333333333333333,3.0
2.37,3.1,-1,1.0,1.0
3.2,2.25,0,2.3333333333333335,2.0
1.72,4.75,-1,1.0,1.0
9.5,1.33,1,1.0,3.0
1.8,4.75,-1,1.6666666666666667,1.0
2.89,2.37,0,3.0,1.3333333333333333
1.08,19.0,-1,2.0,0.0
1.61,5.5,-1,1.3333333333333333,0.6666666666666666
1.53,6.0,-1,2.3333333333333335,1.0
2.1,3.5,-1,1.0,1.0
2.39,3.0,1,1.0,2.0
1.19,12.0,-1,2.3333333333333335,1.0
2.87,2.7,-1,0.0,1.6666666666666667
4.75,1.8,1,1.3333333333333333,1.6666666666666667
1.5,6.5,-1,3.0,2.0
2.0,3.79,0,1.0,1.3333333333333333
2.14,3.39,-1,0.6666666666666666,1.3333333333333333
2.04,3.6,1,0.0,1.3333333333333333
3.1,2.29,-1,0.0,1.3333333333333333
1.95,4.2,0,0.3333333333333333,0.6666666666666666
10.0,1.25,-1,1.3333333333333333,3.0
2.45,2.87,-1,0.3333333333333333,1.6666666666666667
1.61,6.0,-1,1.0,2.3333333333333335
7.0,1.44,1,1.0,2.3333333333333335
1.5,7.5,0,1.6666666666666667,3.0
6.0,1.6,1,1.0,3.0
2.04,3.79,1,1.3333333333333333,0.3333333333333333
1.85,4.0,0,1.3333333333333333,1.3333333333333333
1.09,23.0,-1,3.0,0.3333333333333333
2.37,3.29,-1,2.3333333333333335,1.3333333333333333
4.2,1.95,1,2.3333333333333335,1.6666666666666667
1.5,7.0,-1,2.0,0.0
1.07,26.0,-1,2.3333333333333335,0.3333333333333333
1.85,4.0,-1,3.0,1.0
1.57,6.0,-1,1.3333333333333333,1.0
2.37,3.2,0,0.3333333333333333,1.0
2.38,3.1,1,0.0,1.6666666666666667
2.55,2.7,1,2.3333333333333335,3.0
2.38,3.4,1,0.3333333333333333,1.6666666666666667
2.8,2.6,1,0.6666666666666666,1.3333333333333333
2.0,3.75,0,0.0,2.0
3.0,2.38,0,2.3333333333333335,3.0
3.5,2.15,1,1.0,0.3333333333333333
10.0,1.29,1,1.3333333333333333,2.0
2.5,2.9,-1,0.3333333333333333,2.0
1.75,5.0,0,1.3333333333333333,1.0
1.1,23.0,-1,2.0,2.3333333333333335
1.91,4.2,-1,2.3333333333333335,0.3333333333333333
1.83,4.33,-1,1.3333333333333333,1.0
1.08,26.0,-1,3.0,1.0
1.95,3.8,0,0.0,3.0
7.5,1.55,0,1.3333333333333333,3.0
1.83,4.5,1,1.3333333333333333,0.0
1.36,7.5,-1,2.0,0.3333333333333333
2.25,3.4,-1,1.0,1.3333333333333333
1.67,5.75,0,1.3333333333333333,0.3333333333333333
1.85,4.5,-1,2.0,1.6666666666666667
2.3,3.1,1,1.0,1.6666666666666667
2.05,3.8,1,2.0,0.3333333333333333
2.2,3.4,1,1.0,1.3333333333333333
2.88,2.63,-1,1.3333333333333333,2.3333333333333335
1.95,4.0,-1,1.3333333333333333,1.0
12.0,1.25,1,0.3333333333333333,3.0
2.9,2.4,0,0.0,1.0
17.0,1.17,1,0.0,1.3333333333333333
1.57,6.5,-1,2.3333333333333335,3.0
3.25,2.3,-1,1.0,2.0
1.8,4.5,0,1.0,1.0
1.73,5.5,0,2.0,1.0
1.4,7.5,-1,3.0,2.0
1.13,17.0,1,1.6666666666666667,2.0
1.91,4.5,-1,0.3333333333333333,0.0
3.4,2.25,1,2.0,2.3333333333333335
2.15,3.7,0,1.0,1.0
1.11,15.0,-1,3.0,1.0
1.5,7.0,-1,1.0,0.0
2.3,3.2,-1,0.3333333333333333,1.0
5.0,1.67,1,3.0,1.6666666666666667
2.75,2.55,-1,1.0,2.3333333333333335
3.3,2.3,1,1.3333333333333333,2.3333333333333335
3.1,2.4,1,0.0,1.0
1.22,15.0,-1,1.6666666666666667,0.0
1.83,4.5,-1,1.0,0.3333333333333333
11.0,1.25,1,1.3333333333333333,3.0
3.25,2.3,0,1.6666666666666667,1.6666666666666667
2.05,4.0,-1,1.0,2.0
2.0,3.8,1,,
1.85,4.33,-1,,
1.67,5.25,-1,,
1.67,5.5,-1,,
2.75,2.6,1,,
1.17,17.0,-1,,
1.57,6.0,-1,,
3.6,2.2,0,,
1.05,34.0,0,,
2.05,4.0,1,,
1.17,15.0,0,,
3.6,2.15,1,,
1.95,4.33,1,,
2.5,3.1,1,,
4.75,1.75,1,,
2.2,3.6,0,,
2.15,3.6,-1,,
10.0,1.29,1,,
2.2,3.4,-1,,
2.05,3.75,-1,,
2.1,3.7,1,,
3.25,2.3,-1,,
9.5,1.3,1,,
1.17,15.0,-1,,
1.5,7.5,0,,
1.62,5.5,0,,
8.0,1.45,0,,
2.38,3.2,1,,
1.75,4.5,-1,,
2.05,4.1,-1,,
