ptsH,ptsA,goalsH,goalsA,HS,AS,HST,AST,HC,AC,HF,AF,res
28.0,14.0,36.0,11.0,191.0,106.0,82.0,40.0,62.0,47.0,83.0,131.0,1
23.0,13.0,26.0,11.0,155.0,115.0,62.0,45.0,46.0,41.0,132.0,117.0,1
11.0,10.0,12.0,10.0,112.0,114.0,45.0,37.0,47.0,53.0,127.0,124.0,-1
17.0,11.0,10.0,12.0,123.0,122.0,34.0,40.0,38.0,42.0,130.0,146.0,-1
21.0,10.0,17.0,13.0,117.0,95.0,51.0,35.0,33.0,31.0,147.0,139.0,-1
14.0,4.0,11.0,7.0,148.0,118.0,53.0,48.0,63.0,33.0,116.0,133.0,-1
12.0,5.0,11.0,4.0,147.0,112.0,46.0,37.0,73.0,41.0,142.0,120.0,-1
14.0,10.0,11.0,12.0,151.0,115.0,49.0,48.0,41.0,45.0,140.0,165.0,-1
9.0,7.0,12.0,12.0,123.0,94.0,38.0,24.0,41.0,43.0,133.0,132.0,1
21.0,7.0,19.0,11.0,152.0,93.0,52.0,37.0,55.0,38.0,111.0,164.0,-1
12.0,10.0,17.0,5.0,161.0,82.0,61.0,24.0,49.0,41.0,129.0,124.0,0
13.0,24.0,17.0,22.0,113.0,143.0,42.0,53.0,46.0,60.0,135.0,125.0,1
20.0,20.0,15.0,19.0,148.0,145.0,55.0,48.0,63.0,39.0,140.0,115.0,0
18.0,8.0,18.0,12.0,145.0,92.0,53.0,32.0,60.0,37.0,123.0,139.0,1
18.0,6.0,16.0,6.0,123.0,85.0,43.0,33.0,55.0,44.0,154.0,141.0,1
14.0,15.0,14.0,15.0,138.0,119.0,48.0,48.0,60.0,48.0,116.0,162.0,0
13.0,15.0,16.0,12.0,149.0,88.0,49.0,40.0,51.0,33.0,132.0,143.0,-1
15.0,10.0,7.0,17.0,103.0,119.0,36.0,46.0,49.0,40.0,131.0,157.0,1
22.0,12.0,18.0,12.0,145.0,108.0,56.0,43.0,59.0,42.0,146.0,117.0,1
12.0,10.0,9.0,10.0,142.0,111.0,43.0,37.0,39.0,46.0,131.0,124.0,-1
15.0,11.0,13.0,11.0,137.0,105.0,49.0,41.0,59.0,48.0,117.0,129.0,1
28.0,11.0,35.0,13.0,195.0,91.0,82.0,35.0,67.0,34.0,90.0,151.0,-1
13.0,10.0,12.0,10.0,112.0,118.0,43.0,40.0,50.0,42.0,132.0,148.0,0
14.0,7.0,7.0,11.0,124.0,90.0,30.0,23.0,42.0,48.0,128.0,132.0,-1
21.0,7.0,17.0,7.0,121.0,110.0,54.0,38.0,36.0,42.0,154.0,121.0,-1
10.0,3.0,14.0,3.0,133.0,78.0,45.0,29.0,43.0,44.0,133.0,143.0,1
20.0,4.0,24.0,7.0,155.0,117.0,61.0,48.0,44.0,32.0,125.0,138.0,0
12.0,15.0,15.0,17.0,117.0,110.0,41.0,48.0,44.0,46.0,141.0,159.0,1
12.0,7.0,13.0,12.0,137.0,103.0,46.0,39.0,62.0,38.0,113.0,161.0,-1
19.0,21.0,19.0,20.0,146.0,146.0,49.0,49.0,51.0,36.0,117.0,116.0,-1
15.0,7.0,17.0,12.0,161.0,120.0,59.0,41.0,49.0,44.0,131.0,160.0,1
18.0,15.0,16.0,11.0,122.0,94.0,43.0,44.0,59.0,37.0,163.0,135.0,-1
12.0,8.0,13.0,13.0,157.0,93.0,53.0,35.0,74.0,36.0,144.0,132.0,-1
14.0,24.0,17.0,22.0,158.0,139.0,51.0,50.0,53.0,56.0,135.0,122.0,-1
15.0,10.0,7.0,13.0,101.0,119.0,35.0,52.0,51.0,48.0,139.0,160.0,1
16.0,10.0,16.0,6.0,139.0,79.0,50.0,25.0,61.0,37.0,110.0,120.0,1
12.0,8.0,10.0,13.0,142.0,88.0,44.0,35.0,39.0,32.0,129.0,132.0,0
21.0,12.0,17.0,12.0,145.0,108.0,53.0,39.0,61.0,46.0,144.0,130.0,-1
21.0,13.0,17.0,14.0,123.0,116.0,56.0,45.0,37.0,40.0,163.0,118.0,1
28.0,10.0,32.0,9.0,198.0,122.0,78.0,43.0,72.0,47.0,88.0,125.0,-1
18.0,3.0,24.0,4.0,156.0,77.0,62.0,28.0,43.0,47.0,122.0,146.0,-1
10.0,7.0,10.0,11.0,101.0,94.0,37.0,24.0,45.0,44.0,131.0,134.0,1
15.0,14.0,11.0,14.0,143.0,96.0,48.0,38.0,65.0,37.0,116.0,159.0,1
17.0,6.0,9.0,8.0,107.0,119.0,36.0,51.0,47.0,30.0,140.0,136.0,1
10.0,12.0,15.0,13.0,130.0,127.0,47.0,44.0,44.0,40.0,127.0,142.0,-1
18.0,21.0,18.0,21.0,160.0,146.0,61.0,48.0,43.0,31.0,134.0,120.0,-1
20.0,9.0,17.0,14.0,123.0,132.0,43.0,46.0,58.0,47.0,161.0,166.0,0
16.0,11.0,17.0,11.0,143.0,104.0,41.0,37.0,50.0,46.0,117.0,132.0,1
9.0,18.0,10.0,16.0,146.0,111.0,49.0,47.0,73.0,46.0,137.0,156.0,-1
11.0,7.0,14.0,12.0,114.0,111.0,37.0,42.0,43.0,44.0,145.0,156.0,1
15.0,8.0,8.0,5.0,131.0,75.0,37.0,25.0,39.0,36.0,132.0,118.0,-1
13.0,16.0,15.0,13.0,148.0,91.0,50.0,44.0,61.0,34.0,109.0,134.0,0
12.0,24.0,13.0,19.0,145.0,148.0,50.0,47.0,72.0,57.0,105.0,123.0,-1
14.0,11.0,19.0,12.0,161.0,118.0,52.0,50.0,54.0,52.0,136.0,160.0,0
14.0,12.0,11.0,11.0,136.0,127.0,42.0,49.0,36.0,46.0,137.0,127.0,1
18.0,14.0,15.0,14.0,152.0,94.0,52.0,35.0,60.0,38.0,139.0,166.0,0
10.0,8.0,12.0,7.0,102.0,77.0,40.0,28.0,42.0,33.0,130.0,119.0,1
28.0,16.0,31.0,16.0,203.0,121.0,79.0,50.0,79.0,44.0,89.0,123.0,-1
18.0,8.0,20.0,11.0,150.0,96.0,57.0,24.0,39.0,43.0,125.0,141.0,1
19.0,8.0,16.0,13.0,121.0,88.0,54.0,37.0,42.0,31.0,163.0,123.0,-1
15.0,12.0,13.0,15.0,142.0,133.0,56.0,47.0,71.0,42.0,128.0,143.0,0
14.0,12.0,18.0,11.0,158.0,116.0,51.0,44.0,54.0,50.0,135.0,127.0,-1
19.0,2.0,10.0,5.0,118.0,78.0,39.0,24.0,49.0,42.0,137.0,151.0,0
18.0,25.0,17.0,20.0,159.0,154.0,58.0,50.0,43.0,60.0,128.0,120.0,-1
9.0,22.0,12.0,22.0,125.0,146.0,42.0,51.0,44.0,33.0,146.0,129.0,0
13.0,6.0,18.0,9.0,133.0,126.0,40.0,49.0,41.0,35.0,119.0,139.0,0
11.0,18.0,16.0,17.0,119.0,111.0,46.0,51.0,44.0,49.0,122.0,158.0,0
15.0,9.0,14.0,12.0,148.0,133.0,51.0,45.0,60.0,48.0,110.0,175.0,-1
18.0,7.0,16.0,12.0,122.0,102.0,44.0,43.0,58.0,39.0,166.0,162.0,0
12.0,9.0,13.0,9.0,140.0,106.0,49.0,41.0,69.0,52.0,115.0,172.0,-1
10.0,14.0,9.0,12.0,154.0,86.0,52.0,38.0,78.0,29.0,138.0,135.0,0
18.0,8.0,10.0,10.0,139.0,107.0,41.0,37.0,47.0,49.0,135.0,140.0,1
16.0,8.0,12.0,10.0,156.0,94.0,52.0,24.0,57.0,45.0,140.0,141.0,-1
13.0,17.0,21.0,13.0,138.0,92.0,45.0,36.0,43.0,35.0,104.0,176.0,-1
19.0,11.0,10.0,11.0,121.0,122.0,39.0,44.0,51.0,47.0,128.0,132.0,-1
15.0,12.0,14.0,12.0,142.0,126.0,55.0,52.0,74.0,41.0,133.0,118.0,-1
26.0,2.0,27.0,5.0,204.0,89.0,75.0,26.0,75.0,44.0,94.0,160.0,0
16.0,9.0,18.0,9.0,141.0,79.0,53.0,30.0,33.0,32.0,133.0,123.0,0
12.0,8.0,14.0,13.0,95.0,96.0,39.0,43.0,40.0,32.0,135.0,118.0,1
15.0,10.0,17.0,12.0,155.0,125.0,47.0,41.0,57.0,39.0,139.0,141.0,1
14.0,15.0,13.0,16.0,140.0,122.0,44.0,52.0,36.0,48.0,134.0,156.0,-1
19.0,25.0,11.0,19.0,157.0,149.0,45.0,54.0,48.0,61.0,144.0,123.0,0
9.0,5.0,11.0,7.0,129.0,109.0,44.0,37.0,50.0,47.0,142.0,135.0,0
20.0,18.0,18.0,18.0,165.0,134.0,60.0,55.0,43.0,44.0,122.0,125.0,-1
16.0,14.0,15.0,12.0,125.0,79.0,54.0,36.0,42.0,24.0,160.0,141.0,-1
18.0,7.0,17.0,10.0,119.0,133.0,43.0,50.0,56.0,37.0,155.0,142.0,1
15.0,6.0,14.0,12.0,143.0,131.0,51.0,45.0,64.0,50.0,119.0,174.0,1
9.0,7.0,9.0,13.0,142.0,107.0,48.0,44.0,71.0,44.0,138.0,161.0,-1
12.0,19.0,16.0,21.0,125.0,141.0,48.0,52.0,44.0,37.0,104.0,145.0,0
17.0,9.0,14.0,8.0,147.0,100.0,49.0,39.0,59.0,50.0,106.0,170.0,-1
15.0,12.0,25.0,13.0,151.0,123.0,51.0,38.0,48.0,40.0,107.0,139.0,-1
21.0,5.0,19.0,8.0,160.0,93.0,60.0,22.0,43.0,47.0,123.0,144.0,-1
18.0,15.0,18.0,16.0,155.0,123.0,59.0,50.0,72.0,50.0,122.0,155.0,-1
13.0,2.0,12.0,5.0,158.0,95.0,51.0,28.0,52.0,49.0,139.0,161.0,0
28.0,14.0,31.0,13.0,213.0,83.0,83.0,37.0,76.0,24.0,92.0,149.0,1
18.0,7.0,19.0,12.0,135.0,93.0,52.0,41.0,31.0,34.0,136.0,112.0,-1
18.0,10.0,19.0,13.0,152.0,121.0,46.0,51.0,51.0,37.0,142.0,119.0,0
19.0,20.0,10.0,14.0,116.0,97.0,38.0,42.0,49.0,37.0,126.0,178.0,0
16.0,8.0,15.0,8.0,141.0,79.0,45.0,29.0,35.0,32.0,138.0,129.0,-1
15.0,14.0,16.0,12.0,130.0,131.0,48.0,46.0,53.0,56.0,150.0,130.0,1
17.0,16.0,14.0,17.0,134.0,153.0,41.0,56.0,66.0,46.0,108.0,120.0,1
18.0,2.0,17.0,7.0,145.0,104.0,53.0,33.0,66.0,41.0,118.0,138.0,-1
16.0,9.0,16.0,14.0,128.0,137.0,52.0,47.0,40.0,58.0,157.0,169.0,1
8.0,7.0,10.0,10.0,141.0,125.0,51.0,45.0,49.0,34.0,147.0,144.0,1
17.0,10.0,10.0,9.0,155.0,101.0,44.0,41.0,48.0,52.0,141.0,166.0,1
9.0,16.0,8.0,20.0,140.0,138.0,47.0,49.0,71.0,37.0,137.0,151.0,0
13.0,22.0,16.0,17.0,139.0,154.0,53.0,55.0,43.0,57.0,103.0,117.0,1
13.0,4.0,15.0,11.0,94.0,105.0,42.0,41.0,39.0,45.0,129.0,150.0,-1
10.0,11.0,9.0,8.0,150.0,73.0,47.0,27.0,48.0,26.0,132.0,137.0,0
19.0,11.0,10.0,15.0,126.0,124.0,40.0,50.0,53.0,29.0,127.0,120.0,1
28.0,15.0,32.0,15.0,213.0,122.0,86.0,48.0,76.0,53.0,90.0,157.0,1
15.0,5.0,25.0,8.0,159.0,99.0,56.0,30.0,50.0,52.0,106.0,158.0,0
18.0,4.0,16.0,9.0,125.0,112.0,46.0,45.0,32.0,49.0,140.0,149.0,-1
12.0,5.0,12.0,6.0,129.0,98.0,46.0,20.0,56.0,49.0,149.0,137.0,0
19.0,11.0,20.0,11.0,156.0,81.0,56.0,37.0,69.0,24.0,120.0,142.0,-1
18.0,7.0,18.0,12.0,150.0,88.0,43.0,39.0,50.0,32.0,146.0,118.0,-1
21.0,12.0,21.0,13.0,166.0,124.0,62.0,37.0,45.0,40.0,122.0,138.0,-1
11.0,9.0,8.0,10.0,135.0,117.0,49.0,40.0,66.0,32.0,141.0,140.0,-1
16.0,21.0,16.0,14.0,154.0,104.0,55.0,42.0,75.0,42.0,119.0,184.0,1
20.0,11.0,15.0,11.0,146.0,127.0,46.0,43.0,70.0,54.0,107.0,138.0,1
15.0,9.0,16.0,15.0,98.0,126.0,42.0,47.0,44.0,54.0,134.0,167.0,-1
17.0,15.0,10.0,21.0,151.0,142.0,40.0,50.0,49.0,38.0,130.0,157.0,1
19.0,7.0,17.0,7.0,124.0,100.0,51.0,36.0,41.0,54.0,164.0,165.0,1
16.0,22.0,15.0,17.0,139.0,160.0,47.0,57.0,45.0,60.0,146.0,112.0,-1
12.0,1.0,15.0,6.0,133.0,100.0,48.0,33.0,43.0,36.0,98.0,140.0,1
8.0,16.0,9.0,17.0,145.0,149.0,52.0,54.0,50.0,49.0,143.0,119.0,-1
,,,,,,,,,,,,-1
,,,,,,,,,,,,1
,,,,,,,,,,,,-1
,,,,,,,,,,,,-1
,,,,,,,,,,,,-1
,,,,,,,,,,,,-1
,,,,,,,,,,,,0
,,,,,,,,,,,,-1
,,,,,,,,,,,,-1
,,,,,,,,,,,,-1
,,,,,,,,,,,,1
,,,,,,,,,,,,-1
,,,,,,,,,,,,-1
,,,,,,,,,,,,1
,,,,,,,,,,,,-1
,,,,,,,,,,,,-1
,,,,,,,,,,,,1
,,,,,,,,,,,,-1
,,,,,,,,,,,,-1
,,,,,,,,,,,,0
,,,,,,,,,,,,-1
,,,,,,,,,,,,0
,,,,,,,,,,,,1
,,,,,,,,,,,,1
,,,,,,,,,,,,1
,,,,,,,,,,,,1
,,,,,,,,,,,,-1
,,,,,,,,,,,,1
,,,,,,,,,,,,0
,,,,,,,,,,,,-1
,,,,,,,,,,,,-1
,,,,,,,,,,,,1
,,,,,,,,,,,,0
,,,,,,,,,,,,0
,,,,,,,,,,,,1
,,,,,,,,,,,,-1
,,,,,,,,,,,,-1
,,,,,,,,,,,,-1
,,,,,,,,,,,,0
,,,,,,,,,,,,1
,,,,,,,,,,,,1
,,,,,,,,,,,,0
,,,,,,,,,,,,1
,,,,,,,,,,,,1
,,,,,,,,,,,,0
,,,,,,,,,,,,-1
,,,,,,,,,,,,-1
,,,,,,,,,,,,0
,,,,,,,,,,,,1
,,,,,,,,,,,,-1
,,,,,,,,,,,,-1
,,,,,,,,,,,,1
,,,,,,,,,,,,-1
,,,,,,,,,,,,0
,,,,,,,,,,,,0
,,,,,,,,,,,,1
,,,,,,,,,,,,1
,,,,,,,,,,,,1
,,,,,,,,,,,,-1
,,,,,,,,,,,,-1
,,,,,,,,,,,,1
,,,,,,,,,,,,-1
,,,,,,,,,,,,-1
,,,,,,,,,,,,-1
,,,,,,,,,,,,0
,,,,,,,,,,,,0
,,,,,,,,,,,,1
,,,,,,,,,,,,0
,,,,,,,,,,,,1
,,,,,,,,,,,,-1
,,,,,,,,,,,,1
,,,,,,,,,,,,0
,,,,,,,,,,,,-1
,,,,,,,,,,,,0
,,,,,,,,,,,,0
,,,,,,,,,,,,1
,,,,,,,,,,,,-1
,,,,,,,,,,,,1
,,,,,,,,,,,,-1
,,,,,,,,,,,,-1
,,,,,,,,,,,,-1
,,,,,,,,,,,,0
,,,,,,,,,,,,-1
,,,,,,,,,,,,-1
,,,,,,,,,,,,1
,,,,,,,,,,,,1
,,,,,,,,,,,,0
,,,,,,,,,,,,1
,,,,,,,,,,,,1
,,,,,,,,,,,,-1
,,,,,,,,,,,,0
,,,,,,,,,,,,1
,,,,,,,,,,,,-1
,,,,,,,,,,,,-1
,,,,,,,,,,,,1
,,,,,,,,,,,,1
,,,,,,,,,,,,1
,,,,,,,,,,,,1
,,,,,,,,,,,,-1
,,,,,,,,,,,,-1
,,,,,,,,,,,,0
,,,,,,,,,,,,0
,,,,,,,,,,,,-1
,,,,,,,,,,,,0
,,,,,,,,,,,,0
,,,,,,,,,,,,0
,,,,,,,,,,,,1
,,,,,,,,,,,,1
,,,,,,,,,,,,1
,,,,,,,,,,,,0
,,,,,,,,,,,,-1
,,,,,,,,,,,,-1
,,,,,,,,,,,,0
,,,,,,,,,,,,0
,,,,,,,,,,,,1
,,,,,,,,,,,,-1
,,,,,,,,,,,,-1
,,,,,,,,,,,,-1
,,,,,,,,,,,,0
,,,,,,,,,,,,0
,,,,,,,,,,,,0
,,,,,,,,,,,,1
,,,,,,,,,,,,1
,,,,,,,,,,,,-1
,,,,,,,,,,,,1
,,,,,,,,,,,,-1
,,,,,,,,,,,,1
,,,,,,,,,,,,-1
,,,,,,,,,,,,1
,,,,,,,,,,,,-1
,,,,,,,,,,,,0
,,,,,,,,,,,,0
,,,,,,,,,,,,1
,,,,,,,,,,,,1
,,,,,,,,,,,,-1
,,,,,,,,,,,,-1
,,,,,,,,,,,,1
,,,,,,,,,,,,0
,,,,,,,,,,,,-1
,,,,,,,,,,,,0
,,,,,,,,,,,,1
,,,,,,,,,,,,-1
,,,,,,,,,,,,0
,,,,,,,,,,,,1
,,,,,,,,,,,,1
,,,,,,,,,,,,1
,,,,,,,,,,,,-1
,,,,,,,,,,,,-1
,,,,,,,,,,,,-1
,,,,,,,,,,,,-1
,,,,,,,,,,,,-1
,,,,,,,,,,,,-1
,,,,,,,,,,,,1
,,,,,,,,,,,,-1
,,,,,,,,,,,,1
,,,,,,,,,,,,1
,,,,,,,,,,,,-1
,,,,,,,,,,,,1
,,,,,,,,,,,,-1
,,,,,,,,,,,,1
,,,,,,,,,,,,-1
,,,,,,,,,,,,-1
,,,,,,,,,,,,1
,,,,,,,,,,,,-1
,,,,,,,,,,,,-1
,,,,,,,,,,,,-1
,,,,,,,,,,,,1
,,,,,,,,,,,,-1
,,,,,,,,,,,,1
,,,,,,,,,,,,0
,,,,,,,,,,,,1
,,,,,,,,,,,,1
,,,,,,,,,,,,-1
,,,,,,,,,,,,0
,,,,,,,,,,,,-1
,,,,,,,,,,,,-1
,,,,,,,,,,,,-1
,,,,,,,,,,,,-1
,,,,,,,,,,,,1
,,,,,,,,,,,,0
12.0,7.0,9.0,11.0,102.0,112.0,33.0,43.0,48.0,59.0,76.0,92.0,-1
14.0,8.0,17.0,6.0,129.0,98.0,42.0,32.0,46.0,46.0,118.0,107.0,0
9.0,5.0,8.0,10.0,110.0,131.0,27.0,44.0,53.0,49.0,99.0,92.0,-1
24.0,4.0,27.0,5.0,166.0,98.0,64.0,28.0,62.0,37.0,88.0,117.0,1
23.0,1.0,16.0,2.0,140.0,93.0,46.0,28.0,57.0,45.0,103.0,101.0,1
15.0,17.0,9.0,17.0,119.0,138.0,33.0,52.0,33.0,40.0,108.0,87.0,0
8.0,23.0,10.0,24.0,116.0,171.0,46.0,59.0,62.0,76.0,103.0,86.0,1
14.0,5.0,11.0,4.0,96.0,96.0,37.0,39.0,44.0,24.0,95.0,142.0,1
25.0,10.0,21.0,15.0,179.0,99.0,65.0,38.0,62.0,45.0,95.0,99.0,-1
13.0,11.0,13.0,9.0,117.0,91.0,40.0,33.0,49.0,40.0,105.0,112.0,-1
13.0,19.0,13.0,15.0,114.0,130.0,38.0,45.0,49.0,54.0,102.0,93.0,0
25.0,4.0,30.0,4.0,177.0,99.0,76.0,27.0,81.0,35.0,94.0,120.0,0
25.0,11.0,25.0,11.0,188.0,100.0,69.0,37.0,68.0,39.0,97.0,105.0,-1
11.0,6.0,11.0,10.0,129.0,128.0,39.0,43.0,73.0,48.0,104.0,90.0,1
20.0,9.0,16.0,8.0,204.0,83.0,73.0,34.0,80.0,24.0,82.0,105.0,-1
17.0,8.0,12.0,11.0,103.0,107.0,37.0,41.0,43.0,59.0,96.0,120.0,0
23.0,14.0,28.0,11.0,157.0,98.0,70.0,36.0,65.0,32.0,101.0,108.0,1
20.0,18.0,18.0,19.0,215.0,154.0,78.0,50.0,88.0,59.0,78.0,94.0,1
27.0,8.0,32.0,8.0,186.0,83.0,82.0,34.0,81.0,28.0,90.0,110.0,-1
18.0,7.0,13.0,10.0,92.0,102.0,27.0,38.0,46.0,59.0,111.0,124.0,1
15.0,7.0,16.0,7.0,161.0,60.0,52.0,22.0,59.0,31.0,92.0,92.0,-1
14.0,9.0,12.0,17.0,132.0,76.0,40.0,36.0,75.0,41.0,99.0,97.0,-1
15.0,11.0,15.0,11.0,142.0,99.0,43.0,38.0,60.0,38.0,127.0,107.0,-1
7.0,21.0,12.0,20.0,119.0,136.0,35.0,52.0,61.0,56.0,118.0,99.0,1
9.0,13.0,9.0,14.0,104.0,116.0,33.0,42.0,43.0,50.0,120.0,116.0,-1
16.0,22.0,14.0,18.0,137.0,122.0,42.0,46.0,51.0,49.0,117.0,100.0,-1
23.0,1.0,24.0,2.0,199.0,91.0,71.0,25.0,72.0,50.0,96.0,103.0,1
20.0,9.0,15.0,10.0,131.0,137.0,48.0,42.0,50.0,53.0,107.0,97.0,0
16.0,23.0,13.0,22.0,115.0,166.0,39.0,59.0,53.0,77.0,107.0,85.0,0
18.0,14.0,12.0,16.0,103.0,146.0,35.0,51.0,46.0,41.0,101.0,88.0,-1
14.0,3.0,10.0,4.0,100.0,98.0,34.0,28.0,48.0,31.0,81.0,112.0,1
12.0,13.0,14.0,18.0,138.0,106.0,41.0,42.0,44.0,48.0,121.0,99.0,-1
12.0,9.0,10.0,8.0,120.0,87.0,31.0,30.0,57.0,38.0,96.0,115.0,1
15.0,5.0,11.0,5.0,112.0,96.0,35.0,31.0,34.0,48.0,110.0,112.0,1
8.0,8.0,12.0,12.0,119.0,109.0,45.0,41.0,64.0,54.0,97.0,95.0,0
24.0,4.0,28.0,5.0,169.0,95.0,65.0,41.0,65.0,28.0,89.0,137.0,1
18.0,12.0,14.0,13.0,89.0,104.0,30.0,40.0,44.0,38.0,113.0,108.0,0
27.0,7.0,29.0,8.0,193.0,66.0,82.0,24.0,82.0,36.0,96.0,94.0,-1
20.0,9.0,25.0,16.0,170.0,72.0,77.0,35.0,69.0,41.0,101.0,94.0,-1
11.0,13.0,10.0,10.0,106.0,96.0,33.0,33.0,42.0,31.0,117.0,114.0,1
15.0,13.0,16.0,14.0,134.0,120.0,41.0,43.0,63.0,54.0,126.0,113.0,0
7.0,20.0,10.0,22.0,126.0,157.0,35.0,53.0,57.0,57.0,117.0,96.0,1
14.0,12.0,9.0,15.0,103.0,141.0,34.0,49.0,50.0,47.0,80.0,84.0,-1
16.0,7.0,14.0,11.0,128.0,111.0,41.0,40.0,68.0,60.0,96.0,126.0,-1
16.0,22.0,17.0,20.0,164.0,124.0,55.0,49.0,56.0,49.0,89.0,102.0,1
15.0,21.0,14.0,20.0,135.0,128.0,39.0,48.0,50.0,54.0,119.0,102.0,1
16.0,3.0,13.0,5.0,105.0,93.0,37.0,37.0,48.0,29.0,101.0,121.0,1
23.0,3.0,16.0,5.0,132.0,91.0,48.0,29.0,51.0,44.0,108.0,112.0,-1
12.0,9.0,9.0,10.0,116.0,128.0,33.0,42.0,38.0,53.0,107.0,103.0,-1
26.0,23.0,24.0,21.0,203.0,163.0,70.0,58.0,77.0,77.0,91.0,83.0,-1
22.0,9.0,26.0,12.0,165.0,112.0,62.0,45.0,65.0,54.0,90.0,92.0,1
14.0,14.0,9.0,18.0,111.0,98.0,38.0,38.0,54.0,45.0,83.0,101.0,-1
12.0,6.0,13.0,3.0,133.0,91.0,38.0,27.0,44.0,32.0,118.0,108.0,-1
9.0,4.0,10.0,5.0,115.0,99.0,30.0,27.0,51.0,47.0,97.0,108.0,-1
17.0,8.0,11.0,8.0,98.0,80.0,30.0,29.0,48.0,37.0,104.0,117.0,1
8.0,12.0,10.0,16.0,122.0,135.0,41.0,51.0,69.0,44.0,88.0,82.0,0
22.0,8.0,18.0,15.0,213.0,77.0,82.0,39.0,93.0,36.0,81.0,93.0,1
20.0,7.0,27.0,10.0,178.0,103.0,77.0,34.0,68.0,59.0,100.0,130.0,-1
30.0,19.0,30.0,17.0,182.0,129.0,81.0,47.0,79.0,52.0,94.0,113.0,-1
15.0,13.0,16.0,12.0,154.0,117.0,52.0,41.0,49.0,56.0,90.0,112.0,-1
15.0,7.0,13.0,7.0,132.0,76.0,39.0,31.0,55.0,27.0,119.0,115.0,-1
16.0,9.0,13.0,12.0,122.0,108.0,40.0,41.0,62.0,37.0,97.0,103.0,1
11.0,18.0,9.0,19.0,106.0,131.0,30.0,50.0,41.0,60.0,106.0,104.0,1
15.0,13.0,17.0,10.0,132.0,99.0,39.0,33.0,57.0,36.0,120.0,113.0,1
7.0,6.0,11.0,7.0,119.0,61.0,36.0,23.0,53.0,36.0,115.0,96.0,0
20.0,22.0,18.0,25.0,91.0,161.0,34.0,57.0,43.0,64.0,117.0,99.0,1
25.0,15.0,18.0,16.0,217.0,133.0,86.0,47.0,92.0,59.0,93.0,109.0,-1
20.0,4.0,26.0,7.0,168.0,98.0,71.0,41.0,69.0,31.0,102.0,113.0,0
23.0,23.0,20.0,20.0,95.0,157.0,37.0,58.0,43.0,73.0,121.0,85.0,-1
13.0,7.0,11.0,10.0,98.0,99.0,33.0,34.0,45.0,52.0,101.0,123.0,0
16.0,12.0,15.0,18.0,126.0,106.0,39.0,38.0,55.0,54.0,121.0,96.0,1
23.0,6.0,18.0,7.0,137.0,71.0,50.0,22.0,59.0,39.0,113.0,95.0,1
9.0,7.0,8.0,7.0,114.0,92.0,34.0,34.0,46.0,35.0,109.0,115.0,1
17.0,11.0,17.0,11.0,133.0,115.0,41.0,45.0,53.0,59.0,117.0,98.0,-1
7.0,13.0,10.0,9.0,118.0,93.0,35.0,30.0,55.0,31.0,116.0,108.0,1
13.0,22.0,14.0,27.0,143.0,160.0,42.0,58.0,49.0,61.0,121.0,104.0,-1
22.0,4.0,24.0,7.0,173.0,106.0,60.0,29.0,69.0,51.0,100.0,116.0,1
15.0,3.0,18.0,4.0,148.0,89.0,52.0,26.0,54.0,47.0,97.0,118.0,-1
12.0,10.0,11.0,10.0,116.0,111.0,31.0,38.0,50.0,58.0,94.0,107.0,-1
12.0,6.0,10.0,8.0,108.0,71.0,33.0,25.0,44.0,32.0,105.0,131.0,-1
12.0,23.0,11.0,21.0,115.0,155.0,35.0,57.0,49.0,65.0,116.0,84.0,1
15.0,12.0,17.0,12.0,141.0,134.0,50.0,43.0,55.0,57.0,92.0,116.0,1
20.0,4.0,25.0,9.0,174.0,111.0,69.0,30.0,70.0,48.0,99.0,123.0,-1
25.0,10.0,20.0,9.0,204.0,112.0,83.0,36.0,86.0,60.0,98.0,112.0,-1
20.0,9.0,20.0,6.0,90.0,88.0,37.0,28.0,33.0,32.0,125.0,107.0,0
14.0,5.0,13.0,8.0,91.0,75.0,30.0,24.0,42.0,41.0,95.0,95.0,-1
9.0,8.0,6.0,11.0,114.0,99.0,32.0,33.0,47.0,53.0,111.0,123.0,-1
7.0,12.0,11.0,16.0,118.0,103.0,37.0,38.0,49.0,54.0,120.0,98.0,-1
13.0,10.0,11.0,6.0,101.0,92.0,31.0,26.0,50.0,35.0,93.0,107.0,0
23.0,22.0,17.0,27.0,143.0,158.0,51.0,63.0,64.0,53.0,115.0,96.0,1
14.0,16.0,14.0,15.0,152.0,121.0,47.0,42.0,57.0,52.0,129.0,117.0,-1
30.0,15.0,32.0,17.0,184.0,150.0,88.0,56.0,78.0,47.0,96.0,78.0,-1
14.0,12.0,14.0,14.0,120.0,143.0,35.0,49.0,51.0,49.0,117.0,105.0,0
22.0,9.0,25.0,12.0,175.0,113.0,65.0,44.0,70.0,37.0,103.0,104.0,0
18.0,13.0,14.0,12.0,108.0,114.0,39.0,45.0,52.0,61.0,92.0,101.0,-1
10.0,6.0,11.0,8.0,124.0,92.0,41.0,40.0,62.0,28.0,90.0,109.0,1
14.0,9.0,8.0,16.0,108.0,76.0,26.0,39.0,51.0,33.0,101.0,94.0,-1
26.0,7.0,26.0,7.0,202.0,90.0,69.0,31.0,72.0,36.0,87.0,115.0,-1
14.0,3.0,16.0,4.0,131.0,87.0,37.0,26.0,57.0,44.0,116.0,114.0,1
14.0,6.0,8.0,7.0,102.0,77.0,35.0,23.0,49.0,38.0,83.0,129.0,-1
23.0,23.0,27.0,19.0,189.0,163.0,76.0,58.0,70.0,72.0,95.0,86.0,-1
23.0,15.0,19.0,17.0,151.0,151.0,53.0,54.0,67.0,51.0,108.0,72.0,-1
17.0,12.0,16.0,15.0,161.0,134.0,49.0,46.0,60.0,51.0,124.0,115.0,1
14.0,7.0,17.0,8.0,129.0,83.0,34.0,27.0,53.0,34.0,114.0,130.0,1
15.0,9.0,15.0,12.0,142.0,117.0,49.0,45.0,54.0,44.0,86.0,106.0,0
12.0,5.0,11.0,7.0,116.0,70.0,33.0,24.0,55.0,37.0,112.0,102.0,-1
14.0,7.0,8.0,11.0,113.0,107.0,37.0,30.0,49.0,54.0,86.0,119.0,1
20.0,10.0,21.0,16.0,173.0,77.0,58.0,41.0,69.0,35.0,103.0,101.0,1
8.0,4.0,12.0,5.0,117.0,81.0,38.0,26.0,50.0,36.0,121.0,122.0,-1
18.0,5.0,14.0,9.0,100.0,91.0,33.0,39.0,43.0,27.0,95.0,101.0,0
22.0,4.0,17.0,5.0,188.0,84.0,77.0,26.0,82.0,38.0,95.0,109.0,-1
11.0,20.0,13.0,26.0,130.0,159.0,39.0,61.0,62.0,57.0,96.0,94.0,-1
7.0,17.0,6.0,15.0,112.0,114.0,34.0,37.0,48.0,45.0,110.0,115.0,-1
11.0,13.0,9.0,11.0,82.0,112.0,27.0,44.0,44.0,60.0,90.0,96.0,0
30.0,13.0,34.0,15.0,185.0,109.0,88.0,37.0,75.0,57.0,91.0,96.0,0
17.0,10.0,17.0,8.0,102.0,102.0,36.0,33.0,34.0,58.0,125.0,106.0,0
14.0,8.0,12.0,5.0,117.0,83.0,38.0,23.0,47.0,33.0,121.0,105.0,1
14.0,13.0,9.0,7.0,103.0,84.0,25.0,27.0,51.0,36.0,103.0,105.0,0
13.0,5.0,10.0,11.0,102.0,115.0,31.0,29.0,44.0,47.0,97.0,127.0,1
26.0,12.0,26.0,15.0,202.0,146.0,69.0,54.0,71.0,52.0,83.0,106.0,0
11.0,18.0,13.0,20.0,115.0,151.0,27.0,55.0,50.0,49.0,111.0,78.0,0
20.0,14.0,20.0,16.0,199.0,136.0,64.0,45.0,78.0,47.0,95.0,126.0,1
16.0,8.0,15.0,11.0,154.0,123.0,46.0,42.0,60.0,46.0,127.0,106.0,-1
23.0,7.0,24.0,7.0,190.0,79.0,75.0,28.0,73.0,29.0,95.0,136.0,1
15.0,5.0,15.0,9.0,142.0,91.0,44.0,39.0,52.0,31.0,77.0,93.0,-1
12.0,11.0,9.0,15.0,102.0,82.0,31.0,41.0,53.0,37.0,107.0,101.0,-1
17.0,5.0,15.0,6.0,99.0,71.0,35.0,23.0,43.0,35.0,99.0,103.0,-1
23.0,5.0,21.0,5.0,151.0,86.0,53.0,28.0,66.0,38.0,118.0,116.0,-1
9.0,7.0,10.0,9.0,114.0,107.0,36.0,29.0,47.0,52.0,124.0,122.0,0
14.0,25.0,7.0,24.0,110.0,171.0,37.0,61.0,49.0,70.0,86.0,86.0,1
30.0,4.0,36.0,5.0,191.0,88.0,87.0,28.0,74.0,41.0,87.0,116.0,0
13.0,7.0,12.0,13.0,119.0,111.0,36.0,31.0,50.0,45.0,114.0,131.0,-1
24.0,20.0,24.0,16.0,206.0,117.0,71.0,38.0,76.0,46.0,84.0,111.0,1
23.0,10.0,17.0,9.0,180.0,109.0,76.0,43.0,79.0,61.0,101.0,95.0,0
17.0,14.0,17.0,15.0,105.0,111.0,36.0,37.0,33.0,56.0,128.0,92.0,0
9.0,13.0,7.0,7.0,112.0,78.0,33.0,29.0,48.0,34.0,108.0,99.0,1
10.0,7.0,12.0,5.0,126.0,83.0,40.0,23.0,63.0,35.0,100.0,107.0,1
12.0,20.0,10.0,26.0,92.0,168.0,29.0,60.0,51.0,59.0,88.0,100.0,1
11.0,13.0,7.0,14.0,101.0,148.0,24.0,52.0,52.0,50.0,108.0,113.0,0
12.0,9.0,11.0,7.0,104.0,98.0,32.0,30.0,43.0,57.0,96.0,98.0,0
8.0,20.0,6.0,26.0,108.0,157.0,26.0,59.0,56.0,53.0,114.0,100.0,1
9.0,16.0,11.0,18.0,125.0,134.0,37.0,49.0,68.0,41.0,100.0,125.0,-1
30.0,11.0,38.0,11.0,183.0,133.0,85.0,46.0,64.0,51.0,92.0,111.0,1
23.0,9.0,23.0,6.0,191.0,112.0,74.0,30.0,78.0,60.0,103.0,104.0,-1
17.0,18.0,8.0,17.0,101.0,123.0,37.0,44.0,47.0,53.0,86.0,109.0,1
16.0,3.0,16.0,5.0,108.0,85.0,33.0,26.0,40.0,44.0,127.0,110.0,-1
14.0,10.0,14.0,15.0,98.0,112.0,32.0,31.0,41.0,44.0,99.0,132.0,-1
11.0,5.0,12.0,5.0,118.0,90.0,35.0,27.0,52.0,39.0,106.0,117.0,0
14.0,9.0,12.0,8.0,111.0,108.0,31.0,42.0,47.0,61.0,99.0,98.0,1
15.0,18.0,12.0,18.0,104.0,153.0,34.0,51.0,50.0,55.0,104.0,81.0,1
23.0,6.0,20.0,10.0,153.0,96.0,51.0,36.0,69.0,34.0,112.0,92.0,-1
20.0,28.0,20.0,23.0,201.0,179.0,67.0,65.0,77.0,69.0,91.0,93.0,-1
12.0,13.0,14.0,13.0,138.0,144.0,42.0,49.0,50.0,48.0,82.0,112.0,1
22.0,7.0,21.0,7.0,214.0,79.0,66.0,28.0,83.0,29.0,82.0,128.0,1
25.0,13.0,19.0,15.0,181.0,108.0,76.0,40.0,79.0,56.0,99.0,86.0,1
13.0,14.0,14.0,8.0,153.0,83.0,47.0,30.0,58.0,39.0,120.0,98.0,1
13.0,8.0,9.0,11.0,100.0,82.0,33.0,38.0,49.0,39.0,91.0,103.0,-1
11.0,7.0,9.0,7.0,116.0,70.0,37.0,21.0,51.0,31.0,114.0,99.0,-1
11.0,7.0,11.0,7.0,107.0,103.0,23.0,28.0,48.0,52.0,107.0,119.0,-1
7.0,8.0,9.0,5.0,109.0,86.0,34.0,24.0,48.0,40.0,126.0,110.0,0
21.0,7.0,21.0,12.0,201.0,95.0,64.0,45.0,90.0,40.0,86.0,107.0,-1
25.0,20.0,25.0,18.0,204.0,143.0,78.0,47.0,77.0,50.0,101.0,91.0,1
8.0,16.0,6.0,18.0,106.0,140.0,26.0,50.0,53.0,43.0,114.0,126.0,1
,6.0,,5.0,,83.0,,24.0,,45.0,,109.0,-1
28.0,13.0,36.0,16.0,185.0,124.0,84.0,34.0,62.0,48.0,91.0,134.0,1
12.0,6.0,13.0,4.0,129.0,105.0,39.0,27.0,71.0,55.0,110.0,106.0,-1
19.0,18.0,17.0,19.0,105.0,119.0,37.0,46.0,40.0,52.0,129.0,110.0,-1
17.0,18.0,7.0,27.0,108.0,152.0,33.0,59.0,49.0,47.0,93.0,96.0,-1
14.0,8.0,13.0,8.0,101.0,92.0,31.0,32.0,43.0,47.0,100.0,127.0,0
14.0,8.0,13.0,10.0,118.0,132.0,35.0,45.0,44.0,49.0,102.0,110.0,0
14.0,8.0,10.0,6.0,95.0,91.0,30.0,36.0,48.0,51.0,97.0,92.0,-1
9.0,12.0,9.0,12.0,111.0,148.0,37.0,51.0,51.0,51.0,127.0,114.0,-1
12.0,30.0,14.0,25.0,157.0,178.0,50.0,65.0,63.0,71.0,113.0,91.0,-1
25.0,,24.0,,160.0,,54.0,,70.0,,119.0,,-1
9.0,8.0,12.0,7.0,125.0,80.0,37.0,29.0,54.0,26.0,80.0,124.0,1
22.0,6.0,16.0,10.0,179.0,104.0,70.0,36.0,80.0,41.0,110.0,92.0,-1
15.0,16.0,10.0,11.0,104.0,82.0,35.0,31.0,51.0,40.0,90.0,95.0,1
20.0,13.0,19.0,17.0,207.0,107.0,74.0,42.0,74.0,59.0,96.0,95.0,-1
10.0,7.0,9.0,5.0,111.0,81.0,38.0,23.0,53.0,36.0,109.0,110.0,0
12.0,5.0,13.0,5.0,107.0,65.0,23.0,17.0,50.0,23.0,107.0,99.0,-1
,,,,,,,,,,,,0
,,,,,,,,,,,,-1
,,,,,,,,,,,,1
,6.0,,9.0,,94.0,,41.0,,37.0,,100.0,0
,,,,,,,,,,,,-1
,,,,,,,,,,,,1
,,,,,,,,,,,,-1
,,,,,,,,,,,,-1
,,,,,,,,,,,,-1
,,,,,,,,,,,,-1
,,,,,,,,,,,,0
,,,,,,,,,,,,-1
,,,,,,,,,,,,-1
,,,,,,,,,,,,-1
12.0,,12.0,,146.0,,35.0,,75.0,,104.0,,-1
,,,,,,,,,,,,0
,,,,,,,,,,,,0
,,,,,,,,,,,,-1
,,,,,,,,,,,,-1
,,,,,,,,,,,,-1
,,,,,,,,,,,,0
,,,,,,,,,,,,-1
,,,,,,,,,,,,1
,,,,,,,,,,,,0
,,,,,,,,,,,,-1
,,,,,,,,,,,,0
,,,,,,,,,,,,-1
,,,,,,,,,,,,1
,,,,,,,,,,,,-1
,,,,,,,,,,,,0
,,,,,,,,,,,,0
,,,,,,,,,,,,1
,,,,,,,,,,,,-1
,,,,,,,,,,,,0
,,,,,,,,,,,,-1
,,,,,,,,,,,,0
,,,,,,,,,,,,-1
,,,,,,,,,,,,-1
,,,,,,,,,,,,1
,,,,,,,,,,,,0
,,,,,,,,,,,,-1
,,,,,,,,,,,,-1
,,,,,,,,,,,,0
,,,,,,,,,,,,1
,,,,,,,,,,,,-1
,,,,,,,,,,,,-1
,,,,,,,,,,,,-1
,,,,,,,,,,,,-1
,,,,,,,,,,,,0
,,,,,,,,,,,,-1
,,,,,,,,,,,,1
,,,,,,,,,,,,0
,,,,,,,,,,,,0
,,,,,,,,,,,,-1
,,,,,,,,,,,,0
,,,,,,,,,,,,0
,,,,,,,,,,,,1
,,,,,,,,,,,,-1
,,,,,,,,,,,,-1
,,,,,,,,,,,,1
,,,,,,,,,,,,1
,,,,,,,,,,,,1
,,,,,,,,,,,,-1
,,,,,,,,,,,,1
,,,,,,,,,,,,0
,,,,,,,,,,,,0
,,,,,,,,,,,,0
,,,,,,,,,,,,0
,,,,,,,,,,,,-1
,,,,,,,,,,,,-1
,,,,,,,,,,,,0
,,,,,,,,,,,,-1
,,,,,,,,,,,,0
,,,,,,,,,,,,1
,,,,,,,,,,,,1
,,,,,,,,,,,,1
,,,,,,,,,,,,-1
,,,,,,,,,,,,0
,,,,,,,,,,,,-1
,,,,,,,,,,,,0
,,,,,,,,,,,,0
,,,,,,,,,,,,-1
,,,,,,,,,,,,0
,,,,,,,,,,,,-1
,,,,,,,,,,,,0
,,,,,,,,,,,,1
,,,,,,,,,,,,-1
,,,,,,,,,,,,-1
,,,,,,,,,,,,0
,,,,,,,,,,,,-1
,,,,,,,,,,,,0
,,,,,,,,,,,,1
,,,,,,,,,,,,0
,,,,,,,,,,,,0
,,,,,,,,,,,,-1
,,,,,,,,,,,,1
,,,,,,,,,,,,1
,,,,,,,,,,,,-1
,,,,,,,,,,,,1
,,,,,,,,,,,,-1
,,,,,,,,,,,,0
,,,,,,,,,,,,-1
,,,,,,,,,,,,1
,,,,,,,,,,,,1
,,,,,,,,,,,,0
,,,,,,,,,,,,-1
,,,,,,,,,,,,0
,,,,,,,,,,,,-1
,,,,,,,,,,,,1
,,,,,,,,,,,,1
,,,,,,,,,,,,1
,,,,,,,,,,,,1
,,,,,,,,,,,,-1
,,,,,,,,,,,,-1
,,,,,,,,,,,,1
,,,,,,,,,,,,0
,,,,,,,,,,,,0
,,,,,,,,,,,,1
,,,,,,,,,,,,-1
,,,,,,,,,,,,0
,,,,,,,,,,,,-1
,,,,,,,,,,,,-1
,,,,,,,,,,,,-1
,,,,,,,,,,,,-1
,,,,,,,,,,,,-1
,,,,,,,,,,,,0
,,,,,,,,,,,,1
,,,,,,,,,,,,1
,,,,,,,,,,,,-1
,,,,,,,,,,,,-1
,,,,,,,,,,,,-1
,,,,,,,,,,,,0
,,,,,,,,,,,,0
,,,,,,,,,,,,-1
,,,,,,,,,,,,-1
,,,,,,,,,,,,-1
,,,,,,,,,,,,1
,,,,,,,,,,,,1
,,,,,,,,,,,,-1
,,,,,,,,,,,,-1
,,,,,,,,,,,,1
,,,,,,,,,,,,0
,,,,,,,,,,,,0
,,,,,,,,,,,,-1
,,,,,,,,,,,,1
,,,,,,,,,,,,1
,,,,,,,,,,,,-1
,,,,,,,,,,,,0
,,,,,,,,,,,,-1
,,,,,,,,,,,,-1
,,,,,,,,,,,,1
,,,,,,,,,,,,0
,,,,,,,,,,,,0
,,,,,,,,,,,,0
,,,,,,,,,,,,0
,,,,,,,,,,,,-1
,,,,,,,,,,,,-1
,,,,,,,,,,,,-1
,,,,,,,,,,,,-1
,,,,,,,,,,,,0
,,,,,,,,,,,,1
,,,,,,,,,,,,-1
,,,,,,,,,,,,1
,,,,,,,,,,,,-1
,,,,,,,,,,,,-1
,,,,,,,,,,,,-1
,,,,,,,,,,,,-1
,,,,,,,,,,,,-1
,,,,,,,,,,,,1
,,,,,,,,,,,,-1
,,,,,,,,,,,,1
,,,,,,,,,,,,1
,,,,,,,,,,,,1
,,,,,,,,,,,,0
,,,,,,,,,,,,-1
,,,,,,,,,,,,-1
,,,,,,,,,,,,0
,,,,,,,,,,,,1
,,,,,,,,,,,,-1
,,,,,,,,,,,,0
,,,,,,,,,,,,-1
,,,,,,,,,,,,1
,,,,,,,,,,,,1
,,,,,,,,,,,,-1
,,,,,,,,,,,,-1
,,,,,,,,,,,,1
,,,,,,,,,,,,-1
,,,,,,,,,,,,-1
,,,,,,,,,,,,-1
,,,,,,,,,,,,-1
,,,,,,,,,,,,1
,,,,,,,,,,,,1
,,,,,,,,,,,,-1
,,,,,,,,,,,,1
,,,,,,,,,,,,0
,,,,,,,,,,,,0
,,,,,,,,,,,,0
,,,,,,,,,,,,-1
,,,,,,,,,,,,0
,,,,,,,,,,,,-1
18.0,13.0,23.0,13.0,171.0,144.0,65.0,56.0,62.0,81.0,96.0,123.0,-1
14.0,22.0,8.0,16.0,135.0,143.0,40.0,47.0,53.0,51.0,134.0,101.0,-1
8.0,21.0,7.0,19.0,97.0,156.0,27.0,61.0,53.0,62.0,161.0,142.0,-1
12.0,4.0,11.0,7.0,91.0,82.0,36.0,21.0,44.0,32.0,132.0,134.0,0
8.0,5.0,11.0,7.0,121.0,82.0,37.0,26.0,47.0,36.0,148.0,137.0,0
25.0,7.0,24.0,10.0,193.0,107.0,77.0,24.0,70.0,31.0,86.0,115.0,1
18.0,20.0,12.0,14.0,184.0,129.0,62.0,46.0,85.0,44.0,125.0,141.0,-1
11.0,6.0,9.0,9.0,91.0,95.0,24.0,37.0,44.0,61.0,119.0,123.0,1
19.0,11.0,13.0,15.0,124.0,118.0,34.0,37.0,63.0,46.0,148.0,176.0,0
25.0,3.0,22.0,6.0,141.0,65.0,52.0,14.0,39.0,26.0,104.0,135.0,-1
16.0,26.0,17.0,18.0,187.0,121.0,62.0,40.0,85.0,49.0,105.0,117.0,-1
21.0,21.0,16.0,14.0,151.0,136.0,51.0,42.0,67.0,56.0,102.0,91.0,0
15.0,18.0,14.0,15.0,168.0,142.0,48.0,57.0,70.0,52.0,110.0,128.0,-1
15.0,8.0,13.0,8.0,189.0,60.0,56.0,23.0,55.0,36.0,141.0,149.0,1
13.0,1.0,13.0,5.0,90.0,80.0,39.0,24.0,42.0,34.0,122.0,144.0,-1
15.0,18.0,15.0,22.0,107.0,123.0,51.0,46.0,40.0,47.0,146.0,114.0,-1
17.0,13.0,15.0,11.0,119.0,95.0,45.0,34.0,42.0,38.0,145.0,127.0,1
12.0,5.0,9.0,9.0,79.0,110.0,25.0,25.0,42.0,44.0,151.0,136.0,0
16.0,12.0,16.0,9.0,144.0,125.0,48.0,41.0,70.0,46.0,112.0,125.0,-1
13.0,9.0,17.0,5.0,157.0,79.0,64.0,23.0,63.0,40.0,114.0,127.0,-1
9.0,19.0,9.0,15.0,99.0,147.0,30.0,49.0,50.0,53.0,156.0,105.0,1
14.0,7.0,9.0,11.0,133.0,109.0,40.0,46.0,52.0,59.0,137.0,113.0,1
20.0,23.0,26.0,20.0,177.0,149.0,69.0,62.0,66.0,58.0,101.0,154.0,1
9.0,4.0,9.0,7.0,104.0,90.0,30.0,23.0,51.0,37.0,117.0,127.0,1
10.0,7.0,9.0,10.0,89.0,102.0,34.0,23.0,37.0,33.0,127.0,116.0,-1
19.0,18.0,12.0,12.0,132.0,126.0,35.0,44.0,67.0,42.0,154.0,133.0,0
25.0,11.0,22.0,13.0,184.0,121.0,76.0,37.0,70.0,48.0,86.0,176.0,0
8.0,11.0,11.0,9.0,122.0,124.0,37.0,45.0,45.0,76.0,149.0,137.0,0
25.0,5.0,22.0,7.0,151.0,86.0,56.0,25.0,41.0,41.0,100.0,131.0,0
18.0,4.0,10.0,7.0,188.0,73.0,59.0,20.0,92.0,28.0,125.0,140.0,-1
17.0,18.0,16.0,23.0,119.0,121.0,45.0,43.0,43.0,47.0,140.0,112.0,1
13.0,24.0,10.0,15.0,183.0,141.0,50.0,45.0,56.0,60.0,137.0,88.0,0
18.0,9.0,12.0,8.0,149.0,62.0,47.0,23.0,68.0,37.0,109.0,154.0,1
15.0,12.0,12.0,5.0,169.0,76.0,46.0,21.0,78.0,36.0,108.0,140.0,-1
14.0,16.0,13.0,15.0,91.0,145.0,35.0,60.0,40.0,54.0,123.0,128.0,-1
12.0,10.0,8.0,9.0,83.0,81.0,23.0,30.0,43.0,30.0,152.0,125.0,1
13.0,7.0,16.0,8.0,162.0,102.0,64.0,23.0,63.0,40.0,119.0,133.0,-1
12.0,12.0,11.0,8.0,105.0,119.0,46.0,36.0,43.0,48.0,139.0,126.0,0
19.0,26.0,19.0,18.0,171.0,119.0,56.0,42.0,86.0,48.0,116.0,111.0,-1
16.0,1.0,16.0,4.0,209.0,75.0,70.0,22.0,92.0,29.0,103.0,138.0,-1
17.0,7.0,10.0,8.0,123.0,69.0,31.0,23.0,60.0,32.0,156.0,145.0,1
28.0,22.0,24.0,14.0,174.0,148.0,64.0,46.0,46.0,68.0,105.0,78.0,1
8.0,4.0,10.0,8.0,121.0,95.0,36.0,22.0,45.0,28.0,137.0,118.0,1
13.0,11.0,10.0,10.0,88.0,123.0,31.0,44.0,35.0,71.0,139.0,143.0,-1
17.0,7.0,23.0,11.0,182.0,123.0,67.0,51.0,71.0,67.0,97.0,118.0,-1
13.0,12.0,11.0,13.0,156.0,118.0,41.0,39.0,70.0,47.0,103.0,170.0,0
8.0,7.0,10.0,10.0,101.0,93.0,32.0,28.0,50.0,44.0,153.0,129.0,-1
19.0,1.0,10.0,6.0,184.0,91.0,59.0,24.0,93.0,39.0,127.0,136.0,0
11.0,19.0,8.0,13.0,143.0,140.0,37.0,48.0,58.0,48.0,125.0,130.0,-1
10.0,17.0,10.0,12.0,105.0,157.0,28.0,50.0,50.0,63.0,117.0,102.0,1
15.0,7.0,12.0,10.0,149.0,92.0,48.0,28.0,67.0,43.0,108.0,130.0,0
12.0,1.0,11.0,5.0,103.0,81.0,30.0,26.0,48.0,28.0,119.0,129.0,-1
16.0,15.0,16.0,5.0,210.0,81.0,71.0,27.0,91.0,35.0,104.0,145.0,0
11.0,28.0,10.0,18.0,107.0,113.0,48.0,42.0,46.0,44.0,147.0,104.0,1
16.0,15.0,10.0,20.0,193.0,116.0,53.0,37.0,69.0,46.0,129.0,115.0,0
17.0,15.0,16.0,15.0,116.0,149.0,44.0,58.0,42.0,49.0,128.0,122.0,1
12.0,12.0,10.0,9.0,91.0,119.0,26.0,36.0,43.0,48.0,144.0,123.0,-1
22.0,10.0,18.0,9.0,187.0,91.0,73.0,23.0,72.0,36.0,88.0,137.0,-1
13.0,21.0,17.0,18.0,163.0,151.0,66.0,60.0,63.0,64.0,132.0,146.0,1
19.0,12.0,17.0,9.0,159.0,74.0,51.0,27.0,77.0,39.0,119.0,155.0,1
17.0,17.0,24.0,13.0,188.0,161.0,73.0,53.0,70.0,65.0,99.0,105.0,-1
28.0,10.0,25.0,13.0,174.0,126.0,65.0,53.0,45.0,61.0,113.0,120.0,-1
10.0,0.0,6.0,5.0,134.0,84.0,35.0,23.0,58.0,40.0,133.0,126.0,-1
14.0,7.0,14.0,9.0,88.0,70.0,35.0,24.0,42.0,30.0,111.0,145.0,1
18.0,24.0,10.0,17.0,182.0,152.0,61.0,48.0,87.0,64.0,138.0,77.0,-1
15.0,9.0,12.0,10.0,189.0,91.0,53.0,34.0,67.0,34.0,130.0,141.0,1
15.0,13.0,14.0,12.0,163.0,130.0,44.0,46.0,67.0,74.0,96.0,147.0,1
14.0,7.0,9.0,11.0,120.0,95.0,28.0,27.0,60.0,26.0,157.0,117.0,1
13.0,11.0,10.0,13.0,85.0,111.0,32.0,36.0,33.0,49.0,131.0,181.0,1
8.0,13.0,10.0,11.0,111.0,99.0,38.0,28.0,51.0,40.0,153.0,136.0,-1
18.0,11.0,9.0,9.0,178.0,119.0,60.0,34.0,80.0,50.0,137.0,126.0,0
11.0,15.0,11.0,23.0,118.0,114.0,37.0,42.0,45.0,47.0,143.0,118.0,-1
11.0,7.0,11.0,10.0,112.0,87.0,48.0,27.0,48.0,41.0,150.0,125.0,0
9.0,12.0,10.0,10.0,90.0,71.0,24.0,27.0,45.0,36.0,138.0,161.0,-1
22.0,1.0,18.0,5.0,172.0,90.0,71.0,30.0,61.0,34.0,98.0,128.0,1
15.0,14.0,16.0,12.0,125.0,126.0,46.0,40.0,46.0,65.0,132.0,140.0,-1
17.0,14.0,15.0,5.0,140.0,87.0,49.0,27.0,65.0,39.0,110.0,156.0,1
11.0,20.0,10.0,17.0,108.0,140.0,28.0,55.0,55.0,63.0,127.0,135.0,-1
19.0,16.0,17.0,12.0,200.0,153.0,65.0,48.0,89.0,52.0,106.0,138.0,-1
13.0,25.0,16.0,16.0,166.0,117.0,66.0,41.0,56.0,46.0,134.0,109.0,-1
15.0,7.0,14.0,10.0,135.0,86.0,47.0,27.0,50.0,24.0,127.0,113.0,-1
17.0,16.0,9.0,14.0,182.0,134.0,60.0,45.0,78.0,72.0,142.0,137.0,1
12.0,13.0,10.0,9.0,88.0,119.0,33.0,32.0,32.0,52.0,121.0,134.0,-1
10.0,7.0,13.0,9.0,153.0,78.0,52.0,28.0,50.0,33.0,137.0,134.0,1
11.0,12.0,9.0,9.0,119.0,74.0,30.0,28.0,57.0,38.0,143.0,159.0,-1
11.0,16.0,13.0,13.0,116.0,152.0,37.0,51.0,41.0,51.0,151.0,141.0,1
18.0,7.0,14.0,13.0,167.0,128.0,45.0,52.0,67.0,58.0,95.0,120.0,0
25.0,18.0,23.0,16.0,185.0,153.0,67.0,63.0,47.0,56.0,114.0,120.0,-1
9.0,26.0,5.0,17.0,135.0,156.0,34.0,50.0,60.0,61.0,132.0,76.0,-1
12.0,7.0,11.0,12.0,103.0,126.0,37.0,47.0,35.0,56.0,114.0,119.0,1
17.0,0.0,21.0,4.0,171.0,87.0,62.0,23.0,66.0,40.0,97.0,130.0,-1
15.0,7.0,13.0,10.0,189.0,88.0,54.0,27.0,66.0,21.0,131.0,123.0,-1
17.0,7.0,15.0,11.0,156.0,81.0,52.0,30.0,80.0,34.0,131.0,134.0,0
10.0,9.0,8.0,10.0,122.0,95.0,35.0,33.0,60.0,35.0,132.0,141.0,-1
11.0,9.0,12.0,11.0,115.0,119.0,41.0,39.0,51.0,50.0,169.0,172.0,1
16.0,16.0,14.0,12.0,151.0,98.0,41.0,28.0,57.0,37.0,108.0,145.0,-1
13.0,19.0,15.0,16.0,97.0,165.0,39.0,58.0,44.0,63.0,111.0,108.0,0
19.0,9.0,26.0,10.0,172.0,85.0,71.0,28.0,66.0,41.0,103.0,125.0,-1
22.0,15.0,20.0,5.0,182.0,87.0,76.0,26.0,59.0,39.0,105.0,166.0,0
12.0,17.0,11.0,13.0,97.0,123.0,27.0,46.0,46.0,66.0,142.0,137.0,1
10.0,9.0,13.0,7.0,149.0,66.0,50.0,25.0,46.0,31.0,139.0,162.0,-1
17.0,2.0,8.0,3.0,184.0,93.0,61.0,30.0,77.0,41.0,148.0,125.0,0
15.0,13.0,13.0,12.0,130.0,161.0,44.0,50.0,48.0,55.0,139.0,135.0,-1
12.0,19.0,13.0,15.0,113.0,161.0,48.0,55.0,47.0,63.0,155.0,111.0,-1
20.0,14.0,19.0,10.0,145.0,130.0,54.0,40.0,66.0,74.0,113.0,146.0,1
11.0,27.0,11.0,18.0,122.0,114.0,33.0,42.0,64.0,45.0,124.0,103.0,1
14.0,10.0,16.0,8.0,120.0,115.0,41.0,35.0,40.0,49.0,149.0,127.0,-1
25.0,17.0,25.0,14.0,193.0,136.0,74.0,57.0,50.0,64.0,122.0,128.0,1
19.0,28.0,18.0,20.0,177.0,166.0,59.0,60.0,86.0,64.0,134.0,77.0,-1
11.0,18.0,9.0,19.0,124.0,156.0,35.0,60.0,63.0,54.0,146.0,121.0,-1
13.0,15.0,16.0,14.0,94.0,131.0,41.0,57.0,49.0,62.0,112.0,127.0,-1
10.0,17.0,12.0,23.0,122.0,116.0,44.0,41.0,56.0,47.0,169.0,117.0,0
12.0,8.0,11.0,11.0,116.0,132.0,44.0,50.0,46.0,53.0,151.0,105.0,-1
9.0,8.0,4.0,10.0,138.0,95.0,34.0,33.0,57.0,34.0,127.0,140.0,-1
25.0,16.0,24.0,13.0,194.0,101.0,75.0,29.0,48.0,38.0,125.0,150.0,-1
15.0,0.0,14.0,4.0,188.0,84.0,55.0,21.0,62.0,34.0,131.0,134.0,-1
9.0,5.0,10.0,5.0,99.0,99.0,27.0,32.0,46.0,39.0,139.0,125.0,-1
19.0,9.0,15.0,11.0,205.0,115.0,64.0,37.0,86.0,47.0,106.0,163.0,0
23.0,19.0,18.0,13.0,168.0,161.0,66.0,56.0,54.0,66.0,107.0,111.0,0
19.0,27.0,27.0,23.0,172.0,121.0,71.0,46.0,65.0,47.0,96.0,101.0,1
8.0,12.0,12.0,11.0,117.0,87.0,34.0,32.0,64.0,43.0,121.0,125.0,0
10.0,28.0,12.0,19.0,130.0,165.0,44.0,63.0,61.0,64.0,182.0,85.0,-1
19.0,15.0,15.0,19.0,197.0,167.0,63.0,61.0,82.0,58.0,107.0,127.0,-1
13.0,6.0,14.0,6.0,184.0,110.0,52.0,37.0,56.0,31.0,137.0,115.0,0
9.0,17.0,4.0,22.0,131.0,120.0,33.0,42.0,56.0,49.0,127.0,121.0,1
7.0,12.0,8.0,13.0,106.0,116.0,29.0,43.0,43.0,41.0,144.0,157.0,-1
20.0,16.0,22.0,13.0,137.0,99.0,56.0,30.0,65.0,42.0,113.0,144.0,1
12.0,5.0,9.0,8.0,111.0,92.0,41.0,29.0,49.0,35.0,142.0,141.0,-1
19.0,0.0,19.0,4.0,183.0,90.0,61.0,22.0,82.0,39.0,136.0,132.0,0
13.0,18.0,16.0,8.0,101.0,89.0,39.0,34.0,49.0,38.0,123.0,168.0,-1
19.0,8.0,29.0,13.0,151.0,96.0,68.0,37.0,57.0,37.0,103.0,139.0,0
17.0,9.0,9.0,13.0,185.0,134.0,60.0,53.0,76.0,58.0,148.0,105.0,-1
18.0,12.0,18.0,11.0,158.0,153.0,49.0,48.0,58.0,51.0,103.0,140.0,-1
7.0,8.0,10.0,9.0,149.0,82.0,47.0,28.0,41.0,23.0,135.0,130.0,-1
11.0,13.0,15.0,8.0,105.0,110.0,36.0,35.0,51.0,42.0,123.0,118.0,0
23.0,5.0,20.0,8.0,174.0,94.0,67.0,28.0,51.0,42.0,103.0,145.0,1
16.0,25.0,15.0,24.0,136.0,129.0,46.0,51.0,52.0,47.0,136.0,104.0,0
8.0,17.0,9.0,12.0,120.0,123.0,37.0,38.0,55.0,72.0,145.0,143.0,-1
12.0,12.0,11.0,8.0,107.0,72.0,38.0,25.0,31.0,34.0,114.0,160.0,-1
14.0,19.0,18.0,15.0,128.0,164.0,44.0,56.0,50.0,68.0,155.0,109.0,-1
19.0,0.0,13.0,2.0,195.0,90.0,62.0,19.0,77.0,37.0,107.0,132.0,1
19.0,12.0,18.0,11.0,182.0,85.0,63.0,30.0,83.0,44.0,128.0,116.0,0
13.0,15.0,12.0,7.0,116.0,88.0,41.0,34.0,34.0,35.0,111.0,165.0,-1
20.0,8.0,23.0,13.0,126.0,98.0,53.0,37.0,61.0,34.0,113.0,136.0,1
14.0,16.0,15.0,14.0,135.0,91.0,42.0,32.0,48.0,42.0,138.0,138.0,1
8.0,11.0,5.0,9.0,129.0,81.0,36.0,27.0,55.0,38.0,130.0,162.0,1
23.0,20.0,22.0,24.0,184.0,127.0,74.0,46.0,57.0,51.0,104.0,124.0,-1
12.0,15.0,8.0,14.0,115.0,128.0,41.0,59.0,46.0,58.0,139.0,125.0,-1
8.0,12.0,12.0,15.0,121.0,152.0,37.0,52.0,68.0,57.0,116.0,128.0,0
16.0,25.0,16.0,25.0,186.0,139.0,54.0,54.0,61.0,46.0,141.0,100.0,-1
20.0,12.0,28.0,5.0,152.0,94.0,76.0,32.0,58.0,42.0,116.0,173.0,-1
7.0,28.0,10.0,20.0,150.0,165.0,48.0,65.0,39.0,66.0,144.0,95.0,-1
18.0,6.0,19.0,6.0,143.0,121.0,48.0,39.0,51.0,34.0,105.0,108.0,0
11.0,12.0,14.0,14.0,102.0,162.0,34.0,52.0,52.0,53.0,122.0,139.0,1
16.0,11.0,18.0,15.0,129.0,155.0,46.0,54.0,46.0,57.0,149.0,127.0,1
25.0,13.0,20.0,9.0,192.0,121.0,69.0,37.0,53.0,48.0,127.0,128.0,1
7.0,5.0,10.0,8.0,137.0,93.0,43.0,26.0,60.0,44.0,177.0,142.0,1
7.0,19.0,8.0,15.0,111.0,153.0,30.0,49.0,47.0,63.0,139.0,118.0,0
21.0,7.0,19.0,9.0,190.0,78.0,68.0,31.0,84.0,22.0,128.0,141.0,-1
22.0,14.0,24.0,13.0,129.0,118.0,54.0,44.0,62.0,47.0,111.0,160.0,-1
22.0,9.0,16.0,14.0,206.0,131.0,64.0,48.0,75.0,55.0,106.0,109.0,1
17.0,23.0,9.0,26.0,189.0,132.0,60.0,48.0,74.0,49.0,160.0,122.0,0
14.0,0.0,15.0,3.0,135.0,102.0,42.0,25.0,47.0,41.0,137.0,132.0,1
23.0,15.0,22.0,11.0,185.0,89.0,74.0,29.0,59.0,43.0,112.0,116.0,0
11.0,10.0,7.0,8.0,108.0,80.0,37.0,26.0,39.0,35.0,130.0,158.0,0
16.0,6.0,16.0,9.0,183.0,95.0,58.0,32.0,64.0,34.0,148.0,131.0,1
8.0,13.0,11.0,15.0,110.0,96.0,38.0,34.0,46.0,46.0,147.0,135.0,1
10.0,19.0,14.0,14.0,119.0,127.0,38.0,40.0,64.0,72.0,118.0,125.0,-1
13.0,25.0,13.0,27.0,128.0,140.0,45.0,54.0,41.0,46.0,110.0,97.0,0
9.0,12.0,5.0,12.0,133.0,125.0,38.0,51.0,52.0,57.0,135.0,123.0,0
24.0,,25.0,,132.0,,57.0,,62.0,,111.0,,1
,,,,,,,,,,,,-1
25.0,13.0,22.0,5.0,194.0,103.0,71.0,36.0,53.0,44.0,117.0,184.0,0
23.0,,21.0,,189.0,,67.0,,87.0,,122.0,,-1
10.0,11.0,10.0,16.0,138.0,158.0,44.0,58.0,61.0,58.0,170.0,124.0,1
9.0,,12.0,,107.0,,31.0,,47.0,,129.0,,1
,9.0,,7.0,,122.0,,39.0,,36.0,,115.0,-1
7.0,4.0,9.0,6.0,113.0,78.0,32.0,28.0,45.0,25.0,133.0,142.0,0
,12.0,,13.0,,165.0,,50.0,,56.0,,136.0,-1
15.0,5.0,18.0,7.0,141.0,88.0,50.0,24.0,46.0,42.0,137.0,134.0,1
,14.0,,13.0,,118.0,,43.0,,48.0,,155.0,1
18.0,28.0,19.0,22.0,148.0,175.0,51.0,74.0,47.0,65.0,109.0,91.0,1
,,,,,,,,,,,,-1
22.0,,16.0,,206.0,,62.0,,75.0,,106.0,,-1
,,,,,,,,,,,,-1
,,,,,,,,,,,,-1
,23.0,,23.0,,130.0,,44.0,,51.0,,116.0,-1
4.0,,7.0,,149.0,,49.0,,39.0,,144.0,,-1
,13.0,,9.0,,130.0,,38.0,,54.0,,128.0,1
,,,,,,,,,,,,-1
,,,,,,,,,,,,-1
,,,,,,,,,,,,0
,,,,,,,,,,,,-1
,,,,,,,,,,,,1
,,,,,,,,,,,,0
,,,,,,,,,,,,0
,,,,,,,,,,,,1
,,,,,,,,,,,,1
,,,,,,,,,,,,0
,,,,,,,,,,,,1
,,,,,,,,,,,,1
,,,,,,,,,,,,-1
,,,,,,,,,,,,0
,,,,,,,,,,,,-1
,,,,,,,,,,,,0
,,,,,,,,,,,,0
,,,,,,,,,,,,0
,,,,,,,,,,,,1
,,,,,,,,,,,,-1
,,,,,,,,,,,,0
,,,,,,,,,,,,-1
,,,,,,,,,,,,1
,,,,,,,,,,,,1
,,,,,,,,,,,,-1
,,,,,,,,,,,,-1
,,,,,,,,,,,,-1
,,,,,,,,,,,,1
,,,,,,,,,,,,0
,,,,,,,,,,,,0
,,,,,,,,,,,,-1
,,,,,,,,,,,,-1
,,,,,,,,,,,,0
,,,,,,,,,,,,0
,,,,,,,,,,,,-1
,,,,,,,,,,,,-1
,,,,,,,,,,,,-1
,,,,,,,,,,,,1
,,,,,,,,,,,,1
,,,,,,,,,,,,0
,,,,,,,,,,,,-1
,,,,,,,,,,,,0
,,,,,,,,,,,,-1
,,,,,,,,,,,,0
,,,,,,,,,,,,0
,,,,,,,,,,,,1
,,,,,,,,,,,,-1
,,,,,,,,,,,,-1
,,,,,,,,,,,,-1
,,,,,,,,,,,,-1
,,,,,,,,,,,,-1
,,,,,,,,,,,,-1
,,,,,,,,,,,,1
,,,,,,,,,,,,1
,,,,,,,,,,,,-1
,,,,,,,,,,,,0
,,,,,,,,,,,,0
,,,,,,,,,,,,-1
,,,,,,,,,,,,1
,,,,,,,,,,,,0
,,,,,,,,,,,,1
,,,,,,,,,,,,0
,,,,,,,,,,,,1
,,,,,,,,,,,,0
,,,,,,,,,,,,1
,,,,,,,,,,,,-1
,,,,,,,,,,,,1
,,,,,,,,,,,,0
,,,,,,,,,,,,-1
,,,,,,,,,,,,-1
,,,,,,,,,,,,-1
,,,,,,,,,,,,0
,,,,,,,,,,,,1
,,,,,,,,,,,,0
,,,,,,,,,,,,1
,,,,,,,,,,,,-1
,,,,,,,,,,,,-1
,,,,,,,,,,,,0
,,,,,,,,,,,,-1
,,,,,,,,,,,,-1
,,,,,,,,,,,,-1
,,,,,,,,,,,,1
,,,,,,,,,,,,0
,,,,,,,,,,,,-1
,,,,,,,,,,,,-1
,,,,,,,,,,,,1
,,,,,,,,,,,,-1
,,,,,,,,,,,,0
,,,,,,,,,,,,0
,,,,,,,,,,,,-1
,,,,,,,,,,,,-1
,,,,,,,,,,,,-1
,,,,,,,,,,,,0
,,,,,,,,,,,,1
,,,,,,,,,,,,1
,,,,,,,,,,,,-1
,,,,,,,,,,,,1
,,,,,,,,,,,,0
,,,,,,,,,,,,0
,,,,,,,,,,,,-1
,,,,,,,,,,,,-1
,,,,,,,,,,,,-1
,,,,,,,,,,,,1
,,,,,,,,,,,,-1
,,,,,,,,,,,,1
,,,,,,,,,,,,-1
,,,,,,,,,,,,0
,,,,,,,,,,,,-1
,,,,,,,,,,,,-1
,,,,,,,,,,,,0
,,,,,,,,,,,,0
,,,,,,,,,,,,0
,,,,,,,,,,,,0
,,,,,,,,,,,,1
,,,,,,,,,,,,-1
,,,,,,,,,,,,1
,,,,,,,,,,,,0
,,,,,,,,,,,,1
,,,,,,,,,,,,-1
,,,,,,,,,,,,1
,,,,,,,,,,,,0
,,,,,,,,,,,,1
,,,,,,,,,,,,-1
,,,,,,,,,,,,0
,,,,,,,,,,,,1
,,,,,,,,,,,,-1
,,,,,,,,,,,,1
,,,,,,,,,,,,-1
,,,,,,,,,,,,1
,,,,,,,,,,,,0
,,,,,,,,,,,,-1
,,,,,,,,,,,,0
,,,,,,,,,,,,-1
,,,,,,,,,,,,-1
,,,,,,,,,,,,1
,,,,,,,,,,,,0
,,,,,,,,,,,,0
,,,,,,,,,,,,-1
,,,,,,,,,,,,0
,,,,,,,,,,,,-1
,,,,,,,,,,,,-1
,,,,,,,,,,,,-1
,,,,,,,,,,,,0
,,,,,,,,,,,,-1
,,,,,,,,,,,,0
,,,,,,,,,,,,0
,,,,,,,,,,,,-1
,,,,,,,,,,,,0
,,,,,,,,,,,,1
,,,,,,,,,,,,1
,,,,,,,,,,,,1
,,,,,,,,,,,,1
,,,,,,,,,,,,-1
,,,,,,,,,,,,0
,,,,,,,,,,,,-1
,,,,,,,,,,,,-1
,,,,,,,,,,,,-1
,,,,,,,,,,,,0
,,,,,,,,,,,,0
,,,,,,,,,,,,-1
,,,,,,,,,,,,1
,,,,,,,,,,,,1
,,,,,,,,,,,,-1
,,,,,,,,,,,,-1
,,,,,,,,,,,,-1
,,,,,,,,,,,,0
,,,,,,,,,,,,-1
,,,,,,,,,,,,0
,,,,,,,,,,,,1
,,,,,,,,,,,,-1
,,,,,,,,,,,,-1
,,,,,,,,,,,,0
,,,,,,,,,,,,1
,,,,,,,,,,,,-1
,,,,,,,,,,,,-1
,,,,,,,,,,,,-1
,,,,,,,,,,,,1
,,,,,,,,,,,,1
,,,,,,,,,,,,0
,,,,,,,,,,,,0
,,,,,,,,,,,,-1
,,,,,,,,,,,,1
,,,,,,,,,,,,-1
,,,,,,,,,,,,0
,,,,,,,,,,,,-1
,,,,,,,,,,,,-1
,,,,,,,,,,,,-1
,,,,,,,,,,,,-1
,,,,,,,,,,,,1
,,,,,,,,,,,,1
,,,,,,,,,,,,-1
26.0,5.0,26.0,7.0,148.0,126.0,77.0,41.0,64.0,50.0,94.0,96.0,0
23.0,15.0,18.0,11.0,124.0,124.0,43.0,33.0,62.0,64.0,127.0,132.0,-1
16.0,12.0,14.0,10.0,120.0,94.0,45.0,30.0,48.0,30.0,139.0,134.0,-1
19.0,6.0,15.0,6.0,151.0,82.0,56.0,21.0,73.0,49.0,130.0,121.0,-1
21.0,20.0,18.0,25.0,147.0,149.0,53.0,65.0,60.0,52.0,149.0,123.0,1
15.0,13.0,17.0,13.0,160.0,88.0,48.0,38.0,65.0,31.0,140.0,156.0,-1
7.0,14.0,5.0,8.0,106.0,71.0,24.0,28.0,50.0,31.0,171.0,184.0,0
7.0,9.0,6.0,11.0,124.0,103.0,27.0,37.0,50.0,41.0,129.0,150.0,-1
14.0,19.0,9.0,15.0,106.0,93.0,30.0,39.0,53.0,22.0,161.0,122.0,-1
18.0,11.0,19.0,12.0,125.0,110.0,50.0,34.0,53.0,58.0,109.0,145.0,1
15.0,22.0,11.0,26.0,117.0,150.0,35.0,71.0,47.0,50.0,139.0,95.0,-1
14.0,2.0,8.0,5.0,121.0,85.0,40.0,26.0,40.0,34.0,158.0,166.0,1
20.0,10.0,29.0,9.0,214.0,91.0,87.0,26.0,82.0,35.0,112.0,111.0,-1
19.0,14.0,17.0,11.0,119.0,104.0,46.0,41.0,47.0,36.0,162.0,142.0,-1
19.0,9.0,12.0,10.0,112.0,99.0,36.0,40.0,42.0,43.0,153.0,133.0,-1
8.0,14.0,11.0,10.0,141.0,107.0,36.0,36.0,58.0,33.0,137.0,159.0,0
18.0,16.0,13.0,11.0,113.0,84.0,41.0,31.0,50.0,30.0,176.0,171.0,-1
19.0,10.0,16.0,10.0,131.0,136.0,49.0,46.0,46.0,54.0,112.0,142.0,1
11.0,4.0,12.0,4.0,145.0,90.0,37.0,22.0,73.0,35.0,131.0,164.0,-1
21.0,3.0,28.0,7.0,141.0,94.0,46.0,30.0,58.0,34.0,117.0,141.0,0
13.0,21.0,14.0,25.0,162.0,154.0,48.0,69.0,71.0,56.0,141.0,129.0,-1
26.0,14.0,25.0,10.0,159.0,99.0,82.0,33.0,66.0,35.0,100.0,161.0,1
17.0,8.0,10.0,9.0,101.0,109.0,32.0,33.0,52.0,59.0,160.0,156.0,-1
26.0,21.0,25.0,23.0,169.0,156.0,85.0,68.0,64.0,56.0,103.0,122.0,1
8.0,11.0,8.0,7.0,117.0,70.0,28.0,27.0,50.0,34.0,127.0,181.0,1
26.0,10.0,20.0,10.0,124.0,88.0,45.0,27.0,61.0,29.0,129.0,146.0,-1
7.0,10.0,5.0,10.0,108.0,86.0,22.0,31.0,47.0,28.0,171.0,159.0,1
19.0,14.0,18.0,12.0,145.0,105.0,53.0,42.0,60.0,39.0,150.0,137.0,-1
17.0,5.0,18.0,5.0,122.0,81.0,49.0,22.0,51.0,42.0,114.0,120.0,1
14.0,22.0,12.0,17.0,113.0,97.0,41.0,40.0,50.0,21.0,140.0,125.0,0
19.0,13.0,18.0,7.0,114.0,116.0,44.0,29.0,47.0,66.0,158.0,132.0,0
13.0,6.0,15.0,7.0,156.0,125.0,48.0,42.0,71.0,52.0,136.0,92.0,0
16.0,5.0,14.0,6.0,128.0,85.0,50.0,28.0,43.0,30.0,118.0,161.0,-1
11.0,22.0,10.0,24.0,139.0,145.0,35.0,68.0,58.0,47.0,144.0,99.0,-1
21.0,15.0,17.0,9.0,148.0,119.0,58.0,33.0,75.0,69.0,134.0,132.0,-1
22.0,16.0,14.0,15.0,127.0,86.0,42.0,36.0,47.0,29.0,162.0,173.0,0
18.0,8.0,12.0,11.0,109.0,94.0,42.0,36.0,55.0,39.0,171.0,147.0,0
16.0,10.0,14.0,9.0,141.0,89.0,51.0,27.0,57.0,30.0,154.0,115.0,-1
20.0,3.0,32.0,6.0,222.0,81.0,90.0,24.0,88.0,33.0,108.0,147.0,-1
18.0,12.0,25.0,11.0,142.0,104.0,44.0,40.0,60.0,42.0,111.0,130.0,1
13.0,3.0,7.0,3.0,113.0,83.0,36.0,21.0,42.0,31.0,149.0,154.0,0
12.0,10.0,9.0,9.0,119.0,125.0,32.0,45.0,45.0,49.0,146.0,138.0,1
15.0,6.0,11.0,6.0,106.0,108.0,40.0,28.0,51.0,55.0,147.0,156.0,-1
28.0,21.0,21.0,17.0,124.0,95.0,47.0,38.0,57.0,22.0,126.0,132.0,-1
11.0,10.0,9.0,9.0,126.0,85.0,34.0,28.0,53.0,30.0,125.0,153.0,-1
5.0,6.0,3.0,8.0,122.0,121.0,21.0,42.0,49.0,55.0,167.0,102.0,-1
20.0,7.0,19.0,9.0,108.0,89.0,42.0,26.0,40.0,31.0,168.0,144.0,0
19.0,13.0,18.0,11.0,126.0,101.0,53.0,41.0,50.0,48.0,113.0,129.0,-1
14.0,8.0,14.0,6.0,148.0,70.0,38.0,27.0,70.0,35.0,129.0,183.0,-1
19.0,4.0,13.0,5.0,100.0,80.0,37.0,22.0,48.0,45.0,159.0,123.0,1
9.0,5.0,9.0,8.0,115.0,84.0,34.0,29.0,48.0,27.0,147.0,157.0,0
14.0,4.0,15.0,5.0,123.0,90.0,48.0,28.0,40.0,31.0,109.0,151.0,-1
16.0,19.0,24.0,16.0,146.0,88.0,43.0,37.0,65.0,27.0,120.0,170.0,1
22.0,8.0,14.0,10.0,122.0,92.0,39.0,36.0,46.0,39.0,165.0,152.0,1
22.0,12.0,34.0,12.0,209.0,108.0,89.0,41.0,78.0,42.0,117.0,125.0,0
16.0,12.0,8.0,9.0,113.0,123.0,37.0,37.0,45.0,69.0,144.0,132.0,0
22.0,6.0,17.0,6.0,146.0,71.0,56.0,26.0,71.0,36.0,136.0,183.0,1
13.0,3.0,14.0,5.0,143.0,84.0,49.0,25.0,53.0,33.0,149.0,149.0,1
21.0,22.0,19.0,23.0,119.0,143.0,50.0,70.0,47.0,52.0,117.0,103.0,-1
11.0,12.0,12.0,12.0,131.0,116.0,33.0,42.0,56.0,46.0,147.0,147.0,0
8.0,19.0,5.0,21.0,123.0,154.0,23.0,65.0,50.0,58.0,171.0,119.0,0
18.0,7.0,12.0,9.0,107.0,93.0,41.0,29.0,56.0,36.0,170.0,140.0,1
28.0,7.0,20.0,6.0,127.0,100.0,52.0,28.0,54.0,54.0,129.0,158.0,0
17.0,7.0,17.0,9.0,137.0,94.0,39.0,32.0,61.0,34.0,131.0,149.0,-1
16.0,1.0,10.0,4.0,108.0,87.0,39.0,23.0,49.0,43.0,152.0,129.0,0
11.0,4.0,9.0,8.0,129.0,115.0,39.0,36.0,52.0,55.0,128.0,96.0,-1
16.0,11.0,12.0,11.0,99.0,94.0,37.0,30.0,46.0,28.0,162.0,110.0,-1
26.0,16.0,25.0,12.0,175.0,91.0,84.0,38.0,61.0,47.0,104.0,135.0,1
15.0,14.0,15.0,9.0,150.0,99.0,49.0,33.0,62.0,40.0,145.0,154.0,-1
23.0,18.0,21.0,16.0,114.0,89.0,42.0,36.0,36.0,20.0,166.0,123.0,0
16.0,9.0,15.0,10.0,150.0,105.0,50.0,33.0,56.0,42.0,150.0,131.0,0
22.0,8.0,19.0,10.0,145.0,76.0,57.0,24.0,71.0,34.0,130.0,145.0,-1
16.0,9.0,22.0,12.0,143.0,97.0,42.0,42.0,64.0,39.0,122.0,148.0,1
24.0,21.0,36.0,16.0,206.0,83.0,90.0,34.0,76.0,29.0,114.0,172.0,1
7.0,4.0,8.0,4.0,109.0,75.0,31.0,24.0,47.0,28.0,146.0,150.0,1
26.0,3.0,24.0,4.0,175.0,86.0,82.0,30.0,60.0,37.0,100.0,150.0,0
12.0,12.0,15.0,9.0,125.0,127.0,48.0,37.0,37.0,63.0,109.0,128.0,1
18.0,12.0,15.0,13.0,126.0,108.0,52.0,39.0,48.0,39.0,122.0,147.0,-1
22.0,7.0,13.0,7.0,128.0,75.0,43.0,30.0,48.0,35.0,177.0,177.0,1
8.0,5.0,9.0,6.0,131.0,83.0,28.0,27.0,53.0,25.0,148.0,155.0,1
21.0,15.0,16.0,15.0,112.0,91.0,45.0,36.0,56.0,23.0,167.0,131.0,-1
26.0,4.0,19.0,7.0,119.0,92.0,50.0,26.0,52.0,41.0,136.0,129.0,0
19.0,3.0,22.0,9.0,139.0,123.0,43.0,40.0,58.0,61.0,127.0,102.0,1
8.0,15.0,6.0,10.0,125.0,100.0,24.0,36.0,51.0,40.0,174.0,161.0,0
19.0,16.0,13.0,13.0,106.0,95.0,40.0,39.0,45.0,49.0,164.0,136.0,-1
15.0,6.0,8.0,9.0,113.0,88.0,38.0,31.0,42.0,34.0,137.0,146.0,0
17.0,24.0,15.0,24.0,138.0,134.0,48.0,68.0,62.0,46.0,150.0,106.0,0
11.0,16.0,10.0,19.0,125.0,152.0,41.0,64.0,57.0,62.0,128.0,113.0,1
15.0,10.0,9.0,11.0,114.0,92.0,42.0,32.0,51.0,25.0,157.0,117.0,-1
22.0,9.0,21.0,7.0,116.0,96.0,40.0,28.0,39.0,52.0,165.0,168.0,-1
24.0,12.0,33.0,11.0,201.0,97.0,83.0,41.0,75.0,34.0,110.0,151.0,1
16.0,22.0,17.0,15.0,158.0,86.0,54.0,34.0,60.0,31.0,151.0,169.0,-1
18.0,4.0,18.0,6.0,133.0,91.0,58.0,32.0,49.0,23.0,115.0,142.0,1
26.0,9.0,25.0,10.0,179.0,102.0,83.0,31.0,62.0,40.0,103.0,132.0,0
17.0,12.0,11.0,12.0,101.0,116.0,37.0,40.0,42.0,45.0,164.0,157.0,0
12.0,8.0,14.0,10.0,128.0,80.0,49.0,26.0,40.0,32.0,112.0,144.0,0
17.0,4.0,22.0,6.0,154.0,76.0,45.0,28.0,67.0,39.0,121.0,178.0,-1
22.0,9.0,20.0,10.0,139.0,80.0,55.0,30.0,69.0,36.0,137.0,150.0,0
7.0,3.0,9.0,3.0,133.0,83.0,31.0,28.0,53.0,32.0,133.0,147.0,-1
4.0,12.0,6.0,8.0,116.0,122.0,28.0,34.0,51.0,61.0,146.0,126.0,1
22.0,13.0,13.0,16.0,135.0,91.0,48.0,38.0,48.0,26.0,178.0,132.0,0
15.0,3.0,8.0,5.0,116.0,84.0,39.0,30.0,54.0,37.0,163.0,155.0,0
11.0,15.0,12.0,10.0,140.0,94.0,49.0,34.0,64.0,38.0,126.0,164.0,-1
24.0,10.0,17.0,12.0,130.0,94.0,53.0,32.0,57.0,22.0,135.0,119.0,1
15.0,6.0,7.0,10.0,105.0,125.0,35.0,41.0,41.0,66.0,129.0,95.0,-1
8.0,24.0,6.0,24.0,132.0,131.0,27.0,64.0,53.0,45.0,180.0,109.0,0
24.0,7.0,18.0,8.0,111.0,87.0,46.0,26.0,60.0,47.0,172.0,168.0,0
20.0,16.0,17.0,17.0,129.0,98.0,48.0,43.0,59.0,51.0,146.0,132.0,1
20.0,16.0,23.0,19.0,143.0,156.0,46.0,64.0,56.0,63.0,123.0,114.0,-1
19.0,5.0,19.0,7.0,120.0,95.0,36.0,25.0,46.0,40.0,169.0,123.0,-1
16.0,3.0,17.0,2.0,127.0,83.0,56.0,26.0,42.0,28.0,111.0,143.0,-1
22.0,16.0,21.0,17.0,137.0,94.0,55.0,38.0,64.0,29.0,141.0,132.0,0
15.0,9.0,24.0,9.0,157.0,85.0,46.0,32.0,71.0,34.0,120.0,156.0,0
26.0,25.0,30.0,17.0,174.0,96.0,88.0,42.0,57.0,30.0,91.0,161.0,-1
6.0,8.0,8.0,9.0,116.0,75.0,33.0,26.0,52.0,36.0,145.0,141.0,0
24.0,5.0,32.0,6.0,209.0,82.0,85.0,27.0,77.0,41.0,105.0,181.0,1
15.0,4.0,9.0,6.0,103.0,98.0,35.0,35.0,42.0,28.0,172.0,140.0,1
9.0,11.0,10.0,8.0,141.0,119.0,38.0,35.0,59.0,59.0,143.0,127.0,-1
20.0,9.0,16.0,12.0,125.0,108.0,49.0,34.0,63.0,44.0,153.0,135.0,0
19.0,12.0,20.0,11.0,156.0,106.0,55.0,44.0,59.0,39.0,152.0,149.0,0
19.0,8.0,12.0,8.0,128.0,94.0,43.0,28.0,47.0,48.0,175.0,164.0,0
10.0,24.0,11.0,24.0,136.0,136.0,51.0,67.0,61.0,40.0,118.0,106.0,-1
11.0,5.0,17.0,10.0,133.0,125.0,51.0,39.0,43.0,62.0,112.0,99.0,0
22.0,6.0,14.0,7.0,120.0,94.0,49.0,36.0,54.0,38.0,137.0,166.0,0
18.0,15.0,22.0,10.0,145.0,89.0,51.0,32.0,60.0,38.0,114.0,172.0,0
21.0,5.0,16.0,8.0,105.0,107.0,44.0,30.0,54.0,40.0,189.0,121.0,1
14.0,18.0,8.0,19.0,117.0,105.0,42.0,43.0,54.0,56.0,159.0,129.0,0
9.0,9.0,9.0,11.0,139.0,124.0,34.0,42.0,49.0,47.0,177.0,152.0,0
16.0,13.0,18.0,17.0,122.0,98.0,34.0,37.0,48.0,21.0,174.0,121.0,-1
13.0,19.0,6.0,21.0,109.0,165.0,34.0,66.0,47.0,68.0,123.0,123.0,-1
7.0,13.0,9.0,16.0,113.0,87.0,33.0,35.0,48.0,27.0,149.0,133.0,-1
23.0,23.0,17.0,12.0,127.0,96.0,50.0,38.0,64.0,29.0,157.0,151.0,1
22.0,8.0,24.0,13.0,146.0,131.0,62.0,40.0,64.0,65.0,138.0,104.0,0
14.0,4.0,8.0,5.0,116.0,101.0,40.0,33.0,54.0,33.0,166.0,132.0,-1
17.0,8.0,19.0,8.0,160.0,90.0,56.0,28.0,62.0,37.0,155.0,180.0,1
26.0,13.0,29.0,13.0,173.0,106.0,83.0,46.0,60.0,42.0,91.0,155.0,-1
14.0,2.0,10.0,2.0,103.0,85.0,40.0,25.0,38.0,23.0,164.0,134.0,-1
21.0,9.0,28.0,9.0,211.0,79.0,82.0,30.0,80.0,33.0,109.0,159.0,0
16.0,11.0,16.0,8.0,139.0,111.0,56.0,35.0,48.0,55.0,117.0,129.0,1
11.0,7.0,11.0,9.0,139.0,75.0,37.0,26.0,60.0,41.0,150.0,149.0,1
17.0,19.0,10.0,21.0,112.0,170.0,46.0,65.0,36.0,69.0,160.0,131.0,0
21.0,16.0,17.0,21.0,113.0,104.0,47.0,42.0,56.0,20.0,179.0,111.0,-1
14.0,19.0,18.0,19.0,127.0,174.0,52.0,64.0,42.0,68.0,114.0,128.0,-1
15.0,17.0,9.0,12.0,111.0,97.0,36.0,35.0,49.0,36.0,132.0,178.0,1
22.0,10.0,14.0,15.0,119.0,112.0,49.0,41.0,56.0,43.0,142.0,131.0,1
12.0,8.0,23.0,8.0,162.0,93.0,49.0,28.0,76.0,47.0,119.0,156.0,-1
9.0,16.0,9.0,18.0,144.0,108.0,37.0,45.0,45.0,57.0,180.0,122.0,1
16.0,5.0,12.0,9.0,122.0,113.0,43.0,33.0,43.0,41.0,177.0,126.0,1
18.0,24.0,22.0,25.0,141.0,135.0,48.0,66.0,58.0,43.0,115.0,105.0,1
13.0,6.0,11.0,9.0,137.0,123.0,51.0,36.0,61.0,48.0,115.0,151.0,-1
16.0,9.0,16.0,9.0,127.0,93.0,33.0,34.0,46.0,36.0,173.0,171.0,0
11.0,10.0,13.0,15.0,134.0,80.0,39.0,31.0,57.0,26.0,149.0,141.0,-1
20.0,9.0,21.0,8.0,139.0,93.0,54.0,29.0,61.0,41.0,144.0,153.0,-1
15.0,7.0,16.0,8.0,137.0,81.0,54.0,30.0,44.0,43.0,120.0,145.0,-1
28.0,8.0,31.0,8.0,176.0,88.0,79.0,29.0,59.0,40.0,100.0,182.0,1
21.0,14.0,17.0,13.0,123.0,102.0,50.0,40.0,64.0,43.0,158.0,156.0,-1
19.0,11.0,24.0,14.0,211.0,136.0,83.0,43.0,88.0,66.0,107.0,105.0,-1
,11.0,,8.0,,105.0,,35.0,,52.0,,138.0,-1
9.0,23.0,9.0,16.0,141.0,99.0,38.0,43.0,45.0,28.0,174.0,141.0,-1
20.0,6.0,21.0,7.0,147.0,80.0,57.0,29.0,53.0,33.0,149.0,162.0,-1
14.0,4.0,8.0,5.0,117.0,87.0,37.0,31.0,56.0,23.0,162.0,116.0,-1
10.0,4.0,11.0,5.0,136.0,101.0,51.0,34.0,61.0,35.0,114.0,130.0,-1
22.0,17.0,14.0,20.0,122.0,106.0,49.0,48.0,55.0,60.0,133.0,130.0,-1
14.0,10.0,16.0,15.0,132.0,114.0,36.0,46.0,50.0,45.0,175.0,136.0,-1
17.0,26.0,10.0,26.0,113.0,130.0,37.0,69.0,52.0,40.0,129.0,107.0,-1
20.0,8.0,18.0,9.0,115.0,96.0,50.0,35.0,54.0,35.0,177.0,171.0,-1
7.0,,9.0,,125.0,,34.0,,50.0,,146.0,,-1
13.0,16.0,10.0,21.0,129.0,99.0,42.0,39.0,43.0,24.0,176.0,114.0,-1
14.0,17.0,18.0,11.0,131.0,91.0,55.0,33.0,46.0,34.0,116.0,188.0,1
18.0,9.0,18.0,9.0,134.0,125.0,45.0,41.0,61.0,46.0,119.0,150.0,1
9.0,6.0,19.0,11.0,153.0,120.0,46.0,36.0,71.0,41.0,120.0,127.0,-1
,,,,,,,,,,,,0
,,,,,,,,,,,,-1
,,,,,,,,,,,,1
,4.0,,5.0,,83.0,,34.0,,24.0,,118.0,1
,,,,,,,,,,,,-1
,,,,,,,,,,,,0
,13.0,,13.0,,102.0,,45.0,,43.0,,167.0,0
23.0,,21.0,,150.0,,56.0,,62.0,,149.0,,1
10.0,,11.0,,138.0,,43.0,,57.0,,152.0,,-1
,,,,,,,,,,,,1
17.0,3.0,17.0,4.0,133.0,98.0,46.0,32.0,57.0,35.0,122.0,134.0,0
17.0,26.0,20.0,23.0,134.0,139.0,56.0,70.0,46.0,52.0,117.0,108.0,-1
12.0,13.0,21.0,20.0,152.0,98.0,53.0,38.0,73.0,27.0,122.0,116.0,1
17.0,,19.0,,209.0,,76.0,,95.0,,112.0,,0
12.0,10.0,8.0,8.0,126.0,100.0,38.0,39.0,40.0,30.0,175.0,171.0,0
,,,,,,,,,,,,-1
,,,,,,,,,,,,1
,,,,,,,,,,,,1
17.0,9.0,10.0,7.0,121.0,119.0,39.0,37.0,53.0,49.0,121.0,146.0,1
19.0,12.0,16.0,14.0,113.0,117.0,47.0,44.0,55.0,46.0,180.0,135.0,-1
,,,,,,,,,,,,0
,,,,,,,,,,,,-1
,,,,,,,,,,,,-1
,,,,,,,,,,,,1
10.0,,10.0,,124.0,,32.0,,55.0,,145.0,,1
,,,,,,,,,,,,-1
,21.0,,17.0,,101.0,,43.0,,27.0,,147.0,-1
,14.0,,10.0,,90.0,,30.0,,40.0,,190.0,-1
,,,,,,,,,,,,1
,,,,,,,,,,,,-1
,,,,,,,,,,,,-1
,,,,,,,,,,,,-1
,,,,,,,,,,,,1
,,,,,,,,,,,,0
,,,,,,,,,,,,-1
,,,,,,,,,,,,-1
,,,,,,,,,,,,-1
,,,,,,,,,,,,1
,,,,,,,,,,,,1
,,,,,,,,,,,,-1
,,,,,,,,,,,,1
,,,,,,,,,,,,1
,,,,,,,,,,,,0
,,,,,,,,,,,,-1
,,,,,,,,,,,,0
,,,,,,,,,,,,-1
,,,,,,,,,,,,-1
,,,,,,,,,,,,-1
,,,,,,,,,,,,1
,,,,,,,,,,,,0
,,,,,,,,,,,,1
,,,,,,,,,,,,0
,,,,,,,,,,,,-1
,,,,,,,,,,,,-1
,,,,,,,,,,,,-1
,,,,,,,,,,,,-1
,,,,,,,,,,,,1
,,,,,,,,,,,,-1
,,,,,,,,,,,,-1
,,,,,,,,,,,,-1
,,,,,,,,,,,,1
,,,,,,,,,,,,0
,,,,,,,,,,,,1
,,,,,,,,,,,,1
,,,,,,,,,,,,-1
,,,,,,,,,,,,1
,,,,,,,,,,,,-1
,,,,,,,,,,,,-1
,,,,,,,,,,,,0
,,,,,,,,,,,,1
,,,,,,,,,,,,-1
,,,,,,,,,,,,1
,,,,,,,,,,,,-1
,,,,,,,,,,,,-1
,,,,,,,,,,,,1
,,,,,,,,,,,,-1
,,,,,,,,,,,,-1
,,,,,,,,,,,,-1
,,,,,,,,,,,,0
,,,,,,,,,,,,-1
,,,,,,,,,,,,0
,,,,,,,,,,,,0
,,,,,,,,,,,,0
,,,,,,,,,,,,-1
,,,,,,,,,,,,0
,,,,,,,,,,,,-1
,,,,,,,,,,,,0
,,,,,,,,,,,,-1
,,,,,,,,,,,,0
,,,,,,,,,,,,-1
,,,,,,,,,,,,1
,,,,,,,,,,,,-1
,,,,,,,,,,,,1
,,,,,,,,,,,,-1
,,,,,,,,,,,,-1
,,,,,,,,,,,,0
,,,,,,,,,,,,-1
,,,,,,,,,,,,-1
,,,,,,,,,,,,1
,,,,,,,,,,,,-1
,,,,,,,,,,,,1
,,,,,,,,,,,,0
,,,,,,,,,,,,-1
,,,,,,,,,,,,-1
,,,,,,,,,,,,-1
,,,,,,,,,,,,0
,,,,,,,,,,,,1
,,,,,,,,,,,,0
,,,,,,,,,,,,1
,,,,,,,,,,,,-1
,,,,,,,,,,,,0
,,,,,,,,,,,,1
,,,,,,,,,,,,1
,,,,,,,,,,,,-1
,,,,,,,,,,,,1
,,,,,,,,,,,,1
,,,,,,,,,,,,-1
,,,,,,,,,,,,-1
,,,,,,,,,,,,-1
,,,,,,,,,,,,1
,,,,,,,,,,,,0
,,,,,,,,,,,,-1
,,,,,,,,,,,,0
,,,,,,,,,,,,1
,,,,,,,,,,,,-1
,,,,,,,,,,,,0
,,,,,,,,,,,,-1
,,,,,,,,,,,,-1
,,,,,,,,,,,,1
,,,,,,,,,,,,-1
,,,,,,,,,,,,1
,,,,,,,,,,,,0
,,,,,,,,,,,,-1
,,,,,,,,,,,,0
,,,,,,,,,,,,0
,,,,,,,,,,,,-1
,,,,,,,,,,,,1
,,,,,,,,,,,,-1
,,,,,,,,,,,,0
,,,,,,,,,,,,-1
,,,,,,,,,,,,1
,,,,,,,,,,,,0
,,,,,,,,,,,,-1
,,,,,,,,,,,,-1
,,,,,,,,,,,,0
,,,,,,,,,,,,1
,,,,,,,,,,,,0
,,,,,,,,,,,,1
,,,,,,,,,,,,0
,,,,,,,,,,,,-1
,,,,,,,,,,,,1
,,,,,,,,,,,,1
,,,,,,,,,,,,1
,,,,,,,,,,,,1
,,,,,,,,,,,,-1
,,,,,,,,,,,,-1
,,,,,,,,,,,,1
,,,,,,,,,,,,-1
,,,,,,,,,,,,1
,,,,,,,,,,,,1
,,,,,,,,,,,,-1
,,,,,,,,,,,,0
,,,,,,,,,,,,-1
,,,,,,,,,,,,1
,,,,,,,,,,,,1
,,,,,,,,,,,,0
,,,,,,,,,,,,-1
,,,,,,,,,,,,1
,,,,,,,,,,,,0
,,,,,,,,,,,,-1
,,,,,,,,,,,,0
,,,,,,,,,,,,-1
,,,,,,,,,,,,-1
,,,,,,,,,,,,-1
,,,,,,,,,,,,-1
,,,,,,,,,,,,-1
,,,,,,,,,,,,-1
,,,,,,,,,,,,0
,,,,,,,,,,,,-1
,,,,,,,,,,,,-1
,,,,,,,,,,,,0
,,,,,,,,,,,,1
,,,,,,,,,,,,0
,,,,,,,,,,,,-1
,,,,,,,,,,,,0
,,,,,,,,,,,,-1
,,,,,,,,,,,,1
,,,,,,,,,,,,0
,,,,,,,,,,,,1
,,,,,,,,,,,,1
,,,,,,,,,,,,1
,,,,,,,,,,,,-1
,,,,,,,,,,,,1
,,,,,,,,,,,,-1
,,,,,,,,,,,,1
,,,,,,,,,,,,-1
,,,,,,,,,,,,1
,,,,,,,,,,,,1
,,,,,,,,,,,,1
,,,,,,,,,,,,-1
,,,,,,,,,,,,0
,,,,,,,,,,,,-1
,,,,,,,,,,,,-1
,,,,,,,,,,,,1
,,,,,,,,,,,,-1
,,,,,,,,,,,,-1
,,,,,,,,,,,,0
,,,,,,,,,,,,-1
,,,,,,,,,,,,-1
9.0,23.0,10.0,18.0,124.0,172.0,42.0,63.0,54.0,71.0,145.0,101.0,-1
20.0,8.0,21.0,7.0,138.0,108.0,49.0,31.0,51.0,39.0,113.0,129.0,0
23.0,11.0,17.0,16.0,173.0,116.0,62.0,45.0,64.0,47.0,104.0,116.0,1
21.0,8.0,24.0,5.0,163.0,88.0,68.0,24.0,58.0,37.0,117.0,134.0,-1
13.0,15.0,13.0,14.0,138.0,96.0,54.0,35.0,56.0,33.0,139.0,127.0,0
9.0,5.0,6.0,11.0,162.0,100.0,39.0,28.0,50.0,50.0,131.0,126.0,-1
14.0,16.0,11.0,10.0,132.0,115.0,40.0,45.0,51.0,42.0,137.0,108.0,1
16.0,7.0,15.0,11.0,127.0,108.0,46.0,39.0,56.0,41.0,115.0,118.0,1
9.0,10.0,13.0,10.0,124.0,92.0,49.0,31.0,49.0,41.0,145.0,118.0,-1
13.0,16.0,8.0,21.0,113.0,113.0,42.0,42.0,58.0,41.0,129.0,129.0,-1
13.0,9.0,13.0,15.0,104.0,92.0,33.0,44.0,41.0,37.0,137.0,155.0,-1
18.0,11.0,15.0,12.0,139.0,129.0,51.0,40.0,51.0,47.0,128.0,128.0,-1
14.0,6.0,11.0,5.0,134.0,112.0,42.0,37.0,52.0,53.0,138.0,144.0,-1
10.0,7.0,13.0,10.0,107.0,97.0,37.0,36.0,36.0,41.0,125.0,145.0,1
26.0,17.0,23.0,11.0,128.0,89.0,44.0,39.0,68.0,33.0,128.0,143.0,-1
11.0,1.0,11.0,5.0,159.0,83.0,50.0,25.0,51.0,44.0,119.0,129.0,1
20.0,5.0,12.0,6.0,142.0,104.0,45.0,30.0,60.0,48.0,106.0,132.0,1
28.0,16.0,42.0,15.0,157.0,116.0,74.0,50.0,55.0,48.0,111.0,115.0,0
12.0,20.0,11.0,25.0,143.0,143.0,40.0,66.0,55.0,44.0,145.0,117.0,-1
17.0,18.0,19.0,17.0,146.0,150.0,61.0,54.0,70.0,62.0,134.0,156.0,-1
21.0,14.0,25.0,17.0,163.0,117.0,67.0,48.0,56.0,46.0,112.0,116.0,-1
12.0,13.0,10.0,19.0,120.0,105.0,39.0,39.0,52.0,38.0,144.0,125.0,-1
20.0,13.0,21.0,10.0,132.0,99.0,45.0,35.0,53.0,41.0,114.0,118.0,1
13.0,5.0,12.0,5.0,139.0,98.0,54.0,30.0,54.0,35.0,140.0,133.0,0
9.0,14.0,7.0,9.0,173.0,113.0,41.0,44.0,48.0,43.0,130.0,110.0,1
14.0,6.0,11.0,12.0,143.0,103.0,43.0,29.0,62.0,49.0,137.0,125.0,1
12.0,7.0,13.0,10.0,128.0,98.0,48.0,34.0,52.0,40.0,146.0,115.0,1
20.0,1.0,15.0,7.0,177.0,75.0,62.0,24.0,62.0,37.0,103.0,142.0,-1
17.0,12.0,16.0,11.0,123.0,95.0,49.0,32.0,58.0,39.0,117.0,129.0,0
12.0,22.0,12.0,17.0,106.0,178.0,34.0,60.0,40.0,71.0,134.0,96.0,-1
30.0,12.0,42.0,8.0,162.0,81.0,77.0,31.0,59.0,36.0,114.0,122.0,1
18.0,20.0,15.0,19.0,138.0,158.0,49.0,57.0,52.0,62.0,134.0,155.0,-1
14.0,6.0,11.0,5.0,152.0,112.0,45.0,39.0,68.0,48.0,143.0,146.0,-1
11.0,7.0,8.0,9.0,136.0,95.0,40.0,34.0,58.0,39.0,138.0,140.0,1
10.0,9.0,11.0,15.0,102.0,91.0,31.0,45.0,36.0,37.0,131.0,160.0,0
28.0,10.0,24.0,7.0,117.0,92.0,46.0,25.0,67.0,32.0,132.0,129.0,1
14.0,16.0,12.0,18.0,139.0,114.0,40.0,45.0,52.0,42.0,147.0,115.0,0
13.0,5.0,8.0,5.0,117.0,102.0,42.0,31.0,58.0,48.0,136.0,126.0,-1
18.0,11.0,13.0,13.0,167.0,127.0,54.0,37.0,65.0,45.0,107.0,128.0,-1
14.0,14.0,14.0,10.0,152.0,87.0,51.0,35.0,48.0,34.0,123.0,146.0,-1
12.0,5.0,11.0,6.0,129.0,117.0,43.0,40.0,63.0,50.0,145.0,151.0,0
14.0,22.0,11.0,18.0,127.0,186.0,38.0,63.0,52.0,70.0,135.0,101.0,-1
14.0,1.0,14.0,6.0,118.0,75.0,45.0,24.0,56.0,36.0,134.0,137.0,1
17.0,15.0,11.0,9.0,136.0,114.0,44.0,46.0,59.0,43.0,115.0,118.0,0
12.0,6.0,11.0,11.0,107.0,98.0,34.0,29.0,41.0,44.0,119.0,122.0,1
15.0,14.0,16.0,19.0,132.0,116.0,50.0,42.0,68.0,41.0,136.0,123.0,-1
12.0,5.0,11.0,4.0,145.0,112.0,57.0,28.0,55.0,49.0,148.0,128.0,1
9.0,6.0,12.0,6.0,128.0,101.0,43.0,32.0,52.0,40.0,151.0,140.0,0
21.0,7.0,21.0,9.0,165.0,94.0,66.0,35.0,59.0,41.0,114.0,121.0,1
23.0,20.0,22.0,22.0,130.0,137.0,48.0,59.0,48.0,43.0,116.0,120.0,0
11.0,18.0,7.0,16.0,176.0,106.0,39.0,44.0,54.0,44.0,122.0,114.0,-1
30.0,17.0,39.0,20.0,173.0,117.0,80.0,45.0,64.0,41.0,115.0,127.0,-1
16.0,18.0,9.0,17.0,118.0,151.0,41.0,51.0,57.0,60.0,139.0,161.0,-1
15.0,9.0,14.0,8.0,143.0,92.0,49.0,28.0,45.0,37.0,125.0,147.0,1
12.0,11.0,12.0,6.0,104.0,87.0,33.0,31.0,42.0,34.0,126.0,116.0,0
13.0,6.0,8.0,9.0,172.0,99.0,43.0,36.0,57.0,41.0,128.0,145.0,1
17.0,7.0,11.0,13.0,144.0,96.0,44.0,44.0,69.0,38.0,151.0,154.0,1
15.0,11.0,12.0,9.0,129.0,93.0,37.0,39.0,44.0,39.0,149.0,155.0,-1
18.0,11.0,12.0,8.0,154.0,99.0,50.0,24.0,61.0,29.0,111.0,130.0,0
17.0,16.0,15.0,18.0,136.0,111.0,50.0,45.0,55.0,37.0,129.0,121.0,0
23.0,15.0,26.0,9.0,181.0,123.0,74.0,46.0,66.0,47.0,105.0,115.0,1
12.0,20.0,11.0,22.0,154.0,134.0,57.0,60.0,60.0,42.0,143.0,126.0,-1
19.0,17.0,11.0,16.0,137.0,110.0,46.0,45.0,60.0,49.0,122.0,110.0,-1
12.0,5.0,11.0,4.0,104.0,109.0,34.0,24.0,38.0,51.0,117.0,123.0,1
16.0,8.0,14.0,12.0,142.0,102.0,51.0,30.0,55.0,36.0,127.0,110.0,1
12.0,7.0,10.0,8.0,121.0,99.0,35.0,35.0,48.0,45.0,137.0,119.0,1
13.0,1.0,13.0,7.0,126.0,78.0,42.0,24.0,60.0,30.0,140.0,137.0,-1
10.0,3.0,12.0,8.0,129.0,104.0,41.0,37.0,51.0,42.0,152.0,139.0,-1
25.0,11.0,23.0,13.0,119.0,125.0,45.0,34.0,61.0,42.0,137.0,134.0,0
13.0,24.0,13.0,22.0,123.0,193.0,44.0,68.0,51.0,71.0,154.0,98.0,1
19.0,16.0,11.0,21.0,133.0,123.0,43.0,50.0,63.0,45.0,136.0,125.0,1
18.0,8.0,13.0,7.0,156.0,110.0,52.0,35.0,60.0,49.0,106.0,158.0,-1
15.0,15.0,11.0,7.0,137.0,129.0,41.0,44.0,65.0,45.0,135.0,121.0,-1
12.0,9.0,12.0,8.0,107.0,96.0,37.0,24.0,50.0,31.0,135.0,135.0,0
16.0,8.0,10.0,7.0,161.0,86.0,42.0,34.0,54.0,45.0,125.0,159.0,-1
17.0,6.0,12.0,11.0,122.0,92.0,37.0,43.0,45.0,39.0,151.0,148.0,-1
16.0,13.0,9.0,16.0,116.0,104.0,41.0,40.0,53.0,34.0,135.0,125.0,-1
11.0,9.0,12.0,7.0,124.0,91.0,40.0,26.0,60.0,35.0,144.0,146.0,-1
26.0,18.0,22.0,15.0,124.0,150.0,47.0,49.0,43.0,58.0,120.0,163.0,-1
24.0,20.0,26.0,24.0,182.0,136.0,72.0,64.0,67.0,39.0,111.0,129.0,-1
13.0,11.0,14.0,7.0,127.0,88.0,43.0,32.0,56.0,35.0,148.0,116.0,1
11.0,10.0,11.0,12.0,161.0,120.0,58.0,30.0,59.0,43.0,147.0,143.0,-1
19.0,22.0,11.0,22.0,137.0,181.0,51.0,64.0,64.0,71.0,119.0,100.0,0
12.0,0.0,11.0,6.0,106.0,75.0,35.0,22.0,38.0,32.0,119.0,139.0,-1
13.0,5.0,11.0,4.0,143.0,109.0,49.0,23.0,58.0,54.0,127.0,131.0,1
14.0,5.0,12.0,8.0,134.0,102.0,42.0,36.0,45.0,42.0,124.0,141.0,0
10.0,8.0,10.0,11.0,129.0,97.0,39.0,27.0,52.0,38.0,156.0,116.0,0
12.0,17.0,10.0,15.0,124.0,111.0,37.0,44.0,50.0,48.0,146.0,119.0,1
25.0,10.0,27.0,10.0,127.0,99.0,50.0,37.0,61.0,43.0,141.0,128.0,0
30.0,7.0,40.0,7.0,175.0,86.0,81.0,26.0,65.0,34.0,118.0,141.0,0
13.0,16.0,10.0,16.0,136.0,147.0,41.0,47.0,52.0,55.0,154.0,153.0,-1
16.0,8.0,15.0,5.0,156.0,113.0,54.0,25.0,64.0,55.0,120.0,148.0,-1
14.0,10.0,12.0,11.0,128.0,102.0,43.0,43.0,60.0,36.0,139.0,132.0,0
12.0,9.0,11.0,9.0,130.0,89.0,38.0,30.0,53.0,36.0,149.0,153.0,-1
25.0,8.0,22.0,7.0,129.0,93.0,49.0,22.0,43.0,30.0,118.0,143.0,-1
12.0,15.0,13.0,7.0,118.0,131.0,41.0,43.0,50.0,43.0,134.0,121.0,-1
16.0,1.0,10.0,8.0,157.0,77.0,45.0,24.0,53.0,30.0,133.0,145.0,1
18.0,8.0,10.0,6.0,124.0,81.0,38.0,33.0,63.0,42.0,134.0,164.0,-1
30.0,6.0,41.0,12.0,168.0,96.0,80.0,42.0,57.0,42.0,118.0,154.0,0
18.0,16.0,13.0,22.0,107.0,125.0,38.0,53.0,44.0,43.0,148.0,125.0,-1
26.0,10.0,27.0,12.0,182.0,125.0,73.0,31.0,71.0,41.0,115.0,139.0,1
16.0,22.0,13.0,28.0,138.0,131.0,41.0,70.0,45.0,38.0,123.0,136.0,-1
12.0,8.0,9.0,11.0,152.0,96.0,42.0,26.0,64.0,40.0,133.0,116.0,1
15.0,14.0,12.0,13.0,105.0,104.0,36.0,39.0,36.0,50.0,112.0,118.0,-1
11.0,11.0,11.0,8.0,143.0,86.0,47.0,33.0,61.0,34.0,125.0,122.0,-1
10.0,8.0,10.0,7.0,164.0,103.0,64.0,33.0,60.0,44.0,151.0,162.0,1
13.0,5.0,14.0,9.0,123.0,104.0,40.0,37.0,57.0,37.0,149.0,145.0,1
19.0,22.0,11.0,22.0,117.0,179.0,46.0,59.0,56.0,76.0,135.0,107.0,1
25.0,9.0,27.0,8.0,124.0,102.0,51.0,31.0,61.0,37.0,144.0,151.0,1
16.0,10.0,11.0,9.0,133.0,94.0,51.0,33.0,65.0,45.0,124.0,133.0,-1
30.0,19.0,40.0,20.0,172.0,149.0,82.0,50.0,63.0,54.0,108.0,151.0,-1
18.0,7.0,16.0,6.0,159.0,87.0,53.0,35.0,64.0,43.0,127.0,158.0,-1
14.0,12.0,14.0,12.0,128.0,105.0,40.0,46.0,52.0,41.0,146.0,132.0,-1
23.0,8.0,21.0,5.0,129.0,108.0,52.0,24.0,45.0,50.0,122.0,144.0,-1
14.0,5.0,11.0,10.0,117.0,100.0,39.0,41.0,61.0,41.0,141.0,147.0,0
12.0,7.0,12.0,9.0,115.0,90.0,40.0,27.0,47.0,32.0,140.0,160.0,-1
19.0,5.0,11.0,6.0,138.0,87.0,45.0,21.0,49.0,27.0,135.0,146.0,-1
15.0,4.0,8.0,9.0,130.0,78.0,36.0,26.0,64.0,29.0,142.0,146.0,0
12.0,15.0,7.0,19.0,143.0,127.0,40.0,49.0,49.0,48.0,158.0,124.0,-1
18.0,17.0,16.0,8.0,115.0,132.0,44.0,44.0,44.0,46.0,145.0,120.0,1
18.0,4.0,11.0,10.0,115.0,106.0,43.0,40.0,50.0,34.0,139.0,150.0,-1
23.0,12.0,27.0,9.0,180.0,111.0,69.0,34.0,69.0,42.0,122.0,149.0,0
12.0,22.0,10.0,29.0,109.0,131.0,37.0,71.0,45.0,39.0,139.0,141.0,0
16.0,12.0,12.0,13.0,138.0,128.0,50.0,33.0,59.0,40.0,124.0,135.0,-1
14.0,7.0,12.0,7.0,107.0,99.0,38.0,29.0,40.0,43.0,112.0,157.0,-1
11.0,7.0,11.0,6.0,142.0,93.0,48.0,38.0,55.0,42.0,125.0,158.0,-1
14.0,14.0,8.0,13.0,151.0,102.0,40.0,38.0,59.0,44.0,143.0,124.0,0
16.0,10.0,12.0,8.0,124.0,95.0,38.0,38.0,43.0,38.0,130.0,123.0,1
16.0,8.0,10.0,11.0,108.0,100.0,37.0,42.0,44.0,42.0,142.0,152.0,-1
30.0,8.0,38.0,9.0,166.0,99.0,75.0,27.0,67.0,41.0,119.0,115.0,-1
23.0,5.0,24.0,12.0,118.0,111.0,47.0,40.0,59.0,29.0,152.0,150.0,1
19.0,14.0,19.0,14.0,148.0,113.0,52.0,39.0,54.0,45.0,131.0,130.0,1
19.0,9.0,9.0,7.0,124.0,97.0,41.0,34.0,45.0,46.0,139.0,139.0,-1
15.0,4.0,15.0,9.0,124.0,71.0,48.0,24.0,52.0,27.0,143.0,149.0,-1
12.0,15.0,12.0,16.0,142.0,139.0,49.0,48.0,58.0,51.0,124.0,134.0,-1
14.0,8.0,13.0,5.0,126.0,76.0,44.0,18.0,49.0,16.0,144.0,147.0,-1
20.0,12.0,18.0,10.0,136.0,103.0,56.0,44.0,42.0,37.0,121.0,125.0,0
16.0,10.0,12.0,7.0,131.0,107.0,42.0,25.0,68.0,46.0,137.0,139.0,-1
10.0,14.0,11.0,8.0,160.0,127.0,60.0,38.0,55.0,44.0,146.0,123.0,-1
15.0,20.0,10.0,21.0,151.0,168.0,46.0,54.0,52.0,77.0,157.0,107.0,0
13.0,21.0,13.0,20.0,124.0,159.0,41.0,52.0,56.0,50.0,146.0,154.0,1
23.0,22.0,24.0,27.0,120.0,130.0,45.0,72.0,61.0,36.0,147.0,139.0,-1
14.0,15.0,7.0,12.0,147.0,126.0,36.0,33.0,61.0,39.0,151.0,138.0,1
16.0,7.0,10.0,7.0,131.0,97.0,38.0,35.0,67.0,39.0,131.0,126.0,0
17.0,4.0,15.0,4.0,111.0,89.0,42.0,32.0,40.0,41.0,116.0,154.0,-1
13.0,8.0,10.0,9.0,127.0,97.0,38.0,31.0,46.0,34.0,127.0,169.0,-1
19.0,5.0,16.0,6.0,133.0,100.0,53.0,28.0,50.0,43.0,129.0,157.0,1
15.0,10.0,15.0,7.0,125.0,121.0,51.0,31.0,51.0,43.0,152.0,147.0,-1
12.0,20.0,10.0,23.0,114.0,172.0,38.0,57.0,47.0,75.0,137.0,111.0,1
21.0,8.0,22.0,8.0,174.0,91.0,61.0,36.0,77.0,40.0,133.0,151.0,1
23.0,17.0,23.0,18.0,175.0,146.0,60.0,51.0,79.0,54.0,120.0,131.0,-1
14.0,23.0,12.0,26.0,129.0,137.0,45.0,71.0,52.0,43.0,144.0,138.0,1
12.0,9.0,11.0,9.0,120.0,95.0,38.0,26.0,56.0,41.0,143.0,122.0,-1
10.0,8.0,13.0,5.0,135.0,89.0,47.0,19.0,53.0,23.0,126.0,140.0,0
19.0,15.0,14.0,10.0,139.0,124.0,48.0,32.0,67.0,40.0,140.0,129.0,0
7.0,12.0,9.0,9.0,154.0,96.0,60.0,41.0,57.0,42.0,137.0,114.0,-1
13.0,10.0,14.0,6.0,125.0,101.0,42.0,23.0,56.0,41.0,145.0,133.0,-1
15.0,7.0,10.0,11.0,139.0,80.0,43.0,28.0,51.0,29.0,171.0,142.0,1
30.0,14.0,40.0,8.0,179.0,125.0,83.0,36.0,72.0,37.0,111.0,124.0,1
20.0,14.0,18.0,15.0,129.0,114.0,54.0,38.0,41.0,44.0,129.0,135.0,1
19.0,23.0,21.0,25.0,149.0,182.0,53.0,62.0,54.0,74.0,126.0,113.0,0
23.0,8.0,27.0,7.0,121.0,94.0,47.0,35.0,56.0,38.0,147.0,146.0,-1
19.0,7.0,17.0,5.0,140.0,86.0,59.0,34.0,50.0,39.0,126.0,146.0,-1
14.0,10.0,12.0,9.0,108.0,104.0,37.0,39.0,38.0,39.0,115.0,128.0,-1
11.0,5.0,9.0,7.0,121.0,98.0,38.0,26.0,50.0,40.0,115.0,163.0,0
13.0,9.0,10.0,10.0,139.0,99.0,41.0,32.0,76.0,32.0,127.0,159.0,0
15.0,5.0,15.0,10.0,131.0,111.0,51.0,36.0,53.0,31.0,143.0,138.0,0
13.0,10.0,9.0,8.0,109.0,101.0,36.0,36.0,41.0,41.0,136.0,139.0,-1
19.0,8.0,9.0,9.0,124.0,128.0,40.0,34.0,48.0,46.0,133.0,152.0,-1
17.0,18.0,8.0,19.0,158.0,157.0,38.0,51.0,69.0,47.0,144.0,153.0,-1
30.0,,34.0,,172.0,,74.0,,71.0,,112.0,,-1
,,,,,,,,,,,,-1
,,,,,,,,,,,,-1
19.0,23.0,14.0,26.0,135.0,133.0,45.0,66.0,68.0,34.0,129.0,138.0,0
,12.0,,14.0,,108.0,,30.0,,42.0,,139.0,-1
4.0,,7.0,,141.0,,52.0,,54.0,,132.0,,-1
,14.0,,9.0,,122.0,,34.0,,41.0,,130.0,-1
25.0,,28.0,,132.0,,51.0,,58.0,,149.0,,0
,,,,,,,,,,,,1
,9.0,,9.0,,98.0,,25.0,,41.0,,123.0,0
,,,,,,,,,,,,0
,11.0,,11.0,,102.0,,36.0,,36.0,,159.0,0
13.0,5.0,13.0,9.0,122.0,85.0,40.0,21.0,54.0,32.0,142.0,164.0,1
17.0,7.0,8.0,7.0,153.0,101.0,35.0,33.0,72.0,43.0,141.0,141.0,1
19.0,,18.0,,132.0,,50.0,,41.0,,129.0,,-1
13.0,,10.0,,115.0,,36.0,,49.0,,109.0,,0
16.0,8.0,17.0,5.0,140.0,87.0,58.0,17.0,53.0,25.0,127.0,139.0,-1
14.0,6.0,10.0,10.0,112.0,125.0,37.0,34.0,45.0,49.0,134.0,154.0,-1
,18.0,,17.0,,152.0,,56.0,,54.0,,147.0,0
,,,,,,,,,,,,1
,,,,,,,,,,,,0
,,,,,,,,,,,,-1
,,,,,,,,,,,,1
,,,,,,,,,,,,0
,,,,,,,,,,,,-1
,,,,,,,,,,,,1
,,,,,,,,,,,,1
,,,,,,,,,,,,1
,,,,,,,,,,,,1
,,,,,,,,,,,,-1
,,,,,,,,,,,,-1
,,,,,,,,,,,,1
,,,,,,,,,,,,0
,,,,,,,,,,,,0
,,,,,,,,,,,,-1
,,,,,,,,,,,,-1
,,,,,,,,,,,,-1
,,,,,,,,,,,,1
,,,,,,,,,,,,1
,,,,,,,,,,,,-1
,,,,,,,,,,,,-1
,,,,,,,,,,,,1
,,,,,,,,,,,,1
,,,,,,,,,,,,1
,,,,,,,,,,,,-1
,,,,,,,,,,,,1
,,,,,,,,,,,,-1
,,,,,,,,,,,,-1
,,,,,,,,,,,,-1
,,,,,,,,,,,,-1
,,,,,,,,,,,,0
,,,,,,,,,,,,1
,,,,,,,,,,,,-1
,,,,,,,,,,,,0
,,,,,,,,,,,,1
,,,,,,,,,,,,-1
,,,,,,,,,,,,-1
,,,,,,,,,,,,-1
,,,,,,,,,,,,0
,,,,,,,,,,,,0
,,,,,,,,,,,,1
,,,,,,,,,,,,1
,,,,,,,,,,,,1
,,,,,,,,,,,,1
,,,,,,,,,,,,1
,,,,,,,,,,,,-1
,,,,,,,,,,,,-1
,,,,,,,,,,,,-1
,,,,,,,,,,,,0
,,,,,,,,,,,,-1
,,,,,,,,,,,,1
,,,,,,,,,,,,-1
,,,,,,,,,,,,-1
,,,,,,,,,,,,-1
,,,,,,,,,,,,-1
,,,,,,,,,,,,0
,,,,,,,,,,,,-1
,,,,,,,,,,,,-1
,,,,,,,,,,,,0
,,,,,,,,,,,,0
,,,,,,,,,,,,-1
,,,,,,,,,,,,0
,,,,,,,,,,,,1
,,,,,,,,,,,,0
,,,,,,,,,,,,0
,,,,,,,,,,,,1
,,,,,,,,,,,,0
,,,,,,,,,,,,-1
,,,,,,,,,,,,1
,,,,,,,,,,,,-1
,,,,,,,,,,,,-1
,,,,,,,,,,,,0
,,,,,,,,,,,,1
,,,,,,,,,,,,1
,,,,,,,,,,,,-1
,,,,,,,,,,,,0
,,,,,,,,,,,,-1
,,,,,,,,,,,,1
,,,,,,,,,,,,-1
,,,,,,,,,,,,0
,,,,,,,,,,,,-1
,,,,,,,,,,,,-1
,,,,,,,,,,,,-1
,,,,,,,,,,,,-1
,,,,,,,,,,,,1
,,,,,,,,,,,,-1
,,,,,,,,,,,,-1
,,,,,,,,,,,,1
,,,,,,,,,,,,-1
,,,,,,,,,,,,0
,,,,,,,,,,,,-1
,,,,,,,,,,,,1
,,,,,,,,,,,,-1
,,,,,,,,,,,,0
,,,,,,,,,,,,-1
,,,,,,,,,,,,-1
,,,,,,,,,,,,-1
,,,,,,,,,,,,1
,,,,,,,,,,,,0
,,,,,,,,,,,,1
,,,,,,,,,,,,1
,,,,,,,,,,,,0
,,,,,,,,,,,,-1
,,,,,,,,,,,,-1
,,,,,,,,,,,,1
,,,,,,,,,,,,-1
,,,,,,,,,,,,-1
,,,,,,,,,,,,-1
,,,,,,,,,,,,-1
,,,,,,,,,,,,0
,,,,,,,,,,,,1
,,,,,,,,,,,,1
,,,,,,,,,,,,1
,,,,,,,,,,,,1
,,,,,,,,,,,,0
,,,,,,,,,,,,0
,,,,,,,,,,,,1
,,,,,,,,,,,,1
,,,,,,,,,,,,-1
,,,,,,,,,,,,0
,,,,,,,,,,,,-1
,,,,,,,,,,,,-1
,,,,,,,,,,,,-1
,,,,,,,,,,,,-1
,,,,,,,,,,,,0
,,,,,,,,,,,,0
,,,,,,,,,,,,1
,,,,,,,,,,,,-1
,,,,,,,,,,,,-1
,,,,,,,,,,,,0
,,,,,,,,,,,,-1
,,,,,,,,,,,,1
,,,,,,,,,,,,1
,,,,,,,,,,,,1
,,,,,,,,,,,,-1
,,,,,,,,,,,,-1
,,,,,,,,,,,,1
,,,,,,,,,,,,0
,,,,,,,,,,,,1
,,,,,,,,,,,,-1
,,,,,,,,,,,,-1
,,,,,,,,,,,,0
,,,,,,,,,,,,0
,,,,,,,,,,,,-1
,,,,,,,,,,,,1
,,,,,,,,,,,,-1
,,,,,,,,,,,,1
,,,,,,,,,,,,0
,,,,,,,,,,,,-1
,,,,,,,,,,,,-1
,,,,,,,,,,,,-1
,,,,,,,,,,,,1
,,,,,,,,,,,,-1
,,,,,,,,,,,,1
,,,,,,,,,,,,1
,,,,,,,,,,,,-1
,,,,,,,,,,,,-1
,,,,,,,,,,,,1
,,,,,,,,,,,,0
,,,,,,,,,,,,-1
,,,,,,,,,,,,1
,,,,,,,,,,,,-1
,,,,,,,,,,,,-1
,,,,,,,,,,,,-1
,,,,,,,,,,,,1
,,,,,,,,,,,,-1
,,,,,,,,,,,,-1
,,,,,,,,,,,,0
,,,,,,,,,,,,0
,,,,,,,,,,,,1
,,,,,,,,,,,,0
,,,,,,,,,,,,1
,,,,,,,,,,,,1
,,,,,,,,,,,,1
,,,,,,,,,,,,1
,,,,,,,,,,,,0
,,,,,,,,,,,,-1
,,,,,,,,,,,,1
,,,,,,,,,,,,-1
,,,,,,,,,,,,-1
,,,,,,,,,,,,1
,,,,,,,,,,,,-1
,,,,,,,,,,,,1
,,,,,,,,,,,,-1
,,,,,,,,,,,,0
,,,,,,,,,,,,0
,,,,,,,,,,,,0
,,,,,,,,,,,,1
,,,,,,,,,,,,-1
,,,,,,,,,,,,-1
