version;datetime;validation;test;activation;b1;b2;batch_size;dropout;gamma_pi;lamda;learning_rate;len_test;len_train;len_val;mode;momentum;n_units_l1;n_units_l2;n_units_l3;n_units_l4;n_units_l5;neg_slope;nesterov;num_hidden_layers;optim;scaler
0;2024-05-18 04:37:13.266514;0,46015626192092896;;leaky_relu;;;256;0,3069489596019566;0,5189575641422126;0,04940711779599828;0,007116567247722151;2255;17639;5161;dropout;0,0381405907009394;7;20,0;;;;0,09448142042785243;False;2;sgd;minmax
1;2024-05-18 04:39:22.909315;0,529492199420929;;leaky_relu;;;64;;0,7383751510443316;0,027065196433984893;0,01767817458047262;2255;17639;5161;batchnorm;0,8599602228603547;10;15,0;8,0;22,0;15,0;0,027906769458767175;True;5;sgd;minmax
2;2024-05-18 04:42:39.125899;0,4602096378803253;;leaky_relu;0,583261497433289;0,21839593852592215;16;;0,2632723870395904;0,09440190775691523;0,05477879076145766;2255;17639;5161;batchnorm;;3;3,0;11,0;21,0;;0,041816258794151254;;4;adam;minmax
3;2024-05-18 04:51:00.616313;0,46015626192092896;;selu;0,8568852393933586;0,03065808945291036;64;;0,4744227685687614;0,036615887748035564;0,0548528099378794;2255;17639;5161;vanilla;;27;;;;;;;1;adam;normalizer
4;2024-05-18 04:53:48.362461;0,5238281488418579;;relu;;;512;;0,1862869198492852;0,023453891333327457;0,2715413508489936;2255;17639;5161;batchnorm;0,13255798598396995;17;17,0;;;;;True;2;sgd;normalizer
5;2024-05-18 04:55:53.191439;0,5296875238418579;;leaky_relu;0,6728350648088094;0,36790968488989767;256;;0,3766580881389604;0,08861638076952756;0,005961040048610432;2255;17639;5161;vanilla;;26;13,0;12,0;8,0;;0,0033536571304568497;;4;adam;normalizer
6;2024-05-18 04:57:50.469040;0,5316406488418579;;selu;;;128;;0,09539288310326159;0,048049677681496865;0,004453945889598109;2255;17639;5161;vanilla;0,04591877876629817;30;;;;;;False;1;sgd;maxabs
7;2024-05-18 05:00:34.271530;0,5287109613418579;;selu;;;256;0,6139100363168537;0,20058206541934115;0,08360903530949845;0,19232082687032326;2255;17639;5161;dropout;0,0402257750340729;26;12,0;24,0;6,0;25,0;;True;5;sgd;maxabs
8;2024-05-18 05:03:02.789067;0,46015626192092896;;leaky_relu;0,13486943077760366;0,14055264691444821;256;;0,11824647178940723;0,06805184454152925;0,776683543690798;2255;17639;5161;batchnorm;;4;4,0;23,0;;;0,029937853504596972;;3;adam;normalizer
9;2024-05-18 05:05:09.797434;0,46015626192092896;;relu;0,6418605372050262;0,28563430227699527;128;;0,6533324462252619;0,017208296461279242;0,08307183633679843;2255;17639;5161;batchnorm;;17;19,0;;;;;;2;adam;normalizer
10;2024-05-18 05:07:28.142091;0,528124988079071;;selu;;;128;;0,08454754785869761;0,05595016485708517;0,001676604956816646;2255;17639;5161;vanilla;0,002331260798953989;30;;;;;;False;1;sgd;maxabs
11;2024-05-18 05:10:46.121566;0,4602096378803253;;selu;0,9913506402607806;0,7036769115301745;32;;0,9294378541820345;0,07448584162009715;0,0034227919470184655;2255;17639;5161;vanilla;;23;28,0;4,0;6,0;;;;4;adam;maxabs
12;2024-05-18 05:15:16.463439;0,46015626192092896;;leaky_relu;;;128;;0,32526586820105496;0,09810491024516481;0,0011799279653612826;2255;17639;5161;vanilla;0,0012723319673483531;22;9,0;16,0;12,0;;0,0010378113366999037;False;4;sgd;maxabs
13;2024-05-18 05:17:27.300122;0,5343555808067322;;selu;0,32224101495449575;0,9992259403883763;32;;0,3720949698607896;0,057484883059190264;0,008007107016248932;2255;17639;5161;vanilla;;28;26,0;30,0;;;;;3;adam;normalizer
14;2024-05-18 05:21:35.855685;0,5306677222251892;;selu;0,22552533849453296;0,9644680395593702;32;;0,36379904187747836;0,04696461467759522;0,015255520536751584;2255;17639;5161;vanilla;;30;28,0;28,0;;;;;3;adam;maxabs
15;2024-05-18 05:25:42.270253;0,4602096378803253;;selu;;;32;;0,10110756369677174;0,00948705828855239;0,003727337977541185;2255;17639;5161;vanilla;0,008215889112262342;22;;;;;;False;1;sgd;normalizer
16;2024-05-18 05:29:28.050154;0,529492199420929;;selu;;;512;;0,2647204130795696;0,0596805079868964;0,016738805672608745;2255;17639;5161;vanilla;0,012503607727803739;13;24,0;;;;;False;2;sgd;maxabs
17;2024-05-18 05:31:36.851147;0,529891312122345;;selu;0,3467354806887364;0,6324756598995559;16;0,16623872483943541;0,05647124895232469;0,03915581924381699;0,0022678890180640554;2255;17639;5161;dropout;;20;24,0;29,0;;;;;3;adam;normalizer
18;2024-05-18 05:37:48.210750;0,53125;;relu;0,3983685365040436;0,9880774124435333;32;;0,21699073552432407;0,06418063101365909;0,00812205803016262;2255;17639;5161;vanilla;;28;;;;;;;1;adam;maxabs
19;2024-05-18 05:41:51.929301;0,529492199420929;;selu;;;128;;0,4409077430374774;0,07591945666673605;0,001009233818275127;2255;17639;5161;vanilla;0,17207780712970566;24;24,0;;;;;False;2;sgd;minmax
20;2024-05-18 05:45:50.423175;0,46015626192092896;;selu;;;128;0,6826419739833098;0,6038598658070568;0,053441050226204344;0,002854789698448533;2255;17639;5161;dropout;0,008543906808500815;19;30,0;20,0;;;;True;3;sgd;maxabs
21;2024-05-18 05:48:05.961774;0,5302795171737671;;relu;0,37362168636663995;0,9710424174310509;32;;0,23747525006936873;0,06370983075314712;0,008869703653567144;2255;17639;5161;vanilla;;28;;;;;;;1;adam;maxabs
22;2024-05-18 05:52:12.231050;0,5291149020195007;;relu;0,03421259443432173;0,8322361063627697;32;;0,3076170068898362;0,06668644436761645;0,005614183315642413;2255;17639;5161;vanilla;;30;;;;;;;1;adam;maxabs
23;2024-05-18 05:56:24.341160;0,5277562141418457;;relu;0,3633929967699013;0,850445821511175;32;;0,16905522376495086;0,045050170896949404;0,00975627114639082;2255;17639;5161;vanilla;;25;;;;;;;1;adam;maxabs
24;2024-05-18 06:00:31.767349;0,5304735898971558;;relu;0,484875077356296;0,5308479693255276;32;;0,16722722941547036;0,058043487155335236;0,004305634988772901;2255;17639;5161;vanilla;;28;21,0;;;;;;2;adam;maxabs
25;2024-05-18 06:04:43.583253;0,53125;;relu;0,22121041659603444;0,992544864667644;32;;0,41010787607532334;0,05322590699479894;0,02492243054347414;2255;17639;5161;vanilla;;28;;;;;;;1;adam;normalizer
26;2024-05-18 06:08:35.442054;0,532421886920929;;selu;0,4648207578649025;0,7850948289351074;64;;0,05661681675418201;0,03987501884986574;0,01109752580016125;2255;17639;5161;vanilla;;20;7,0;30,0;;;;;3;adam;maxabs
27;2024-05-18 06:11:27.442408;0,527539074420929;;selu;0,5078593876945777;0,7964324067952595;64;;0,051142582364436244;0,038993670197802165;0,002075207489420887;2255;17639;5161;vanilla;;12;9,0;30,0;;;;;3;adam;maxabs
28;2024-05-18 06:14:20.143115;0,528515636920929;;selu;;;64;0,44647745314908893;0,11434786680071873;0,03276199697496026;0,0119456481981458;2255;17639;5161;dropout;0,1290750533207437;20;7,0;23,0;27,0;;;False;4;sgd;minmax
29;2024-05-18 06:17:38.169066;0,5220702886581421;;selu;;;64;;0,3145938517646609;0,045713146549307596;0,005704833142694025;2255;17639;5161;vanilla;0,8750974252393319;8;6,0;;;;;False;2;sgd;normalizer
30;2024-05-18 06:20:53.744854;0,5269798040390015;;selu;0,2773736587708504;0,6983779598125487;16;0,11036451630712907;0,11964069208059112;0,049739856280407696;0,025334720281890107;2255;17639;5161;dropout;;14;11,0;26,0;30,0;6,0;;;5;adam;minmax
31;2024-05-18 06:29:42.562151;0,5283203125;;selu;0,4393777184839837;0,8959082574122171;512;;0,2177582334915525;0,06396441706829258;0,008582323825495107;2255;17639;5161;vanilla;;24;16,0;;;;;;2;adam;maxabs
32;2024-05-18 06:31:30.535893;0,530468761920929;;relu;0,43207024364827845;0,8914007280982724;64;;0,15342894574692117;0,05117711988206121;0,007275970294314011;2255;17639;5161;vanilla;;29;26,0;19,0;;;;;3;adam;maxabs
33;2024-05-18 06:35:11.496644;0,528124988079071;;selu;0,31028049052094725;0,7644337941284544;128;;0,2560343516760148;0,043217998604747794;0,011419443416834428;2255;17639;5161;vanilla;;26;;;;;;;1;adam;maxabs
34;2024-05-18 06:37:28.938557;0,5328124761581421;;leaky_relu;0,5360421143563474;0,9935706857677873;64;;0,14718497700931624;0,03397336890397907;0,0043063112489228;2255;17639;5161;vanilla;;27;22,0;;;;0,07410972900732007;;2;adam;maxabs
35;2024-05-18 06:40:20.701883;0,5308593511581421;;leaky_relu;0,5576452075105768;0,8899176064933473;64;;0,13628279801507026;0,030044333776144624;0,003999034076944579;2255;17639;5161;batchnorm;;21;21,0;30,0;;;0,07762818557674019;;3;adam;minmax
36;2024-05-18 06:43:30.512210;0,5267578363418579;;leaky_relu;0,5148518068471198;0,7901259635570532;64;;0,061024503022281115;0,033100057377908436;0,0055760012012271275;2255;17639;5161;vanilla;;18;23,0;;;;0,06568205586113433;;2;adam;normalizer
37;2024-05-18 06:47:04.493455;0,513671875;;leaky_relu;;;64;;0,49017995018766786;0,02674042838693074;0,012845354422577693;2255;17639;5161;batchnorm;0,0039053351386730208;15;18,0;;;;0,06465861422004629;True;2;sgd;maxabs
38;2024-05-18 06:50:10.204781;0,5298827886581421;;leaky_relu;0,686819754944293;0,9101326164643707;64;;0,1705013936510114;0,03755862098613845;0,018990885698081734;2255;17639;5161;vanilla;;26;27,0;27,0;;;0,09686729514941708;;3;adam;normalizer
39;2024-05-18 06:52:59.600967;0,46015626192092896;;leaky_relu;;;256;;0,2722087216403949;0,04184766098424078;0,04077198054727915;2255;17639;5161;vanilla;0,02017360777517613;24;30,0;20,0;15,0;;0,07264140468089608;False;4;sgd;maxabs
40;2024-05-18 06:54:55.520264;0,527562141418457;;selu;0,4564346205060581;0,9223319838536542;16;;0,1977012278210254;0,022644360816714844;0,002606154133053275;2255;17639;5161;batchnorm;;27;22,0;16,0;20,0;;;;4;adam;minmax
41;2024-05-18 07:02:54.584492;0,5331909656524658;;relu;0,4049065582163359;0,9588794927085278;32;;0,10852671301864641;0,050376244748935116;0,006936082431999098;2255;17639;5161;vanilla;;28;;;;;;;1;adam;maxabs
42;2024-05-18 07:07:07.840646;0,5279296636581421;;leaky_relu;0,4111557056850101;0,9991888667071147;512;;0,09744297024839754;0,04866130704217577;0,004673521082428592;2255;17639;5161;vanilla;;30;;;;;0,051840239759928394;;1;adam;maxabs
43;2024-05-18 07:08:56.648651;0,526171863079071;;selu;0,29440780502073605;0,852471713032429;128;;0,140649291959818;0,042373146447094424;0,006649479259227548;2255;17639;5161;vanilla;;27;14,0;;;;;;2;adam;maxabs
44;2024-05-18 07:11:11.308862;0,5289062261581421;;relu;0,5763233935076798;0,9235178536937219;64;;0,09144883270858917;0,03468727735844413;0,003255334084056277;2255;17639;5161;vanilla;;25;;;;;;;1;adam;maxabs
45;2024-05-18 07:14:00.914627;0,528515636920929;;leaky_relu;0,550286928429563;0,8467172708963423;256;;0,19161555094980398;0,05559472099580468;0,0016187622716154666;2255;17639;5161;vanilla;;29;26,0;;;;0,08372787236924875;;2;adam;maxabs
46;2024-05-18 07:16:10.874488;0,5306677222251892;;selu;0,47486068180226626;0,9417153278020244;32;;0,1344454891089998;0,04846329200120287;0,004724741700443446;2255;17639;5161;vanilla;;23;20,0;26,0;;;;;3;adam;normalizer
47;2024-05-18 07:20:13.253108;0,5298827886581421;;selu;;;128;;0,052861150647560445;0,04012638195260661;0,006893141046689609;2255;17639;5161;vanilla;0,0010035710347126151;29;16,0;24,0;3,0;27,0;;False;5;sgd;maxabs
48;2024-05-18 07:22:52.767798;0,5296971797943115;;selu;0,605718652859927;0,9976019959433692;32;0,48817638941697533;0,3536193568140146;0,05919277137774995;0,013712412848268381;2255;17639;5161;dropout;;25;;;;;;;1;adam;normalizer
49;2024-05-18 07:26:34.937425;0,526171863079071;;leaky_relu;;;64;;0,2304637090697588;0,03685474277273297;0,0039068755836103326;2255;17639;5161;batchnorm;0,05586492750907206;5;3,0;;;;0,08278287069843339;True;2;sgd;maxabs
50;2024-05-18 07:30:43.958772;0,5293090343475342;;relu;0,7188600948472724;0,7715889626695726;16;;0,09082525887578782;0,04527458972566017;0,010313662392982056;2255;17639;5161;vanilla;;16;18,0;14,0;;;;;3;adam;maxabs
51;2024-05-18 07:35:15.719507;0,5300853848457336;;relu;0,37606918584163845;0,9998216274013693;32;;0,19072908498554159;0,0530659263258469;0,007524990319013743;2255;17639;5161;vanilla;;27;;;;;;;1;adam;maxabs
52;2024-05-18 07:39:11.286512;0,5263975262641907;;relu;0,4107973666917253;0,9353031613230451;32;;0,21491207637658122;0,060522636671349946;0,008583744262742105;2255;17639;5161;vanilla;;28;;;;;;;1;adam;maxabs
53;2024-05-18 07:43:12.774288;0,5258151888847351;;relu;0,4913426193957692;0,9414803341622979;32;;0,2795104189180774;0,05084657977194272;0,0030783886616771662;2255;17639;5161;vanilla;;29;;;;;;;1;adam;maxabs
54;2024-05-18 07:46:54.080844;0,5318322777748108;;relu;0,40140645952215853;0,859457833802644;32;;0,1548591949978036;0,05616449330647039;0,017379466432786737;2255;17639;5161;vanilla;;30;;;;;;;1;adam;maxabs
55;2024-05-18 07:50:58.306738;0,53125;;relu;0,3154692770605204;0,8740448541072926;32;;0,14696069186787658;0,055661440457705644;0,01773239343670887;2255;17639;5161;vanilla;;30;;;;;;;1;adam;maxabs
56;2024-05-18 07:55:11.319534;0,528515636920929;;selu;0,6203336689668542;0,8246082625055509;128;;0,08743765165669554;0,045398627263132256;0,015144845845298861;2255;17639;5161;vanilla;;27;14,0;;;;;;2;adam;maxabs
57;2024-05-18 07:57:47.305872;0,46015626192092896;;relu;;;512;;0,12209522403259696;0,047758195788309726;0,0108810664689004;2255;17639;5161;vanilla;0,0034762079619077017;22;11,0;4,0;;;;False;3;sgd;normalizer
58;2024-05-18 07:59:45.115080;0,5333850979804993;;selu;0,5350406866890094;0,726521230508704;32;;0,16896334898471604;0,042743567071279145;0,004984973930017652;2255;17639;5161;vanilla;;26;;;;;;;1;adam;maxabs
59;2024-05-18 08:03:43.541737;0,5329968929290771;;selu;0,47165757010723836;0,7400253103885147;32;;0,23707735988866266;0,040415602147626295;0,005323377899148533;2255;17639;5161;vanilla;;26;;;;;;;1;adam;maxabs
60;2024-05-18 08:07:46.213221;0,5273680090904236;;selu;0,5481278899045969;0,7245328292039571;32;0,32993221871640876;0,2408023341676741;0,041384477015433935;0,005558080518337359;2255;17639;5161;dropout;;23;;;;;;;1;adam;maxabs
61;2024-05-18 08:11:42.779607;0,5341615080833435;;selu;0,44313514507837565;0,6786207274554443;32;;0,18285668997160126;0,035602996213038564;0,006315740407108939;2255;17639;5161;vanilla;;26;;;;;;;1;adam;maxabs
62;2024-05-18 08:15:36.439151;0,53125;;selu;0,4666082150025402;0,6287247213567251;32;;0,1884436975273384;0,0369948989118084;0,0035318386345141706;2255;17639;5161;vanilla;;26;;;;;;;1;adam;maxabs
63;2024-05-18 08:19:10.954775;0,5345497131347656;;selu;0,43563557982165974;0,736406179593557;32;;0,27348314216412883;0,030560704016595656;0,005077005720284992;2255;17639;5161;vanilla;;25;;;;;;;1;adam;maxabs
64;2024-05-18 08:23:02.144362;0,5279502868652344;;selu;0,5210865601418956;0,6548619392686301;32;;0,29138822071413223;0,029860183976183938;0,0026030704973204685;2255;17639;5161;vanilla;;25;;;;;;;1;adam;maxabs
65;2024-05-18 08:26:58.537996;0,5331909656524658;;selu;0,3515020875861824;0,7300328059850888;32;;0,2511980017819745;0,03180376256335933;0,004510051473471354;2255;17639;5161;vanilla;;24;;;;;;;1;adam;maxabs
66;2024-05-18 08:30:50.610362;0,5271739363670349;;selu;0,3572685595988671;0,7379175829342952;32;;0,3535914661841907;0,030229630144066176;0,006266354354569545;2255;17639;5161;vanilla;;24;;;;;;;1;adam;normalizer
67;2024-05-18 08:34:47.141062;0,534937858581543;;selu;0,4295329151531229;0,6780705789396722;32;;0,32909660209300806;0,02506511986024481;0,005176120536964728;2255;17639;5161;vanilla;;26;;;;;;;1;adam;minmax
68;2024-05-18 08:38:47.794692;0,5329968929290771;;selu;0,3479062474563041;0,69692787671043;32;;0,3249072267344312;0,021382432589674514;0,007301055825141304;2255;17639;5161;vanilla;;25;;;;;;;1;adam;minmax
69;2024-05-18 08:42:33.205386;0,5320264101028442;;selu;0,39407293996910997;0,5507952857884769;32;;0,4073625407051195;0,026823863513925225;0,009368971013890712;2255;17639;5161;vanilla;;22;;;;;;;1;adam;minmax
70;2024-05-18 08:46:27.938494;0,52173912525177;;selu;0,4321840436918002;0,6657952359916302;32;0,5443285320124186;0,2625899889844319;0,018869030207999283;0,003360262434662965;2255;17639;5161;dropout;;21;;;;;;;1;adam;minmax
71;2024-05-18 08:50:25.714236;0,5341615080833435;;selu;0,4434689320781362;0,7446965516524499;32;;0,299682201519292;0,03495101367033626;0,005281479519115421;2255;17639;5161;vanilla;;26;;;;;;;1;adam;minmax
72;2024-05-18 08:54:33.991530;0,5337733030319214;;selu;0,4339475351132294;0,5921300450840912;32;;0,3041808599198341;0,02550487504743455;0,004811883334307291;2255;17639;5161;vanilla;;28;;;;;;;1;adam;minmax
73;2024-05-18 08:58:17.780926;0,5339673757553101;;selu;0,44054831461724986;0,6038943843893809;32;;0,3050599050022747;0,02531524134007179;0,006290075343632999;2255;17639;5161;vanilla;;28;;;;;;;1;adam;minmax
74;2024-05-18 09:02:08.891631;0,5339673757553101;;selu;0,4401601212052932;0,5969782452660601;32;;0,33197282869690437;0,02413948153530322;0,005054649220550806;2255;17639;5161;vanilla;;27;;;;;;;1;adam;minmax
75;2024-05-18 09:06:12.721403;0,5322204828262329;;selu;0,4271756529624874;0,5891150106940333;32;;0,3345192194077037;0,025441174813516983;0,00370792459395154;2255;17639;5161;batchnorm;;28;;;;;;;1;adam;minmax
76;2024-05-18 09:10:41.456827;0,5281444191932678;;selu;0,4467155408955858;0,6058022153806325;32;;0,30098004028033326;0,023768850462734765;0,00839230139674459;2255;17639;5161;vanilla;;29;;;;;;;1;adam;minmax
77;2024-05-18 09:14:45.286482;0,5333850979804993;;selu;0,5006017664811055;0,5027557180630942;32;;0,38283629184489065;0,014444726328142888;0,006028083464922132;2255;17639;5161;vanilla;;27;;;;;;;1;adam;minmax
78;2024-05-18 09:18:47.347163;0,5308617949485779;;selu;0,3808337273414815;0,6719833129385137;32;;0,2961027182532539;0,02726455822446662;0,0024500525133837655;2255;17639;5161;vanilla;;25;;;;;;;1;adam;minmax
79;2024-05-18 09:22:44.357899;0,5257812738418579;;selu;0,32118106557076237;0,5750384291522382;256;;0,33511296345558106;0,019652634582211802;0,004069948345457511;2255;17639;5161;vanilla;;27;;;;;;;1;adam;minmax
80;2024-05-18 09:24:37.333332;0,532608687877655;;selu;0,26555505710682603;0,5065475987063692;32;;0,3718507005057931;0,024550112533295396;0,005037820556259464;2255;17639;5161;vanilla;;29;29,0;18,0;12,0;4,0;;;5;adam;minmax
81;2024-05-18 09:28:54.325555;0,5333850979804993;;selu;0,4533263272369253;0,6393783825771718;32;;0,275070992829597;0,034549164751748476;0,004918320763520587;2255;17639;5161;vanilla;;26;;;;;;;1;adam;minmax
82;2024-05-18 09:32:49.407695;0,5300853848457336;;selu;0,500367443886041;0,6864657065953217;32;;0,3212492572976815;0,029012704178526;0,0030092866587384626;2255;17639;5161;vanilla;;26;;;;;;;1;adam;minmax
83;2024-05-18 09:36:45.151529;0,5353260636329651;;selu;0,43372063965945556;0,612502829989259;32;;0,3058675231321578;0,028331607490703476;0,0059031515842246874;2255;17639;5161;vanilla;;28;;;;;;;1;adam;minmax
84;2024-05-18 09:40:43.625354;0,5308617949485779;;selu;0,38105670427865956;0,6196540691974641;32;;0,2863015696050844;0,021338707887651;0,006893918392805548;2255;17639;5161;vanilla;;28;;;;;;;1;adam;minmax
85;2024-05-18 09:44:34.764694;0,5328028202056885;;selu;0,4296590044457309;0,6548975532876151;32;;0,307453094795001;0,024239742856127466;0,008962764855671386;2255;17639;5161;vanilla;;23;;;;;;;1;adam;minmax
86;2024-05-18 09:48:35.515627;0,5341615080833435;;selu;0,474365893715194;0,8068431522504791;32;;0,4401873102227748;0,03186881725271551;0,005729654198043293;2255;17639;5161;vanilla;;28;;;;;;;1;adam;minmax
87;2024-05-18 09:52:32.071555;0,5263975262641907;;selu;0,4838409404729392;0,7997427123263345;16;;0,4334381962654319;0,032665029108839116;0,006282299077046157;2255;17639;5161;batchnorm;;27;;;;;;;1;adam;minmax
88;2024-05-18 09:59:24.984967;0,5351319909095764;;selu;0,33885526068343536;0,761317180846727;32;;0,350374418557039;0,02863239173340238;0,00789273748884333;2255;17639;5161;vanilla;;29;26,0;;;;;;2;adam;minmax
89;2024-05-18 10:03:27.780549;0,5298827886581421;;selu;0,353216222679101;0,7665236372824884;512;;0,3795084057861317;0,03513269940859162;0,010126471879315726;2255;17639;5161;vanilla;;29;26,0;;;;;;2;adam;minmax
90;2024-05-18 10:05:08.318380;0,527562141418457;;selu;0,39659566792213585;0,7037516304848512;32;0,3686080275470738;0,3935775043877819;0,027954341196868186;0,007767681986165498;2255;17639;5161;dropout;;30;25,0;;;;;;2;adam;minmax
91;2024-05-18 10:09:13.252916;0,5355201959609985;;selu;0,45878688054441397;0,8193380421660676;32;;0,3480902622100166;0,0301826507338688;0,005614690035778298;2255;17639;5161;vanilla;;28;;;;;;;1;adam;minmax
92;2024-05-18 10:13:11.880081;0,5351319909095764;;selu;0,4671072714814696;0,7992478341425845;32;;0,35530138263349587;0,03218857774592548;0,005946952319179263;2255;17639;5161;vanilla;;28;28,0;;;;;;2;adam;minmax
93;2024-05-18 10:17:10.283460;0,5347437858581543;;selu;0,47482298269805745;0,8196343356418169;32;;0,35717406197477625;0,03221058913404723;0,004214233250233976;2255;17639;5161;vanilla;;29;28,0;;;;;;2;adam;minmax
94;2024-05-18 10:21:10.667133;0,5333850979804993;;selu;0,5102469175371542;0,8375416573822554;32;;0,34721770541223684;0,030343424173341037;0,012053451537789783;2255;17639;5161;vanilla;;10;29,0;;;;;;2;adam;minmax
95;2024-05-18 10:24:06.533085;0,5234375;;selu;0,4146922419837326;0,7513398076004116;256;;0,3731543587320015;0,038550826998753354;0,004351712309219742;2255;17639;5161;vanilla;;29;27,0;;;;;;2;adam;minmax
96;2024-05-18 10:26:14.388739;0,5333850979804993;;selu;0,33345398962325146;0,7831689037232505;32;;0,3494838406370759;0,03636557403607804;0,00405181953645412;2255;17639;5161;vanilla;;30;29,0;;;;;;2;adam;minmax
97;2024-05-18 10:30:24.680794;0,5322204828262329;;selu;0,3694008183773592;0,8269594066120388;32;;0,394117229457544;0,028642348906989124;0,0029042802777558166;2255;17639;5161;vanilla;;29;28,0;;;;;;2;adam;minmax
98;2024-05-18 10:34:21.281015;0,5329968929290771;;selu;0,4660088815240627;0,8857199794748774;32;;0,3628386587679495;0,03360733954639357;0,007855416993403325;2255;17639;5161;vanilla;;27;25,0;;;;;;2;adam;normalizer
99;2024-05-18 10:38:22.017467;0,5310559272766113;;selu;0,4064079335801889;0,7631526247221609;32;;0,4207822534708904;0,03175654380056027;0,0021138447894833426;2255;17639;5161;vanilla;;26;23,0;7,0;;;;;3;adam;minmax
100;2024-05-18 10:42:28.108902;0,5341615080833435;;selu;0,5263479959163246;0,7952128786414108;16;;0,461281153267161;0,0354726960040533;0,0036467249312998407;2255;17639;5161;vanilla;;30;27,0;;;;;;2;adam;minmax
101;2024-05-18 10:48:54.351652;0,5343555808067322;;selu;0,4613864118248805;0,8116088629633125;32;;0,39720774749410426;0,031391698199956665;0,0057471954452807655;2255;17639;5161;vanilla;;28;25,0;;;;;;2;adam;minmax
102;2024-05-18 10:52:57.687607;0,5345497131347656;;selu;0,49104910280062675;0,8182174628661885;32;;0,26483088350233736;0,02845542349096288;0,006489696670419433;2255;17639;5161;vanilla;;28;25,0;;;;;;2;adam;minmax
103;2024-05-18 10:57:00.414840;0,5347437858581543;;selu;0,49853137893347466;0,8682313917980512;32;;0,2581990825345307;0,028702679874436882;0,00704273549525435;2255;17639;5161;vanilla;;29;25,0;;;;;;2;adam;minmax
104;2024-05-18 11:00:58.994591;0,5335791707038879;;selu;0,5615649220697192;0,859988285050749;32;;0,26251491753742795;0,026714540118844554;0,009502559451156299;2255;17639;5161;vanilla;;28;25,0;;;;;;2;adam;minmax
105;2024-05-18 11:05:00.458093;0,5333850979804993;;selu;0,4886029954799956;0,8092527736162919;32;;0,4029245088861459;0,028583927395309832;0,007939077142937007;2255;17639;5161;vanilla;;29;24,0;;;;;;2;adam;minmax
106;2024-05-18 11:08:56.319632;0,5279502868652344;;selu;0,5200119795652087;0,9042712255609635;32;;0,3240333801903819;0,022225212387925176;0,013465337707957147;2255;17639;5161;vanilla;;30;28,0;;;;;;2;adam;minmax
107;2024-05-18 11:12:56.904818;0,5318359136581421;;selu;0,487066752888961;0,829803153749108;512;;0,27682938277299957;0,03209805664346661;0,007110242919767686;2255;17639;5161;batchnorm;;28;26,0;;;;;;2;adam;minmax
108;2024-05-18 11:14:45.551253;0,5229037404060364;;selu;;;32;;0,35738373432558185;0,030115763224943828;0,0057533870207827085;2255;17639;5161;vanilla;0,3851543650662;29;30,0;;;;;True;2;sgd;normalizer
109;2024-05-18 11:20:53.414546;0,5331909656524658;;selu;0,5425147880669947;0,7820405521874728;32;;0,2502917411720743;0,038478651173290024;0,010015767058102209;2255;17639;5161;vanilla;;30;23,0;;;;;;2;adam;minmax
110;2024-05-18 11:24:52.393733;0,520380437374115;;selu;0,578547274779731;0,8729626844350906;32;0,6993317030220431;0,21114840119110656;0,030773083786471565;0,003543673463046238;2255;17639;5161;dropout;;28;27,0;21,0;;;;;3;adam;minmax
111;2024-05-18 11:30:13.366021;0,5343555808067322;;selu;0,4640881047370801;0,9637807470768711;32;;0,3444527173017689;0,02779171340735349;0,006339490318532151;2255;17639;5161;vanilla;;27;25,0;;;;;;2;adam;minmax
112;2024-05-18 11:34:14.224648;0,5328028202056885;;selu;0,46501993643359496;0,9612647093614084;32;;0,3418413876779566;0,028043470341989767;0,004358693302875714;2255;17639;5161;vanilla;;27;25,0;;;;;;2;adam;minmax
113;2024-05-18 11:38:22.169359;0,5362966060638428;0,5028824833702883;selu;0,4131260107747719;0,9186978774578995;32;;0,3227565633900859;0,033289723368676805;0,006975078945439379;2255;17639;5161;vanilla;;29;24,0;;;;;;2;adam;minmax
114;2024-05-18 11:42:28.751512;0,5320264101028442;;selu;0,42021902289550483;0,8560934950252574;32;;0,31192718130487845;0,03368469310464345;0,008856427340463614;2255;17639;5161;vanilla;;29;24,0;8,0;24,0;;;;4;adam;minmax
115;2024-05-18 11:46:42.122629;0,5314440727233887;;selu;0,3901077566134204;0,9196809635245107;32;;0,36922438342154484;0,030834906671006104;0,011640532926935176;2255;17639;5161;vanilla;;28;28,0;;;;;;2;adam;minmax
116;2024-05-18 11:50:36.634268;0,5341615080833435;;selu;0,49867014435673895;0,8268739472704949;32;;0,23181119828070473;0,03730530117872368;0,007193409606160441;2255;17639;5161;vanilla;;29;22,0;;;;;;2;adam;minmax
117;2024-05-18 11:54:42.132459;0,5240234136581421;;selu;0,37294284094265434;0,8994902164512367;128;;0,4176001784784219;0,02280244625312202;0,0053763018460496635;2255;17639;5161;vanilla;;30;26,0;;;;;;2;adam;normalizer
118;2024-05-18 11:56:59.436724;0,5249999761581421;;selu;0,41786732492175016;0,8120099051583491;256;;0,3880764875798804;0,02625731302235662;0,004488395135022357;2255;17639;5161;vanilla;;25;27,0;;;;;;2;adam;minmax
119;2024-05-18 11:58:55.946385;0,5333850979804993;;selu;0,4566121764009818;0,8767898328648321;32;;0,28246435507294926;0,029019115918734375;0,008340639707153538;2255;17639;5161;vanilla;;28;29,0;;;;;;2;adam;minmax
120;2024-05-18 12:03:00.091675;0,5329968929290771;;selu;0,3979975297044978;0,7145133445674539;32;;0,2652315638584232;0,0327202340295787;0,0033328328164407553;2255;17639;5161;vanilla;;29;23,0;13,0;;;;;3;adam;minmax
121;2024-05-18 12:07:07.639799;0,5357142686843872;;selu;0,4608567510751555;0,9393352600881338;32;;0,3202764281092599;0,027356794422914544;0,006304410352320807;2255;17639;5161;vanilla;;27;25,0;;;;;;2;adam;minmax
122;2024-05-18 12:11:10.620817;0,534937858581543;;selu;0,5136170453957181;0,9295912925429477;32;;0,28492968755615694;0,025309697776506948;0,005808001554056603;2255;17639;5161;vanilla;;27;24,0;;;;;;2;adam;minmax
123;2024-05-18 12:15:06.523825;0,5343555808067322;;selu;0,514774751051712;0,948376929288496;32;;0,3166329135354714;0,026386114991298483;0,006764036886729901;2255;17639;5161;vanilla;;27;24,0;;;;;;2;adam;minmax
124;2024-05-18 12:19:06.649451;0,5333850979804993;;selu;0,4834656418049768;0,9140244097069303;32;;0,3012695589854406;0,0205530408885265;0,003974782376521439;2255;17639;5161;vanilla;;26;21,0;;;;;;2;adam;minmax
125;2024-05-18 12:23:07.123873;0,534937858581543;;selu;0,5384746964908488;0,9267367224306479;32;;0,33294199853383116;0,02357182218859758;0,005163161935099427;2255;17639;5161;vanilla;;28;26,0;;;;;;2;adam;minmax
126;2024-05-18 12:27:08.246126;0,5345497131347656;;selu;0,5387606131293156;0,935155163706389;32;;0,32878542075636663;0,023445392023523973;0,004814793619597256;2255;17639;5161;vanilla;;27;26,0;;;;;;2;adam;minmax
127;2024-05-18 12:31:23.728845;0,532608687877655;;leaky_relu;;;32;;0,27975535801065393;0,025842059152775224;0,005352323801821906;2255;17639;5161;vanilla;0,017808320890265555;29;28,0;;;;0,015818212515610677;True;2;sgd;minmax
128;2024-05-18 12:37:22.591290;0,5353260636329651;;selu;0,5023340929903565;0,8946579737176484;32;;0,2528815775927623;0,017226395773422443;0,0064892065217128665;2255;17639;5161;vanilla;;27;22,0;;;;;;2;adam;minmax
129;2024-05-18 12:41:22.224656;0,5343555808067322;;selu;0,5645058052109253;0,9760497510363496;32;;0,23789007631725703;0,017094876365215114;0,004091798684692703;2255;17639;5161;vanilla;;27;22,0;;;;;;2;adam;minmax
130;2024-05-18 12:45:19.587738;0,46059781312942505;;selu;0,5113468411531996;0,9058453660389728;16;;0,21996851123589728;0,017443395542520952;0,00745439306885156;2255;17639;5161;batchnorm;;25;23,0;;;;;;2;adam;minmax
131;2024-05-18 12:52:35.769385;0,534937858581543;;selu;0,4867497407810299;0,869892809650184;32;;0,2602233564379876;0,021979538713676652;0,006383986668376064;2255;17639;5161;vanilla;;28;27,0;;;;;;2;adam;minmax
132;2024-05-18 12:56:41.202701;0,5343555808067322;;selu;0,5322467443735559;0,8825773941608278;32;;0,29063662445246385;0,02381591143256201;0,005774052339366308;2255;17639;5161;vanilla;;27;27,0;;;;;;2;adam;minmax
133;2024-05-18 13:00:41.422231;0,5353260636329651;;selu;0,4347577937381573;0,8430290340281066;32;;0,24848088920878098;0,021578744718762217;0,0046192026793059815;2255;17639;5161;vanilla;;28;24,0;;;;;;2;adam;minmax
134;2024-05-18 13:04:44.320069;0,5351319909095764;;selu;0,5053578697021343;0,8584955853770164;32;;0,2475452995613578;0,02076008150354296;0,004473275194491312;2255;17639;5161;vanilla;;29;24,0;;;;;;2;adam;minmax
135;2024-05-18 13:08:47.086564;0,532608687877655;;selu;0,4493083718572043;0,8416708077972713;32;;0,3197707834108051;0,020989136943733964;0,0032277273813310285;2255;17639;5161;vanilla;;28;24,0;;;;;;2;adam;minmax
136;2024-05-18 13:12:43.724838;0,5359084010124207;;selu;0,4803540927915144;0,8475292700374263;32;;0,24549413224160166;0,018962634203048282;0,004543766985176648;2255;17639;5161;vanilla;;30;20,0;;;;;;2;adam;minmax
137;2024-05-18 13:16:37.223236;0,5259765386581421;;selu;0,4221104513434406;0,9280616130591086;512;;0,2460827841098527;0,016279965569862463;0,004706291975538849;2255;17639;5161;vanilla;;30;21,0;;;;;;2;adam;minmax
138;2024-05-18 13:18:23.066363;0,5318322777748108;;selu;0,5520059301265372;0,8478531022692796;32;;0,20673055859651485;0,01959819267696669;0,003759034776050469;2255;17639;5161;vanilla;;28;20,0;;;;;;2;adam;minmax
139;2024-05-18 13:22:18.147379;0,527562141418457;;selu;0,5230041267329076;0,8874525324940117;32;0,23574655008574988;0,23228042340219446;0,022636529179291546;0,0027847534390441136;2255;17639;5161;dropout;;30;23,0;;;;;;2;adam;minmax
140;2024-05-18 13:26:21.906132;0,5339673757553101;;selu;0,4444039972371738;0,9002092458240442;32;;0,2859206369329791;0,012961948111255332;0,006093780603748934;2255;17639;5161;vanilla;;26;19,0;;;;;;2;adam;minmax
141;2024-05-18 13:30:19.594030;0,5331909656524658;;selu;0,4745338746279549;0,8621996317924492;32;;0,3356772420943651;0,019417268284591255;0,004537198898583513;2255;17639;5161;vanilla;;29;22,0;;;;;;2;adam;minmax
142;2024-05-18 13:34:22.577939;0,5351319909095764;;selu;0,47227284235907907;0,9439911164991422;32;;0,3537289589858296;0,02174997390208883;0,0053594367020151955;2255;17639;5161;vanilla;;29;26,0;;;;;;2;adam;minmax
143;2024-05-18 13:38:20.997924;0,5345497131347656;;selu;0,4970151141667892;0,943489543936619;32;;0,30546384472509647;0,02078498709991803;0,0053465990560744876;2255;17639;5161;vanilla;;28;24,0;;;;;;2;adam;minmax
144;2024-05-18 13:42:17.402544;0,5331909656524658;;selu;0,4566540919648567;0,9190013904626316;32;;0,3619680607304156;0,022536201051802544;0,008089367524717046;2255;17639;5161;vanilla;;30;26,0;;;;;;2;adam;minmax
145;2024-05-18 13:46:18.886526;0,534937858581543;;selu;0,43124966339535836;0,9503582218347191;32;;0,2514565204228401;0,0190162135919326;0,006350724956297628;2255;17639;5161;vanilla;;27;27,0;;;;;;2;adam;minmax
146;2024-05-18 13:50:18.179124;0,534937858581543;;selu;0,5110941420322805;0,975671551801887;32;;0,2215318563208929;0,0246347597899287;0,005007124904356914;2255;17639;5161;vanilla;;18;24,0;;;;;;2;adam;minmax
147;2024-05-18 13:56:05.203005;0,527148425579071;;leaky_relu;0,40557001368909107;0,8465641480740385;128;;0,29305678028553245;0,017936200920789548;0,009565787358159232;2255;17639;5161;vanilla;;29;26,0;;;;0,05274143985218839;;2;adam;minmax
148;2024-05-18 13:58:18.459429;0,5333850979804993;;selu;0,4741120099831595;0,888175959342217;32;;0,3192579764538043;0,015196811600085125;0,0037217169658013017;2255;17639;5161;vanilla;;12;25,0;;;;;;2;adam;minmax
149;2024-05-18 14:01:17.138363;0,53125;;selu;;;256;;0,3418024991073288;0,021011028402151723;0,0031416668052420948;2255;17639;5161;vanilla;0,08379833984392844;28;23,0;;;;;True;2;sgd;minmax
150;2024-05-18 14:03:50.702177;0,5265915989875793;;selu;0,6005885776084561;0,9291215437607186;32;;0,19272731900064322;0,02495961625750269;0,005738302005144335;2255;17639;5161;vanilla;;3;24,0;;;;;;2;adam;minmax
151;2024-05-18 14:06:44.960254;0,5337733030319214;;selu;0,4242276352106653;0,949967352314872;32;;0,25269952310248756;0,018357222883951148;0,006176807572540025;2255;17639;5161;vanilla;;27;27,0;;;;;;2;adam;minmax
152;2024-05-18 14:10:50.422310;0,534937858581543;;selu;0,44622265311356724;0,9125628335270638;32;;0,2624416581076546;0,01913961864699775;0,0069978431154115;2255;17639;5161;vanilla;;27;26,0;;;;;;2;adam;minmax
153;2024-05-18 14:14:56.908715;0,5347437858581543;;selu;0,48443790635922335;0,967735154863378;32;;0,24512209804897073;0,013708801454124462;0,004634339472927015;2255;17639;5161;vanilla;;29;27,0;;;;;;2;adam;minmax
154;2024-05-18 14:19:03.466985;0,5347437858581543;;selu;0,43766232142803907;0,8708773877879261;32;;0,28190612201305065;0,015300442110551597;0,007683470523170283;2255;17639;5161;vanilla;;28;25,0;;;;;;2;adam;minmax
155;2024-05-18 14:23:13.548452;0,5339673757553101;;selu;0,3842710192575004;0,9386427011047165;32;;0,37603985618710173;0,02173757584114627;0,006545188198628864;2255;17639;5161;vanilla;;26;29,0;;;;;;2;adam;minmax
156;2024-05-18 14:27:00.414742;0,5337733030319214;;selu;0,5364722272335937;0,7881645935213373;32;;0,2100629509662298;0,017072845138244176;0,00526101939883348;2255;17639;5161;vanilla;;28;26,0;;;;;;2;adam;minmax
157;2024-05-18 14:31:04.423852;0,5320264101028442;;selu;0,4157264630802006;0,9823740423532299;32;;0,3173218313151649;0,0239871044482426;0,008716863282568807;2255;17639;5161;vanilla;;29;22,0;;;;;;2;adam;minmax
158;2024-05-18 14:35:10.957596;0,5337733030319214;;selu;0,5024314340988959;0,8884882160488763;32;;0,27344998734300663;0,025934861486305912;0,004177982055990687;2255;17639;5161;vanilla;;30;28,0;;;;;;2;adam;minmax
159;2024-05-18 14:39:11.930669;0,534375011920929;;selu;0,4578990833463921;0,9537747492226298;64;;0,2981323591921329;0,019863614888333214;0,006166681862710606;2255;17639;5161;vanilla;;27;27,0;;;;;;2;adam;minmax
160;2024-05-18 14:42:44.862991;0,4602096378803253;;selu;0,4733153384989934;0,8422440196873466;32;;0,33775859260550944;0,012174149645151018;0,010586463619031507;2255;17639;5161;batchnorm;;28;21,0;;;;;;2;adam;minmax
161;2024-05-18 14:47:10.343222;0,5337733030319214;;selu;0,5070244829928507;0,9851071659337952;32;;0,2149585277245431;0,024426093165498347;0,00488306733328795;2255;17639;5161;vanilla;;16;24,0;;;;;;2;adam;minmax
162;2024-05-18 14:51:17.541554;0,5320264101028442;;selu;0,5149358873079041;0,9264795610530255;32;;0,24005253798738962;0,022443535206108773;0,00523471510875656;2255;17639;5161;vanilla;;7;24,0;;;;;;2;adam;minmax
163;2024-05-18 14:54:16.315671;0,5339673757553101;;selu;0,43307233091353586;0,9714967708779478;32;;0,22394267926833214;0,025361323914067858;0,005835702278768464;2255;17639;5161;vanilla;;29;25,0;;;;;;2;adam;minmax
164;2024-05-18 14:59:37.529379;0,5347437858581543;;selu;0,5580898440212272;0,9077160995465761;32;;0,17818160636197644;0,027232090014747426;0,007245742270586842;2255;17639;5161;vanilla;;18;23,0;;;;;;2;adam;minmax
165;2024-05-18 15:03:27.275219;0,5353260636329651;;selu;0,4837686352560767;0,9541428115741608;32;;0,259714184726624;0,018282644167570698;0,004540996904169329;2255;17639;5161;vanilla;;27;26,0;;;;;;2;adam;minmax
166;2024-05-18 15:07:26.669772;0,5333850979804993;;selu;0,4914118100064609;0,8661231085812628;16;;0,2598959339040132;0,017606317003831175;0,003700671947180267;2255;17639;5161;vanilla;;26;26,0;;;;;;2;adam;minmax
167;2024-05-18 15:14:07.242742;0,5333850979804993;;selu;0,36205352385423534;0,7617388012725045;32;;0,2974908173335483;0,01939170658847081;0,00405214389689516;2255;17639;5161;vanilla;;27;17,0;;;;;;2;adam;minmax
168;2024-05-18 15:18:06.121431;0,5355201959609985;;selu;0,4570410232782902;0,944567995278391;32;;0,3597595870777936;0,010913088772151169;0,004494634485864104;2255;17639;5161;vanilla;;28;25,0;;;;;;2;adam;minmax
169;2024-05-18 15:22:05.337533;0,5258151888847351;;selu;0,47620997454316544;0,8903606164966051;32;0,4121587941946518;0,3807836741319316;0,01076710090685749;0,0044899588781024;2255;17639;5161;dropout;;28;25,0;;;;;;2;adam;minmax
170;2024-05-18 15:25:51.300856;0,5318322777748108;;selu;0,45624977340989387;0,7970664052819998;32;;0,3564336128212466;0,010347231369535977;0,003385217499547484;2255;17639;5161;vanilla;;30;26,0;;;;;;2;adam;minmax
171;2024-05-18 15:29:52.080093;0,5345497131347656;;selu;0,4037115245171991;0,9437609578000065;32;;0,33132032630609287;0,007182455106104624;0,005785147217409298;2255;17639;5161;vanilla;;27;27,0;;;;;;2;adam;minmax
172;2024-05-18 15:33:55.654344;0,5329968929290771;;selu;0,43461921680241355;0,958513339053685;32;;0,3157755390683094;0,014523775984966573;0,006790904670410836;2255;17639;5161;vanilla;;28;25,0;;;;;;2;adam;minmax
173;2024-05-18 15:37:57.321262;0,5339673757553101;;selu;0,451339731492817;0,9225389652703602;32;;0,3542374372226236;0,01676317065579319;0,005030704623430544;2255;17639;5161;vanilla;;29;28,0;;;;;;2;adam;minmax
174;2024-05-18 15:41:59.763916;0,5244140625;;selu;0,4860092033147357;0,8306715910608002;512;;0,27627024720238214;0,022847949715115938;0,004363695730291473;2255;17639;5161;vanilla;;27;27,0;;;;;;2;adam;minmax
175;2024-05-18 15:43:47.638850;0,5302795171737671;;selu;0,5321953529204524;0,9032041185877719;32;;0,2575214280604829;0,020960346814474846;0,0025464390369756658;2255;17639;5161;vanilla;;28;26,0;;;;;;2;adam;minmax
176;2024-05-18 15:47:54.449059;0,5333850979804993;;selu;0,38944028359650623;0,991894319321601;32;;0,30913352672763433;0,01506727987317539;0,008196687484792596;2255;17639;5161;vanilla;;27;20,0;;;;;;2;adam;minmax
177;2024-05-18 15:52:11.217627;0,5300853848457336;;leaky_relu;0,4239955711178705;0,8619523966748303;32;;0,33738621401591196;0,012938410852975405;0,006429521984523688;2255;17639;5161;vanilla;;29;4,0;;;;0,040450305788248354;;2;adam;minmax
178;2024-05-18 15:56:13.798488;0,5279502868652344;;relu;;;32;;0,28343220810864916;0,018594394573421935;0,005313618335105878;2255;17639;5161;vanilla;0,2871993976386174;26;23,0;;;;;True;2;sgd;minmax
179;2024-05-18 16:01:22.632495;0,5263671875;;selu;0,4660610134719418;0,9414786597560977;128;;0,23572416430181622;0,020972640208509467;0,003874590877314499;2255;17639;5161;vanilla;;29;25,0;;;;;;2;adam;minmax
180;2024-05-18 16:03:39.263320;0,5343555808067322;;selu;0,49915505151914613;0,9240759601304167;32;;0,39814694762856645;0,02657345527782263;0,0029691799704904265;2255;17639;5161;vanilla;;28;26,0;;;;;;2;adam;minmax
181;2024-05-18 16:07:49.902179;0,5331909656524658;;selu;0,5114077725980767;0,9645651438770941;32;;0,229341558497625;0,023493361827145894;0,004991221058259612;2255;17639;5161;vanilla;;27;24,0;;;;;;2;adam;minmax
182;2024-05-18 16:11:55.157055;0,5341615080833435;;selu;0,5149825411436247;0,9779689799779893;32;;0,2033985671920811;0,029353664114328076;0,004663356357477146;2255;17639;5161;vanilla;;14;24,0;;;;;;2;adam;minmax
183;2024-05-18 16:16:05.225730;0,5347437858581543;;selu;0,4785245962917076;0,9542975398355676;32;;0,2531417658227369;0,02465512126199254;0,005729287130211512;2255;17639;5161;vanilla;;19;24,0;;;;;;2;adam;minmax
184;2024-05-18 16:20:14.765078;0,5347437858581543;;selu;0,45025289040595334;0,9959572539831335;32;;0,36817561851592445;0,021714974555793676;0,0068164266953402;2255;17639;5161;vanilla;;26;25,0;;;;;;2;adam;minmax
185;2024-05-18 16:24:20.692362;0,5339673757553101;;selu;0,5389103812555965;0,903007710608997;32;;0,29209355395857106;0,027643746628335023;0,007701124450981096;2255;17639;5161;vanilla;;28;23,0;;;;;;2;adam;minmax
186;2024-05-18 16:28:11.642701;0,5337733030319214;;selu;0,41381048267472076;0,7744125402956659;32;;0,5106207121864538;0,016613551149787065;0,005553322639712167;2255;17639;5161;vanilla;;10;27,0;;;;;;2;adam;minmax
187;2024-05-18 16:31:11.723550;0,525195300579071;;selu;0,48901241723320454;0,8794834005638437;256;;0,3226806025887205;0,02002309083256164;0,004206816377857885;2255;17639;5161;vanilla;;30;22,0;;;;;;2;adam;minmax
188;2024-05-18 16:33:08.372255;0,5351319909095764;;selu;0,46514854423493607;0,8493422810403298;32;;0,26224332026714586;0,023568970441212513;0,004856949305573831;2255;17639;5161;vanilla;;29;28,0;;;;;;2;adam;minmax
189;2024-05-18 16:37:15.884683;0,534937858581543;;selu;0,46438184407342853;0,8381164205772562;32;;0,271212152354617;0,018089399281115616;0,006186937664927248;2255;17639;5161;vanilla;;29;28,0;;;;;;2;adam;minmax
190;2024-05-18 16:41:18.403474;0,5318322777748108;;selu;0,43475948430421274;0,86131507890254;32;;0,3049470818121627;0,026333034816048036;0,0034686620239973687;2255;17639;5161;vanilla;;28;29,0;9,0;;;;;3;adam;minmax
191;2024-05-18 16:45:25.652058;0,5339673757553101;;selu;0,5265212203346953;0,8129311482371258;32;;0,2304217920909757;0,02253473842189476;0,004738340440392318;2255;17639;5161;vanilla;;29;27,0;;;;;;2;adam;minmax
192;2024-05-18 16:49:30.292221;0,5339673757553101;;selu;0,4698859320681759;0,9328859608990351;32;;0,24524075494285483;0,024927720438621674;0,00511861939996911;2255;17639;5161;vanilla;;28;28,0;;;;;;2;adam;minmax
193;2024-05-18 16:53:37.925220;0,5353260636329651;;selu;0,5042378906572444;0,6936590735465488;32;;0,2686165789880513;0,028746429294214285;0,006317094476877412;2255;17639;5161;vanilla;;30;26,0;;;;;;2;adam;minmax
194;2024-05-18 16:57:44.427437;0,5353260636329651;;selu;0,3419289334675852;0,6909994893656346;32;;0,2713963431196675;0,02974601525880843;0,00643410027940107;2255;17639;5161;vanilla;;30;26,0;;;;;;2;adam;minmax
195;2024-05-18 17:01:52.750182;0,5347437858581543;;selu;0,3035936861107363;0,6952444216122429;32;;0,2747167398222142;0,029384986050879257;0,00746840295164991;2255;17639;5161;vanilla;;30;25,0;;;;;;2;adam;minmax
196;2024-05-18 17:05:58.212824;0,46758541464805603;;selu;0,2815887794997141;0,7204308819636425;32;;0,3419583137203673;0,0310104781874542;0,00854099228929711;2255;17639;5161;batchnorm;;30;26,0;;;;;;2;adam;minmax
197;2024-05-18 17:10:30.594266;0,5300853848457336;;selu;0,3285843771774656;0,6606188944318919;32;;0,30201508248178244;0,027284524529786695;0,02395312555584939;2255;17639;5161;vanilla;;30;26,0;;;;;;2;adam;minmax
198;2024-05-18 17:14:48.831469;0,5341615080833435;;selu;0,3730762757142838;0,6862342086800877;32;;0,2867363861106965;0,029639717536138588;0,006121404990921146;2255;17639;5161;vanilla;;29;25,0;;;;;;2;adam;minmax
199;2024-05-18 17:18:54.112624;0,5333850979804993;;selu;0,3428771525397114;0,6374045571092194;32;;0,3289325009750791;0,007657733815042821;0,009398772985683241;2255;17639;5161;vanilla;;30;26,0;;;;;;2;adam;minmax
200;2024-05-18 17:22:34.210432;0,527539074420929;;selu;0,4937041145023618;0,7227497441342009;64;0,24329852484562145;0,5765087592248338;0,034693065506493016;0,0043414929170049;2255;17639;5161;dropout;;29;29,0;;;;;;2;adam;minmax
201;2024-05-18 17:25:27.550703;0,5343555808067322;;selu;0,45132356119687583;0,7436388708108328;32;;0,25475975989351846;0,032628199699728536;0,0068389236249042085;2255;17639;5161;vanilla;;28;27,0;;;;;;2;adam;minmax
