datetime;validation;test;batch_size;gamma_scheduler;gamma_tabnet;lr;mask_type;n_a;n_d;n_independent;n_shared;n_steps;pretraining_ratio
2023-12-20 13:52:48.230486;0,5152780413740747;;2048;0,3036453212555438;1,2626688722802526;0,4567557021353814;entmax;27;16;2;5;9;0,2513979181585885
2023-12-20 14:03:46.987985;0,47010817992028847;;1024;0,5764050966641731;1,364675453260503;0,7934613916999146;sparsemax;29;64;3;5;6;0,37874724624594847
2023-12-20 14:10:43.550174;0,477699753273866;;8192;0,4269122146737486;1,4497308350303164;0,22960267351111885;entmax;27;52;5;5;5;0,7491070874637275
2023-12-20 14:18:12.202483;0,5219206680584552;;4096;0,695106846421135;1,587151403979679;0,007726381443096954;sparsemax;57;42;4;4;3;0,8719845874105934
2023-12-20 14:27:37.014574;0,4930726893148605;;4096;0,6850178080957534;1,7762774280284406;0,0033938598438302517;entmax;34;26;1;3;10;0,6289034008738154
2023-12-20 14:49:23.142575;0,5088252040235339;;8192;0,12290842267091637;1,8014708240323982;0,030392475824502045;entmax;16;30;4;1;9;0,822795469763722
2023-12-20 15:06:26.872511;0,52704498007212;;1024;0,8430219597169795;1,5951098983821332;0,13504256647799098;entmax;27;41;2;5;7;0,31436547983693863
2023-12-20 15:15:35.751235;0,5116720440311254;;2048;0,970451633604984;1,2705953971588275;0,0013760280156118446;entmax;42;48;3;1;9;0,8180789028459186
2023-12-20 15:41:25.400783;0,520592142721579;;1024;0,48825117178167754;1,4561632300187946;0,006299551338126771;sparsemax;63;35;2;3;10;0,3439853657216316
2023-12-20 16:07:25.893622;0,46460428923894476;;2048;0,24886032298934357;1,1951694591122426;0,6760285254004353;sparsemax;45;10;4;4;9;0,733303856663167
2023-12-20 16:19:52.229109;0,5276143480736383;;512;0,9931919182666175;1,014934223331696;0,10148164830218771;entmax;8;19;1;2;7;0,2001882273763654
2023-12-20 16:27:50.196569;0,5319795027519454;;512;0,9668373409808516;1,0343785022722274;0,12757761218258848;entmax;9;19;1;2;7;0,20723594230957146
2023-12-20 16:38:07.885939;0,5295122414120327;;512;0,9518364756858354;1,0008639677382423;0,09079083950807708;entmax;8;19;1;2;7;0,2035371581829703
2023-12-20 16:53:59.281809;0,5287530840766749;;512;0,8468502387620866;1,0567459932773933;0,050712814988279876;entmax;8;15;1;2;5;0,2015442770841674
2023-12-20 17:01:25.138274;0,5302713987473904;;512;0,8973689424076786;1,1071660849946043;0,041058148298787775;entmax;13;23;1;2;6;0,256749336827223
2023-12-20 17:13:38.631530;0,5276143480736383;;512;0,8482622933810396;1,1283487516850919;0,027197161048172592;entmax;13;25;2;2;5;0,26878012601897294
2023-12-20 17:22:15.970565;0,5295122414120327;;512;0,74016787555072;1,1115335037630747;0,2296775103580124;entmax;12;13;1;1;3;0,4257815497699969
2023-12-20 17:24:38.550528;0,5281837160751566;;512;0,9966135758088202;1,1058819877871444;0,01917625015583629;entmax;19;22;2;3;6;0,2546978930822462
2023-12-20 17:36:00.547627;0,5228696147276523;;512;0,8837523971854716;1,181437394117186;0,0726478531112169;sparsemax;11;31;3;2;8;0,2910285571613752
2023-12-20 17:48:10.238400;0,5312203454165876;;512;0,7431189562896442;1,0652014717100047;0,04442636097499555;entmax;10;11;1;3;4;0,23508444989255486
2023-12-20 17:54:20.202565;0,522300246726134;;8192;0,7731768216332046;1,006247507581815;0,017135052710803678;entmax;10;9;5;4;4;0,45757602396806707
2023-12-20 18:00:29.760588;0,5262858227367622;;512;0,9072546244747465;1,0736083700206807;0,047016431925557836;entmax;14;12;1;3;4;0,233313562228834
2023-12-20 18:06:18.922274;0,5306509774150693;;512;0,7839952809534131;1,0617255306447415;0,051900592821662865;entmax;10;10;1;2;6;0,23224137110666673
2023-12-20 18:15:28.556823;0,5268551907382805;;512;0,7773085155394468;1,0567558338295746;0,16720035210760834;entmax;10;8;2;3;4;0,2271679321601024
2023-12-20 18:19:18.975460;0,5243879293983678;;512;0,6504614541238678;1,1777064205732082;0,07414555866765266;entmax;10;11;1;1;8;0,2948094453483018
2023-12-20 18:28:28.481999;0,5228696147276523;;4096;0,768911920446097;1,0477156563900938;0,3153356610867409;entmax;16;8;2;3;8;0,22727691151864182
2023-12-20 18:38:51.303473;0,5295122414120327;;512;0,6279424161217153;1,1549363843376204;0,14430768494500404;sparsemax;9;10;1;2;5;0,23589987534318846
2023-12-20 18:43:16.778456;0,5276143480736383;;512;0,8186788332218754;1,2445315874797853;0,06385072063323256;entmax;11;13;2;4;6;0,28142166879144564
2023-12-20 18:53:46.861279;0,5293224520781932;;512;0,9256872423057103;1,0731716762911931;0,11068310156682369;entmax;9;14;1;2;7;0,21828366568419424
2023-12-20 19:02:29.137561;0,5135699373695198;;2048;0,7114477850296589;1,2154021071298131;0,42961141343751924;entmax;15;16;2;3;4;0,2538513903184186
2023-12-20 19:06:12.982912;0,5293224520781932;;4096;0,7841472580626307;1,1417467754565207;0,041313307169467135;entmax;20;11;1;1;3;0,24356578288083186
2023-12-20 19:09:26.392692;0,5287530840766749;;512;0,8999245456885527;1,093017789290477;0,03879536256924583;entmax;12;16;1;2;6;0,2574587927592701
2023-12-20 19:18:40.950189;0,5221104573922946;;512;0,9055260594317717;1,0401683554683416;0,02397610196559604;entmax;13;20;1;2;6;0,21585370554808403
2023-12-20 19:30:36.722207;0,5264756120706017;;1024;0,8215567426189466;1,1111328646528609;0,07086599612737149;entmax;9;16;1;2;5;0,27163172175662104
2023-12-20 19:36:53.188764;0,5278041374074777;;8192;0,9425672249211209;1,0004946280401295;0,015340698778035133;sparsemax;11;18;2;3;6;0,24245570414972223
2023-12-20 19:49:58.305261;0,5228696147276523;;512;0,5976510403514244;1,262286677961889;0,051372005062718704;entmax;14;22;3;1;8;0,2181576235385744
2023-12-20 19:59:55.227489;0,5264756120706017;;512;0,7156720567660152;1,13484208248171;0,032987762940786834;entmax;9;13;1;2;7;0,30555329499323436
2023-12-20 20:09:44.251400;0,5147086733725564;;8192;0,8769105138312551;1,0462789421219247;0,2374087646898979;entmax;8;9;1;3;5;0,33324773438053473
2023-12-20 20:15:04.084047;0,5198329853862212;;2048;0,9612997006336562;1,0799555313239109;0,15690429596598449;sparsemax;18;25;2;4;7;0,2717245005660471
2023-12-20 20:25:21.449752;0,5262858227367622;;1024;0,673827240439034;1,1583253236164797;0,01162989419534349;entmax;23;17;3;1;6;0,2470481173308022
2023-12-20 20:35:33.467731;0,5226798253938129;;4096;0,5568355919044445;1,3208105816399844;0,030133331338921814;entmax;12;14;4;5;4;0,21257763982483563
2023-12-20 20:43:51.158259;0,5321692920857848;;512;0,9494128185261089;1,0187718941624264;0,07062128697478887;entmax;8;21;1;2;7;0,20223836421722144
2023-12-20 20:58:15.542290;0,5297020307458721;;512;0,9368337700538326;1,094984788119195;0,10462719012585768;entmax;10;21;1;2;7;0,20044580965090225
2023-12-20 21:05:12.511074;0,5247675080660467;;512;0,9935732782860623;1,030635272575752;0,05090130422449817;entmax;8;23;1;2;8;0,22859378582494946
2023-12-20 21:18:44.501647;0,5279939267413172;;512;0,8710830123435183;1,0321970475075417;0,08679090888128141;entmax;9;18;1;2;6;0,2121963520802162
2023-12-20 21:25:46.660163;0,5308407667489087;;512;0,8312559012175178;1,0250967511449511;0,036315388150781135;entmax;8;29;2;1;7;0,23515018650104058
2023-12-20 21:36:36.268904;0,5308407667489087;;1024;0,8233335015847948;1,0207116314824254;0,02394112921216928;entmax;8;28;2;1;7;0,23418068409949
2023-12-20 21:45:47.463003;0,5245777187322073;;1024;0,8407783937102417;1,0001831339593352;0,02811458740786981;sparsemax;8;29;2;1;7;0,2109394953732057
2023-12-20 21:54:56.425261;0,525336876067565;;1024;0,9509995762506832;1,0265460613860844;0,02135252137056242;entmax;8;28;2;1;9;0,26668019552007516
2023-12-20 22:07:31.029318;0,524008350730689;;1024;0,8142626183224221;1,0773027216546915;0,012525278425844603;entmax;9;33;3;1;8;0,24145809540512797
2023-12-20 22:21:22.913776;0,528373505408996;;1024;0,7269418806483144;1,0292488972665317;0,03172828530658625;entmax;8;37;2;1;7;0,20194282690923443
2023-12-20 22:29:45.581161;0,5285632947428355;;512;0,856933512565257;1,0550607062071817;0,06381792119202705;entmax;10;28;1;1;7;0,22718478330107295
2023-12-20 22:41:03.377227;0,5308407667489087;;2048;0,7992824606560653;1,1337263976057885;0,056884331917637455;entmax;9;25;4;1;8;0,2208616393185425
2023-12-20 22:54:31.152864;0,5185044600493453;;2048;0,7414498488378118;1,1325457291142198;0,11903509727261052;entmax;9;32;4;1;8;0,21974914434148554
2023-12-20 23:03:17.657538;0,5257164547352439;;2048;0,9234354212899742;1,0183638292097468;0,022494719226509793;entmax;8;25;4;1;8;0,2508768489051935
2023-12-20 23:12:00.424519;0,5293224520781932;;2048;0,9717258619752982;1,098787113335994;0,08761029318510151;entmax;11;27;5;1;9;0,20495250054416467
2023-12-20 23:27:52.177468;0,5259062440690834;;8192;0,8815862909268225;1,0653327846227891;0,034486429307732415;entmax;9;24;3;1;7;0,23812047859439953
2023-12-20 23:38:47.089106;0,5268551907382805;;2048;0,8180855317480076;1,0127687372858298;0,06467458846739205;entmax;8;26;2;1;10;0,2844837770476786
2023-12-20 23:52:07.283372;0,5226798253938129;;1024;0,8442398790526339;1,1253646258224987;0,04090366965338983;sparsemax;10;21;4;3;8;0,2206663557989864
2023-12-21 00:05:04.457242;0,5167963560447902;;4096;0,6848878147167674;1,0506344877433842;0,17966109362544616;entmax;11;29;3;1;9;0,20106426798188237
2023-12-21 00:18:18.892051;0,5293224520781932;;2048;0,7514027702330626;1,0906106407658267;0,1323646305473327;entmax;32;31;5;4;7;0,26163539372550165
2023-12-21 00:32:51.442246;0,5278041374074777;;512;0,7784657068396039;1,067154926015388;0,056458405596695634;entmax;10;23;1;2;7;0,23278791986712402
2023-12-21 00:49:13.232031;0,5289428734105144;;512;0,9166467102429372;1,0003368110046351;0,04601836680146071;entmax;9;20;1;2;6;0,2260743150776037
2023-12-21 00:59:50.156585;0,5289428734105144;;512;0,798175247565907;1,0456006964112112;0,08913571353057448;entmax;8;36;1;2;8;0,21081570674052258
2023-12-21 01:12:52.558883;0,5287530840766749;;512;0,7570864641155926;1,0323284817226068;0,05711738763094304;entmax;10;27;2;3;3;0,23878308439228213
2023-12-21 01:16:23.597401;0,5245777187322073;;512;0,7954312395727647;1,1152840968236786;0,038222546385287735;entmax;12;12;1;2;7;0,2513783141939549
2023-12-21 01:27:51.116032;0,52704498007212;;512;0,8679996619974594;1,0684238822555807;0,07825686215014566;entmax;11;30;1;1;6;0,23003640259673272
2023-12-21 01:35:48.045849;0,528373505408996;;512;0,890472592518087;1,16619399233146;0,10661290874282953;entmax;9;34;3;2;5;0,2195878562217408
2023-12-21 01:42:47.215015;0,5279939267413172;;512;0,709263158224656;1,2070372940944865;0,026004778410232767;entmax;8;24;2;3;7;0,27735635172193707
2023-12-21 01:58:11.764660;0,5285632947428355;;2048;0,8365817779570348;1,02015634105838;0,04639066463253527;sparsemax;12;19;1;1;8;0,26454865113886705
2023-12-21 02:07:29.277573;0,5262858227367622;;8192;0,9643056589986518;1,085985269442824;0,06716647988669822;entmax;10;39;4;2;6;0,2477467260680785
2023-12-21 02:18:39.923587;0,5228696147276523;;512;0,9000618984489323;1,104187112757444;0,03748716888527597;entmax;11;26;1;2;6;0,23791746907337405
2023-12-21 02:30:41.413122;0,5279939267413172;;512;0,9291698125998852;1,0584941777926824;0,05636326255131622;entmax;13;21;1;2;6;0,20913767088837337
2023-12-21 02:40:33.291909;0,5287530840766749;;512;0,7911396345709758;1,121019509909704;0,02773596018508415;entmax;9;22;1;2;5;0,22018563146371914
2023-12-21 02:48:39.891049;0,528373505408996;;512;0,9978477675567704;1,1405203267430528;0,043353679553724905;entmax;9;15;1;3;7;0,26172675659917227
2023-12-21 03:00:15.992339;0,5230594040614918;;4096;0,860632050650912;1,1907661464842763;0,07605238117581976;entmax;10;24;1;5;7;0,20937585457486496
2023-12-21 03:12:26.428196;0,5228696147276523;;512;0,8973040375842916;1,0372767910291716;0,019307499903706386;entmax;16;31;2;1;6;0,25004622681357574
2023-12-21 03:22:15.090168;0,5295122414120327;;1024;0,8118324902913936;1,0797610710829082;0,0503421903707222;entmax;13;10;1;4;5;0,23163691754707702
2023-12-21 03:30:16.230668;0,5279939267413172;;512;0,7476545137574181;1,0477686614483055;0,032198163106844695;entmax;8;23;1;2;8;0,2874082976415308
2023-12-21 03:48:31.621823;0,5268551907382805;;512;0,8350006378158124;1,0173577045129467;0,03861553207900239;entmax;17;33;2;1;4;0,21541477106155127
2023-12-21 03:57:03.886659;0,5247675080660467;;512;0,9379200195929784;1,103134458336423;0,024778415617639316;sparsemax;23;17;1;3;7;0,22489816922166364
2023-12-21 04:09:33.808221;0,5262858227367622;;512;0,9239135258093896;1,085254685023809;0,10017971458597798;entmax;15;21;1;2;7;0,20765935153220602
2023-12-21 04:18:55.160116;0,5289428734105144;;512;0,9447346518301587;1,0580184401746395;0,09645492345151613;entmax;10;20;1;2;7;0,20088818705660663
2023-12-21 04:27:16.299372;0,525336876067565;;512;0,9754748448506954;1,014344334608096;0,12258730833432865;entmax;11;25;1;2;6;0,2373259025046477
2023-12-21 04:36:05.791094;0,5297020307458721;;1024;0,8672659707719068;1,1431076264377023;0,060014221331331885;entmax;9;9;1;2;7;0,2173502829535832
2023-12-21 04:43:04.570995;0,5312203454165876;;512;0,9053330848892294;1,0959369732914286;0,07836719380914557;entmax;8;27;1;1;8;0,20211017217849117
2023-12-21 04:56:56.865186;0,5327386600873031;0,5020904599011783;512;0,905688117480651;1,036211289810658;0,04613735425791141;entmax;8;28;1;1;8;0,22688749470525676
2023-12-21 05:08:06.384876;0,5293224520781932;;2048;0,7668984093288227;1,031467877939613;0,07738248417736193;entmax;8;29;1;1;8;0,22544726923968134
2023-12-21 05:20:31.634549;0,5279939267413172;;512;0,8842233009335498;1,0707636801959517;0,050932213631355486;entmax;8;28;2;1;9;0,2073955404994402
2023-12-21 05:36:48.872166;0,5257164547352439;;8192;0,9095869216215597;1,0410204295537764;0,06519047842573417;entmax;9;27;5;1;8;0,24272007269300092
2023-12-21 05:47:12.973814;0,5268551907382805;;512;0,8534188152413227;1,005221362131248;0,03326579226776944;entmax;8;31;2;1;8;0,2553541549695914
2023-12-21 05:59:17.349540;0,5276143480736383;;512;0,9764879938794458;1,0981154444818706;0,04395883060400666;entmax;8;25;1;1;9;0,21595187401209504
2023-12-21 06:14:40.610169;0,52704498007212;;512;0,8225375195378846;1,1159683888573415;0,028360540653029537;entmax;9;26;1;1;8;0,23122067953350103
2023-12-21 06:30:03.144908;0,5272347694059594;;512;0,9106511026394221;1,0595616554867366;0,07747434990063608;entmax;20;23;1;1;8;0,24448662269686067
2023-12-21 06:41:32.476937;0,5291326627443538;;4096;0,8797833304018307;1,0245331981965389;0,05587253877738764;entmax;10;27;1;1;7;0,22316145148381378
2023-12-21 06:52:15.206673;0,528373505408996;;512;0,8019870115210758;1,0787600660163488;0,0367464205716421;entmax;14;30;1;1;10;0,206545867778366
2023-12-21 07:05:29.982523;0,5312203454165876;;1024;0,9514459196101976;1,0428732200580066;0,04564042450871814;entmax;9;22;1;1;4;0,21328714550637895
2023-12-21 07:10:00.173412;0,5289428734105144;;1024;0,9480984001457338;1,0389036389363517;0,046397676038251574;entmax;46;24;3;1;3;0,2124976318004001
2023-12-21 07:14:53.053252;0,5304611880812299;;1024;0,9578514498872298;1,0005893802554775;0,08947390457204545;sparsemax;8;22;1;1;4;0,20039565178649568
2023-12-21 07:18:31.469217;0,5304611880812299;;1024;0,8332554456100708;1,0222845394082387;0,06835275568605663;entmax;9;8;1;1;4;0,23186867429357402
2023-12-21 07:21:32.736507;0,5293224520781932;;1024;0,8614893323291409;1,04484884274354;0,11396846829266995;entmax;8;19;1;1;4;0,22242185373992676
2023-12-21 07:25:40.793192;0,525336876067565;;1024;0,9588633042725822;1,0100428315533683;0,08722815584115202;sparsemax;8;22;1;1;4;0,20245509068173623
2023-12-21 07:29:43.054244;0,5325488707534637;;1024;0,9779481309853295;1,0653199193935772;0,14186367038165962;sparsemax;9;11;1;1;4;0,20058630749088477
2023-12-21 07:34:22.450322;0,5255266654014045;;1024;0,9904121442263802;1,0623165748234715;0,1408150477578717;sparsemax;9;11;1;1;3;0,21462499126867945
2023-12-21 07:37:04.579287;0,5276143480736383;;1024;0,9281088215896784;1,088264338686645;0,17890370843802003;sparsemax;10;12;1;1;4;0,20662102266054397
2023-12-21 07:40:47.151495;0,5308407667489087;;1024;0,9785604784493767;1,0511933962012578;0,05375900130249861;sparsemax;9;29;1;1;5;0,2350143846881079
2023-12-21 07:47:58.171659;0,5260960334029228;;1024;0,9808002398179295;1,0496294275548306;0,05892584714799271;sparsemax;9;32;1;1;4;0,22274936202852133
2023-12-21 07:52:43.400388;0,525336876067565;;1024;0,9991584235481732;1,0290191365640395;0,042963789030293624;sparsemax;8;29;1;1;3;0,21186723652094058
2023-12-21 07:55:05.363519;0,5285632947428355;;1024;0,944103326753794;1,0725830757872723;0,05028191434467509;sparsemax;26;35;3;1;4;0,2366821575310406
2023-12-21 08:01:40.279499;0,5255266654014045;;1024;0,9687144225950024;1,0128581030632229;0,035318942497880985;sparsemax;9;26;1;1;5;0,24614387104599322
2023-12-21 08:07:41.146909;0,5241981400645284;;2048;0,9192533541307156;1,0454048938978524;0,03033346515774412;sparsemax;11;28;1;1;8;0,21747791526379087
2023-12-21 08:18:30.510199;0,5274245587397989;;1024;0,8989103297006596;1,0624782645043955;0,07323779126169509;sparsemax;10;24;1;1;5;0,22863949452427
2023-12-21 08:23:47.159254;0,52704498007212;;1024;0,7817951420790666;1,090527599397806;0,05344546340390127;entmax;9;27;1;1;4;0,23535459362715816
2023-12-21 08:28:06.034736;0,5297020307458721;;2048;0,9572785650335924;1,1091265377130552;0,061183925173588366;entmax;9;30;4;1;7;0,21032195111768506
2023-12-21 08:39:32.472111;0,525336876067565;;512;0,9339717259187919;1,0238786180996555;0,0413645148088307;entmax;8;10;1;1;5;0,2573692084461023
2023-12-21 08:47:25.629168;0,522300246726134;;8192;0,9766799013036828;1,073007198508316;0,11530842866321264;entmax;10;23;2;1;7;0,20034827922993112
2023-12-21 08:54:56.111888;0,5308407667489087;;512;0,8892644946445446;1,0381778468812946;0,15598702663373668;entmax;8;11;1;1;4;0,2243133823402787
2023-12-21 08:58:24.852250;0,5306509774150693;;512;0,8847368210368255;1,0367050379739446;0,14826353884605123;sparsemax;8;14;1;1;4;0,22335119660939962
2023-12-21 09:01:51.834408;0,5297020307458721;;1024;0,9137455892917684;1,0551247915144788;0,16809072763268862;entmax;8;25;1;1;4;0,20618670330209687
2023-12-21 09:06:26.014548;0,5183146707155057;;4096;0,8966657197789457;1,0128404107179827;0,19132473873153502;entmax;34;33;1;1;3;0,2167202645609435
2023-12-21 09:09:13.427458;0,530081609413551;;512;0,9391067315483085;1,0348258721827888;0,13418968224648514;entmax;9;11;2;1;8;0,24257656715809434
2023-12-21 09:19:13.368029;0,5293224520781932;;512;0,8511059936209207;1,05643037725719;0,1001207467891797;entmax;10;12;1;1;5;0,23085439415400555
2023-12-21 09:23:18.556495;0,5304611880812299;;512;0,8103076397510101;1,083899703579056;0,047023396375643886;entmax;9;10;1;1;4;0,2743427989776781
2023-12-21 09:28:23.354915;0,5279939267413172;;512;0,8323508867144069;1,1013486286138987;0,06759467645158847;entmax;8;29;1;1;7;0,22502712648655201
2023-12-21 09:41:02.317315;0,5291326627443538;;512;0,872529011714786;1,0001330765499301;0,08239918938026239;entmax;20;13;1;2;4;0,21454474854240793
2023-12-21 09:46:07.830843;0,5298918200797115;;512;0,7643210915931875;1,0235267147429048;0,03737230565597568;entmax;11;28;1;1;8;0,2393477385131867
2023-12-21 09:58:56.114830;0,5281837160751566;;2048;0,7266189224486894;1,0697022701975487;0,02231529836002047;entmax;12;26;1;4;7;0,25012462315589906
2023-12-21 10:07:58.020626;0,5169861453786297;;512;0,791907104476799;1,042925309133157;0,2037765293884504;entmax;28;20;1;3;6;0,20686814559387687
2023-12-21 10:13:05.907208;0,5319795027519454;;1024;0,9879629449277585;1,1307868959382144;0,15513128047112937;entmax;9;9;4;1;5;0,23106380394728554
2023-12-21 10:18:06.542403;0,5221104573922946;;1024;0,9774748779883756;1,1562144237029397;0,1203980718736766;entmax;8;9;4;1;4;0,22861231292849457
2023-12-21 10:24:16.888211;0,5255266654014045;;1024;0,9550942857457595;1,1161785350007563;0,16339601817000202;entmax;17;18;4;1;5;0,22011780452119248
2023-12-21 10:30:33.073562;0,530081609413551;;1024;0,9911023260219541;1,053532927793957;0,09896384185191345;entmax;9;11;4;1;7;0,21210356893451102
2023-12-21 10:39:09.446623;0,5249572973998862;;1024;0,9167179541562873;1,0816202996458988;0,13096643781503958;entmax;10;9;4;1;5;0,2612203938831381
2023-12-21 10:44:43.609195;0,5186942493831846;;512;0,9674451111404478;1,0318979160746695;0,2549061027094313;entmax;8;10;5;1;6;0,23254985315307455
2023-12-21 10:53:26.582817;0,5289428734105144;;1024;0,9318115107881161;1,1294132696141628;0,05396119722295113;entmax;26;8;1;1;4;0,24136488845291632
2023-12-21 10:57:12.263857;0,5260960334029228;;512;0,897134057290587;1,1418636755926144;0,06943638764518743;entmax;9;27;4;1;5;0,22016927352890947
2023-12-21 11:03:25.123015;0,52704498007212;;512;0,9991496438763661;1,179032845855148;0,14538160050626572;sparsemax;8;25;1;3;7;0,2062180326798441
2023-12-21 11:12:27.552733;0,5306509774150693;;1024;0,9441749936985455;1,094997272486932;0,08056049839441846;entmax;10;30;3;2;8;0,23498316014847082
2023-12-21 11:23:17.564109;0,5272347694059594;;2048;0,8492745807106996;1,019754757164579;0,02871739034727599;entmax;55;32;1;1;4;0,2135683999059742
2023-12-21 11:27:41.957679;0,5295122414120327;;512;0,8809024613478478;1,0662744587850126;0,0327659147364512;entmax;9;12;1;1;3;0,25221678026569777
2023-12-21 11:33:01.575485;0,5262858227367622;;8192;0,8232110992166732;1,0432541047784232;0,04243921679504145;entmax;15;15;1;2;7;0,2254605180039176
2023-12-21 11:41:56.806332;0,5268551907382805;;512;0,8765205881472337;1,0349669046278496;0,150157915447276;sparsemax;8;14;1;1;4;0,2230262584450279
2023-12-21 11:46:29.591994;0,5264756120706017;;512;0,910836592818845;1,053830992258258;0,1500056591968716;sparsemax;8;21;1;1;4;0,20491480166286993
2023-12-21 11:50:18.659434;0,5247675080660467;;512;0,9589588475424542;1,0111536746679768;0,05971131528241115;sparsemax;9;13;1;1;4;0,22790124376233667
2023-12-21 11:55:37.743692;0,5276143480736383;;512;0,8879479660622206;1,0358905693566296;0,20547597488449207;sparsemax;31;11;1;1;4;0,2007582112105827
2023-12-21 12:01:29.469182;0,5279939267413172;;512;0,856245329228549;1,074689625378137;0,1128896125760687;sparsemax;8;24;1;1;8;0,21903745066503202
2023-12-21 12:10:06.673579;0,5289428734105144;;1024;0,8081642669091059;1,1221281875551168;0,0890349750161088;sparsemax;18;17;1;1;4;0,2680648296039366
2023-12-21 12:16:02.004500;0,5302713987473904;;512;0,9285850887631427;1,0174176875737317;0,049082326284980334;entmax;9;14;1;1;9;0,24481234282239583
2023-12-21 12:24:33.401867;0,4970582653254887;;4096;0,9785628451911987;1,1023255961395586;0,23954144640028707;sparsemax;14;59;2;2;7;0,2356249203289801
2023-12-21 12:30:45.724477;0,520592142721579;;512;0,8372977133584802;1,0616974069167429;0,1295401181733636;entmax;8;15;1;1;6;0,212855817227027
2023-12-21 12:36:07.592788;0,5262858227367622;;1024;0,9538013202170189;1,2984793051257326;0,02458241478505769;entmax;10;28;1;1;5;0,3510030863477407
2023-12-21 12:40:33.580484;0,5308407667489087;;1024;0,9463359328202078;1,090703783886417;0,08125027585870898;entmax;10;31;3;2;8;0,23586148184945846
2023-12-21 12:51:33.080676;0,5234389827291707;;1024;0,9394153107795586;1,0852387734048783;0,09813335687204372;entmax;11;31;3;2;8;0,2273569133138586
2023-12-21 13:07:36.842174;0,5238185613968495;;1024;0,7753542101722011;1,04457027888316;0,06508223427803049;entmax;22;29;3;2;8;0,2208056299669812
2023-12-21 13:23:40.377484;0,5279939267413172;;1024;0,9064122162964866;1,0263719557520223;0,16839059903369008;entmax;9;26;2;2;8;0,2947263636824028
2023-12-21 13:33:04.539196;0,5298918200797115;;1024;0,9700240949543366;1,3962621684601655;0,07644903401498128;entmax;10;19;4;2;8;0,2551244956034432
2023-12-21 13:45:25.133250;0,5319795027519454;;512;0,9884626445421532;1,0676842198648144;0,054826672750051486;entmax;9;22;4;4;4;0,2381449829866569
