0;features;tabnet_owntop1_adv_comp_ss_sup_202406072117;tabnet_owntop1_comp_ss_sup_202406150937;tabnet_own_comp_rs_unsup_202405310904;tabnet_own_comp_ss_sup_202405232005;tabnet_own_simp_ss_sup_202405260830;tabnet_own_simp_ss_unsup_202406122130;tabnet_paper_ss_unsup_202406172147;COUNT;MEAN;
2;top6_A;0,162975493;;;;;;;1;0,162975493;MATCH_IMP
4;Points_365D_H;0,086120794;0,000427163;0,222533124;0,051854269;0,176729652;0,157011077;;6;0,115779347;OWN
20;S_365D_A;0,075580367;0;0;1,66E-05;;;;4;0,018899244;OWN
34;Side_15D_A;0,064529987;0;0;0,002820315;0,004075597;0;;6;0,011904317;OWN
6;pagerank_10_H;0,056962946;;;;;;;1;0,056962946;PAGERANK
43;FTG_rival_1825D_A;0,049740144;0;0;0,000457438;0;0,006190365;;6;0,009397991;
10;pagerank_1_A;0,045366677;;;;;;;1;0,045366677;PAGERANK
41;Y_15D_H;0,044901844;0;6,06E-05;4,08E-05;;;;4;0,011250812;OWN
19;down1_A;0,044245839;2,44E-06;;;;;;2;0,022124139;MATCH_IMP
1;rate_away;0,040909553;7,08E-05;;;;;0,578033291;3;0,206337878;PI_RATING
27;ST_60D_A;0,037322954;0,009901879;0,002980636;0,01097139;;;;4;0,015294215;OWN
5;Points_1825D_A;0,028533175;0,05257768;0,18042663;0,053739867;0,139458683;0;;6;0,075789339;OWN
56;ST_730D_H;0,024427678;5,69E-07;0;0;;;;4;0,006107062;
45;top4_A;0,017846024;5,12E-08;;;;;;2;0,008923038;
35;top1_H;0,0176274;0,006124218;;;;;;2;0,011875809;MATCH_IMP
26;down4_H;0,016761726;0,01502042;;;;;;2;0,015891073;MATCH_IMP
22;pagerank_5_A;0,016557965;;;;;;;1;0,016557965;PAGERANK
63;R_180D_A;0,016175319;0;0;0,003394482;;;;4;0,00489245;
69;Y_30D_H;0,016018707;0;0;0;;;;4;0,004004677;
77;Points_60D_H;0,015619129;4,06E-07;0;0,002135566;0;1,86E-06;;6;0,002959494;
70;Y_1825D_A;0,015244275;9,12E-07;0;0;;;;4;0,003811297;
17;ST_30D_H;0,013390891;1,01E-09;0,096673794;0;;;;4;0,027516172;OWN
71;ST_15D_A;0,013314451;5,24E-05;0,001019203;0;;;;4;0,003596516;
73;R_30D_A;0,012933836;0;0;0;;;;4;0,003233459;
84;Y_30D_A;0,009623497;0;4,81E-06;0;;;;4;0,002407076;
59;top4_H;0,007736431;0,003414629;;;;;;2;0,00557553;
87;F_15D_H;0,006721599;9,98E-05;0;0,001258539;;;;4;0,002019975;
83;FTG_180D_A;0,005510434;0,001672865;0,0008693;0;0,006240034;0,000264231;;6;0,002426144;
100;FTG_15D_A;0,004999262;0;0;0;0;0;;6;0,00083321;
92;C_365D_H;0,004112772;5,93E-08;0;0,000987051;;;;4;0,00127497;
68;pagerank_1_H;0,004102954;;;;;;;1;0,004102954;
88;down1_H;0,003342585;3,37E-06;;;;;;2;0,00167298;
16;FTG_rival_180D_H;0,003134674;2,02E-05;0;0,007949427;0,089952566;0,066696499;;6;0,027958891;OWN
102;F_30D_A;0,00303327;0;0;2,29E-05;;;;4;0,000764042;
81;top2_H;0,002936613;0,002471583;;;;;;2;0,002704098;
60;C_730D_H;0,001644109;4,78E-05;3,11E-06;0,020447036;;;;4;0,005535525;
113;C_60D_A;0,001501313;0;0;2,42E-05;;;;4;0,000381368;
96;Side_15D_H;0,001126549;0;0,00536536;5,26E-05;0;0;;6;0,001090753;
117;F_180D_A;0,001081894;0;0;0;;;;4;0,000270474;
7;FTG_1825D_H;0,000968534;0,029846308;0,009923869;0;0,167723986;0,13231435;;6;0,056796175;OWN
99;top5_A;0,000959726;0,000731838;;;;;;2;0,000845782;
122;FTG_rival_60D_A;0,000732171;0,000235421;0;0;0;3,42E-08;;6;0,000161271;
54;FTG_365D_A;0,000727978;0,030416631;0;0,000148098;0,005874374;0;;6;0,006194514;
46;C_180D_H;0,000402857;0,03428995;0;0;;;;4;0,008673202;
93;Points_30D_A;0,000335636;0;0,000314177;3,55E-08;0,001148101;0,005781359;;6;0,001263218;
125;S_60D_H;0,000286843;0,000182936;0;0;;;;4;0,000117445;
128;ST_730D_A;0,000284704;0;0;0;;;;4;7,12E-05;
50;ST_60D_H;0,000260306;0,00031134;0;0,027362296;;;;4;0,006983485;
129;Y_365D_H;0,000238424;0;0;0;;;;4;5,96E-05;
130;S_365D_H;0,000233402;0;0;0;;;;4;5,84E-05;
44;ST_180D_A;0,000150656;0;0;0,03644567;;;;4;0,009149081;
65;S_180D_H;0,000120611;0,018464123;0;0;;;;4;0,004646184;
138;Y_60D_H;7,34E-05;0;0;2,40E-06;;;;4;1,89E-05;
53;ST_365D_H;7,20E-05;0,011253684;0,013911598;0;;;;4;0,00630931;
141;Y_180D_H;5,72E-05;0;0;0;;;;4;1,43E-05;
101;FTG_15D_H;5,58E-05;1,71E-05;5,33E-06;0;0;0,004743931;;6;0,000803695;
98;R_730D_H;4,58E-05;0,003821577;0;0;;;;4;0,000966851;
47;Points_365D_A;3,96E-05;0,000246605;1,27E-06;0,046286132;0;0,003146323;;6;0,008286657;
148;S_15D_A;3,44E-05;0;0;0;;;;4;8,61E-06;
120;R_365D_H;3,27E-05;0,000264143;0;0,000550963;;;;4;0,000211944;
139;top1_A;2,92E-05;3,70E-11;;;;;;2;1,46E-05;
116;S_15D_H;2,85E-05;0,00126192;0;0;;;;4;0,000322594;
9;FTG_730D_H;2,65E-05;0,094126138;0;0,096535611;0,004077465;0,091293545;;6;0,047676542;OWN
48;FTG_60D_A;2,46E-05;0;0,00070699;0,005011726;0,042568985;0;;6;0,00805205;
137;top7_H;2,03E-05;;;;;;;1;2,03E-05;
90;Points_30D_H;1,92E-05;0,00016093;0,007868615;0;0;0;;6;0,001341464;
108;FTG_rival_60D_H;1,07E-05;0;0,001764075;0,000891783;1,04E-10;0,000621507;;6;0,000548006;
151;pagerank_10_A;4,74E-06;;;;;;;1;4,74E-06;
110;Side_1825D_A;2,23E-06;0,003068938;0;6,19E-09;0;6,11E-06;;6;0,000512881;
80;Points_180D_H;2,08E-06;0,005252061;1,24E-07;0,000260802;0,008841936;0,002668987;;6;0,002837665;
91;top3_H;1,27E-06;0,002630141;;;;;;2;0,001315703;
134;R_60D_A;1,13E-06;0;0;0,000122147;;;;4;3,08E-05;
75;Y_730D_A;8,49E-07;0;1,12E-07;0,01263095;;;;4;0,003157978;
143;Y_1825D_H;4,98E-07;5,18E-05;0;4,14E-07;;;;4;1,32E-05;
155;S_30D_A;1,91E-07;6,32E-07;0;0;;;;4;2,06E-07;
66;C_60D_H;1,14E-07;0,000946003;0;0,01629413;;;;4;0,004310062;
38;ST_180D_H;5,60E-08;0,00099525;0;0,045830081;;;;4;0,011706347;OWN
40;F_365D_H;4,40E-08;7,65E-07;0,04611806;0;;;;4;0,011529717;OWN
133;ST_1825D_H;1,63E-08;0;7,36E-06;0,000133532;;;;4;3,52E-05;
132;ST_1825D_A;7,40E-09;0,000144891;1,30E-05;0;;;;4;3,95E-05;
106;FTG_rival_1825D_H;9,41E-10;0;0;0;0;0,003787532;;6;0,000631255;
94;Y_60D_A;2,40E-10;0;3,05E-05;0,004772654;;;;4;0,001200789;
107;Side_60D_A;5,82E-12;0;0;4,34E-05;0,001902813;0,00164157;;6;0,000597965;
24;FTG_rival_365D_H;7,81E-13;0,017450356;0;0,033125229;0,047126095;8,48E-05;;6;0,016297752;OWN
3;rate_home;0;0,030108177;;;;;0,421966709;3;0,150691629;PI_RATING
8;Points_730D_A;0;0,051389221;0,210432797;7,26E-05;0,07617317;0;;6;0,056344636;OWN
11;FTG_730D_A;0;0;0,000648294;0,022614749;0,001763865;0,203077925;;6;0,038017472;OWN
12;F_730D_A;0;0,001557651;4,17E-06;0,146056213;;;;4;0,036904508;OWN
13;FTG_rival_365D_A;0;0;0;5,67E-05;0;0,221297856;;6;0,03689242;OWN
14;top5_H;0;0,07151924;;;;;;2;0,03575962;MATCH_IMP
15;F_730D_H;0;0,119929239;0;0;;;;4;0,02998231;OWN
21;C_730D_A;0;0,042301033;0;0,028800479;;;;4;0,017775378;OWN
23;FTG_rival_30D_H;0;0,097769765;0;8,65E-05;0;5,86E-08;;6;0,016309379;OWN
25;FTG_rival_730D_H;0;0;0;0,04954714;0;0,046944155;;6;0,016081882;OWN
28;down2_A;0;0,026890136;;;;;;2;0,013445068;MATCH_IMP
29;Points_730D_H;0;0,000315774;0;0,004461355;0,069524297;8,33E-05;;6;0,012397453;OWN
30;F_60D_A;0;0;0;0,048863206;;;;4;0,012215801;OWN
31;FTG_365D_H;0;0,059407047;0;0;0,012333914;0;;6;0,011956827;OWN
32;FTG_60D_H;0;0,000135452;0;0;0,071509609;0;;6;0,011940844;OWN
33;C_1825D_H;0;1,43E-05;0,025695655;0,021910973;;;;4;0,011905231;OWN
36;S_60D_A;0;0,031722672;6,75E-07;0,015664895;;;;4;0,01184706;OWN
37;FTG_30D_A;0;0;0,046822751;0;0;0,023615367;;6;0,011739686;OWN
39;C_1825D_A;0;0;0;0,0464587;;;;4;0,011614675;OWN
42;S_30D_H;0;0;0;0,041633355;;;;4;0,010408339;OWN
49;FTG_rival_730D_A;0;0;0,044226369;0;0;1,94E-06;;6;0,007371385;
51;FTG_rival_180D_A;0;0,003942331;0;0;0,034989279;0;;6;0,006488602;
52;S_180D_A;0;0,025745905;0;0;;;;4;0,006436476;
55;Points_60D_A;0;0;0;0,012952782;0,023974163;0;;6;0,006154491;
57;Side_30D_A;0;0;0,036563566;0;0;0;;6;0,006093928;
58;FTG_1825D_A;0;0;0,025626983;0;0,007827102;1,47E-07;;6;0,005575705;
61;Y_365D_A;0;0,00142565;0;0,020084427;;;;4;0,005377519;
67;Y_730D_H;0;0,016604473;0;0;;;;4;0,004151118;
72;C_180D_A;0;0,011644237;0,001838945;0;;;;4;0,003370796;
74;F_15D_A;0;0;0;0,012713828;;;;4;0,003178457;
76;R_365D_A;0;0,012292182;1,40E-05;0;;;;4;0,003076545;
78;Side_730D_A;0;0;0;0,00326496;0;0,014072628;;6;0,002889598;
79;C_15D_H;0;0;0;0,011375708;;;;4;0,002843927;
82;Y_15D_A;0;0,001737501;0;0,007988489;;;;4;0,002431497;
85;Side_365D_A;0;0;0,013805957;0;0;0;;6;0,002300993;
86;FTG_rival_30D_A;0;0,00960396;0;0;0,003948683;4,01E-06;;6;0,002259443;
89;Points_1825D_H;0;2,63E-06;1,13E-05;0,007434646;0,00202516;0;;6;0,001578961;
95;F_1825D_A;0;0;0;0,004479445;;;;4;0,001119861;
97;Side_180D_A;0;0;0;0,000177322;0;0,006127392;;6;0,001050786;
103;Side_30D_H;0;0;0;5,00E-06;0,000183416;0,00426361;;6;0,000742005;
104;down3_H;0;0,001482069;;;;;;2;0,000741034;
105;Points_180D_A;0;6,57E-07;0;0,003974432;0;0;;6;0,000662515;
109;FTG_180D_H;0;6,90E-09;0;0,003151307;1,19E-05;0;;6;0,0005272;
111;Side_180D_H;0;0;0;0;0;0,002956998;;6;0,000492833;
112;F_1825D_H;0;0;0,001758463;4,82E-06;;;;4;0,00044082;
114;Y_180D_A;0;8,37E-05;2,28E-05;0,001305482;;;;4;0,000352999;
115;F_180D_H;0;0;0,001293526;9,15E-07;;;;4;0,00032361;
118;C_30D_H;0;8,78E-05;0;0,000888746;;;;4;0,000244131;
119;down4_A;0;0,000456055;;;;;;2;0,000228027;
121;Points_15D_H;0;4,97E-08;0;0,000163697;0;0,001044514;;6;0,000201377;
123;Side_730D_H;0;1,04E-06;0;0,000788028;0;0,000174147;;6;0,000160536;
124;ST_365D_A;0;0,000574488;0;0;;;;4;0,000143622;
126;R_1825D_H;0;4,98E-05;0,000320787;0;;;;4;9,26E-05;
127;Side_60D_H;0;0,000522237;0;0;0;0;;6;8,70E-05;
131;Points_15D_A;0;0;0,000311244;0;0;0;;6;5,19E-05;
135;S_1825D_H;0;0;0;0,00012039;;;;4;3,01E-05;
136;F_60D_H;0;1,03E-05;0;7,16E-05;;;;4;2,05E-05;
140;Side_365D_H;0;0;0;8,63E-05;0;0;;6;1,44E-05;
144;R_180D_H;0;1,03E-05;0;3,87E-05;;;;4;1,23E-05;
145;FTG_30D_H;0;0;0;0;1,52E-05;4,44E-05;;6;9,94E-06;
146;ST_30D_A;0;2,18E-05;0;1,60E-05;;;;4;9,45E-06;
147;R_1825D_A;0;5,78E-07;0;3,67E-05;;;;4;9,33E-06;
149;FTG_rival_15D_A;0;0;0;0;0;3,69E-05;;6;6,15E-06;
150;F_365D_A;0;0;0;2,28E-05;;;;4;5,70E-06;
152;S_730D_A;0;5,38E-06;0;9,99E-07;;;;4;1,60E-06;
153;rounds;0;3,10E-06;;;;;;2;1,55E-06;
154;R_30D_H;0;0;0;4,73E-06;;;;4;1,18E-06;
156;R_15D_A;0;0;0;3,75E-07;;;;4;9,36E-08;
157;C_30D_A;0;3,28E-07;0;0;;;;4;8,20E-08;
158;Side_1825D_H;0;0;0;0;0;4,67E-07;;6;7,79E-08;
159;S_1825D_A;0;1,41E-07;0;0;;;;4;3,54E-08;
160;R_15D_H;0;1,22E-07;0;0;;;;4;3,06E-08;
161;FTG_rival_15D_H;0;0;0;1,34E-07;0;0;;6;2,23E-08;
162;ST_15D_H;0;8,29E-08;0;0;;;;4;2,07E-08;
163;down3_A;0;0;;;;;;2;0;
164;top2_A;0;0;;;;;;2;0;
165;top3_A;0;0;;;;;;2;0;
166;F_30D_H;0;0;0;0;;;;4;0;
167;C_365D_A;0;0;0;0;;;;4;0;
168;down2_H;0;0;;;;;;2;0;
169;C_15D_A;0;0;0;0;;;;4;0;
170;R_60D_H;0;0;0;0;;;;4;0;
171;S_730D_H;0;0;0;0;;;;4;0;
172;R_730D_A;0;0;0;0;;;;4;0;
173;top7_A;0;;;;;;;1;0;
174;pagerank_5_H;0;;;;;;;1;0;
175;Weekday;0;;;;;;;1;0;
176;top6_H;0;;;;;;;1;0;
177;pagerank_2_A;0;;;;;;;1;0;
178;pagerank_2_H;0;;;;;;;1;0;
18;pagerank_A;;0,022808462;;;;;;1;0,022808462;PAGERANK
62;pagerank_H;;0,00500395;;;;;;1;0,00500395;
64;down5_A;;0,00472499;;;;;;1;0,00472499;
142;down5_H;;1,32E-05;;;;;;1;1,32E-05;
;;0,1230;0,0278;;;;;;;;
