version;datetime;validation;test;batch_size;gamma_scheduler;gamma_tabnet;len_test;len_train;len_val;lr;mask_type;n_a;n_d;n_independent;n_shared;n_steps;pretraining_ratio
0;2024-06-05 09:08:03.671767;0,5207553892748975;;8192;0,9151824443536817;1,354224577356013;2631;39710;5613;0,47145237585017763;entmax;29;46;1;1;10;0,22219264052402496
1;2024-06-05 09:18:57.722110;0,5248530197755211;;2048;0,33152689247901446;1,0076649465118903;2631;39710;5613;0,09755506304224308;sparsemax;19;14;2;3;10;0,5689568438706037
2;2024-06-05 09:27:44.368260;0,5196864421877784;;2048;0,3258958674230049;1,9270832117015826;2631;39710;5613;0,1396599831614371;entmax;26;63;5;2;9;0,5135574691910529
3;2024-06-05 09:43:26.629370;0,5227151256012827;;2048;0,3248990482420282;1,917425011416137;2631;39710;5613;0,01365439375932742;entmax;12;44;4;2;6;0,25272082920472966
4;2024-06-05 09:59:31.324224;0,5163014430785676;;1024;0,4951224082570852;1,0243279486315187;2631;39710;5613;0,0015393717322635567;entmax;10;24;3;5;8;0,35843032134358355
5;2024-06-05 10:32:52.483654;0,48868697666132194;;1024;0,2638422880571969;1,495942037989792;2631;39710;5613;0,0010486743675253876;entmax;44;11;1;3;8;0,5644132036070445
6;2024-06-05 11:01:16.872537;0,5196864421877784;;8192;0,46829163503566784;1,2748206217737927;2631;39710;5613;0,011549636836288018;sparsemax;8;18;2;3;4;0,5719416167424162
7;2024-06-05 11:10:32.085506;0,5072153928380545;;512;0,7393547936451357;1,946248722266167;2631;39710;5613;0,3517357196513285;entmax;14;8;3;3;3;0,25652057295738434
8;2024-06-05 11:16:43.093310;0,519330126492072;;4096;0,5434151573755527;1,0164178031749496;2631;39710;5613;0,5082427416837565;entmax;14;26;5;1;7;0,8429403778191229
9;2024-06-05 11:24:39.820605;0,49795118474968825;;1024;0,42593952801930046;1,379769875315097;2631;39710;5613;0,1588886885064752;sparsemax;63;16;5;1;4;0,2628830143213193
10;2024-06-05 11:32:35.883217;0,5141635489043292;;2048;0,12954298712990636;1,148959149141247;2631;39710;5613;0,06050338121950463;sparsemax;18;12;2;5;10;0,8797614441899663
11;2024-06-05 11:45:11.596992;0,5195082843399251;;2048;0,24075889062945782;1,6351681840221555;2631;39710;5613;0,016615960580546107;sparsemax;19;30;4;4;6;0,354824449501875
12;2024-06-05 12:01:10.328229;0,5154106538393016;;2048;0,10753931590983035;1,6488956139689632;2631;39710;5613;0,04917139340960028;sparsemax;12;32;4;2;6;0,4007748036942368
13;2024-06-05 12:08:24.738902;0,5228932834491359;;2048;0,33934084811874804;1,1757229483371465;2631;39710;5613;0,008931193100340663;sparsemax;18;40;2;2;5;0,30501831011966185
14;2024-06-05 12:20:41.433441;0,5145198646000356;;4096;0,6003372662041447;1,1193367746535337;2631;39710;5613;0,00437592402204585;sparsemax;22;18;2;4;5;0,30370548206398296
15;2024-06-05 12:30:28.939106;0,44236593621949044;;512;0,359201362532163;1,171544479272824;2631;39710;5613;0,9943761062956187;sparsemax;17;36;2;4;8;0,2054692282388332
16;2024-06-05 12:51:45.479256;0,5225369677534295;;2048;0,21943599406017728;1,0734611352934869;2631;39710;5613;0,0307827619858212;sparsemax;29;22;1;2;5;0,4752402319744335
17;2024-06-05 13:03:35.945438;0,5171922323178336;;2048;0,39453274324589205;1,2452334593497127;2631;39710;5613;0,004021663031184343;sparsemax;24;61;3;2;7;0,4296487766989128
18;2024-06-05 13:30:02.637915;0,5253874933190807;;2048;0,6219333587716799;1,002510840189759;2631;39710;5613;0,09176431691326166;sparsemax;34;14;2;3;3;0,6924579788694025
19;2024-06-05 13:36:02.859350;0,5246748619276679;;512;0,6856268945338128;1,024734277470499;2631;39710;5613;0,08182259791610354;sparsemax;35;13;1;4;3;0,6923327055546715
20;2024-06-05 13:45:49.400497;0,521111704970604;;4096;0,5998584611295803;1,0007126143763314;2631;39710;5613;0,13202114194923678;sparsemax;35;10;2;3;9;0,6742662816951434
21;2024-06-05 13:56:27.483172;0,5246748619276679;;512;0,694841110749404;1,068187289748156;2631;39710;5613;0,07175923962037112;sparsemax;37;14;1;4;3;0,7218621215606624
22;2024-06-05 14:04:38.513636;0,5221806520577231;;512;0,7154309585602787;1,085819717987098;2631;39710;5613;0,029808366387527856;sparsemax;43;14;1;3;4;0,6619608187689421
23;2024-06-05 14:12:26.006752;0,5289506502761446;;512;0,8150014388603462;1,0103226309952102;2631;39710;5613;0,09237148750673044;sparsemax;30;18;3;4;3;0,7701880105589545
24;2024-06-05 14:20:13.424679;0,5216461785141635;;8192;0,8313383236684785;1,0990863600589227;2631;39710;5613;0,2029185553456264;sparsemax;22;19;3;3;4;0,767261849201514
25;2024-06-05 14:29:57.669863;0,5170140744699804;;512;0,9501314015564681;1,0570036730297647;2631;39710;5613;0,09566044564642195;sparsemax;28;16;3;5;3;0,616747432108027
26;2024-06-05 14:39:23.898621;0,5132727596650632;;2048;0,9943805835778459;1,009929773094687;2631;39710;5613;0,23554424756487635;sparsemax;23;20;3;4;5;0,7578459582309529
27;2024-06-05 14:50:00.093343;0,5209335471227508;;2048;0,8003024422599001;1,12000745976113;2631;39710;5613;0,04707152890226988;sparsemax;31;10;2;4;9;0,6256694174922506
28;2024-06-05 15:02:22.768603;0,5152324959914484;;512;0,642125152785005;1,2308845879027077;2631;39710;5613;0,1152985867383047;sparsemax;25;16;4;3;4;0,7914759045610843
29;2024-06-05 15:13:54.234630;0,5123819704257973;;8192;0,8609808216262005;1,174448665517057;2631;39710;5613;0,2390518281691508;sparsemax;20;21;2;3;10;0,8881746635371304
30;2024-06-05 15:26:11.397444;0,5244967040798147;;4096;0,7731322073945343;1,051627296050715;2631;39710;5613;0,09102997616746752;sparsemax;29;26;2;5;3;0,562589372027633
31;2024-06-05 15:34:14.276965;0,5228932834491359;;512;0,679996316649184;1,0133782288041824;2631;39710;5613;0,06795734467838152;sparsemax;32;13;1;4;3;0,7043740628312949
32;2024-06-05 15:42:13.919084;0,5250311776233743;;512;0,8978453730590923;1,0510637175769657;2631;39710;5613;0,09855042757910344;sparsemax;26;14;1;4;3;0,7912183693320617
33;2024-06-05 15:48:25.128694;0,5209335471227508;;512;0,8857138948924702;1,0623660876598253;2631;39710;5613;0,1252371390365727;sparsemax;25;15;1;3;4;0,8182714273982791
34;2024-06-05 15:56:21.584249;0,5266345982540531;;2048;0,9348855141311229;1,1329621619929786;2631;39710;5613;0,04130059412994925;entmax;27;17;3;4;3;0,7544019848500473
35;2024-06-05 16:03:34.639403;0,5268127561019063;;512;0,9048000453506176;1,0968679608607008;2631;39710;5613;0,043628851989991876;entmax;26;17;3;5;3;0,7874354144271648
36;2024-06-05 16:13:38.828489;0,5268127561019063;;1024;0,9275469037764796;1,1189725075749801;2631;39710;5613;0,038598784347996525;entmax;27;18;3;5;4;0,7396273074812797
37;2024-06-05 16:31:13.808839;0,5223588099055764;;1024;0,9421203194370308;1,1356842630909212;2631;39710;5613;0,022981303745497384;entmax;21;17;3;5;4;0,8378084812510007
38;2024-06-05 16:45:37.473976;0,5264564404061999;;1024;0,8396056869153342;1,2079436073830563;2631;39710;5613;0,043268993019659203;entmax;27;22;4;5;4;0,75465271320936
39;2024-06-05 16:58:55.452970;0,5259219668626403;;1024;0,9109243091983777;1,2711644859345361;2631;39710;5613;0,03337717659354264;entmax;30;19;3;5;3;0,6335581357003612
40;2024-06-05 17:16:35.416435;0,5298414395154106;0,500570125427594;1024;0,9991606279390837;1,12926049464591;2631;39710;5613;0,02023176389359905;entmax;26;18;4;5;5;0,7359280210157435
41;2024-06-05 17:39:11.069272;0,5236059148405487;;1024;0,9536022565678234;1,1083950146602464;2631;39710;5613;0,01991967896045079;entmax;26;18;4;5;5;0,7412298574038748
42;2024-06-05 17:53:44.528331;0,5248530197755211;;1024;0,9892761300524899;1,1344521770678293;2631;39710;5613;0,03789968883220215;entmax;23;17;3;5;4;0,8924669314100575
43;2024-06-05 18:03:11.193704;0,5255656511669339;;1024;0,8767646719911891;1,1976446339526348;2631;39710;5613;0,0594419633419852;entmax;28;23;3;5;3;0,8112764012967252
44;2024-06-05 18:12:51.978037;0,5262782825583467;;1024;0,927959259754696;1,2982296978581247;2631;39710;5613;0,02578908937962248;entmax;39;20;4;5;4;0,7265674831057577
45;2024-06-05 18:34:33.115260;0,5209335471227508;;8192;0,9914961178117407;1,0949319768800876;2631;39710;5613;0,04873340564314549;entmax;32;20;5;5;5;0,5898595253972044
46;2024-06-05 18:54:07.866833;0,5237840726884019;;1024;0,7980995885259549;1,154825263286349;2631;39710;5613;0,015216860605320943;entmax;21;17;4;5;6;0,8398477833361403
47;2024-06-05 19:21:33.407809;0,5259219668626403;;1024;0,910422011706995;1,0407522495466728;2631;39710;5613;0,02102200572646368;entmax;24;24;3;4;3;0,664180848252975
48;2024-06-05 19:33:14.904628;0,5278817031890255;;512;0,8547980206528207;1,0956543427622774;2631;39710;5613;0,033472731159649285;entmax;27;24;3;5;4;0,5345965440660235
49;2024-06-05 19:51:03.530888;0,5266345982540531;;512;0,8456798389915973;1,0957776999248654;2631;39710;5613;0,010895146100006201;entmax;31;26;4;5;5;0,5463491076647873
50;2024-06-05 20:13:06.236194;0,5250311776233743;;512;0,7539890406684502;1,1856215703352395;2631;39710;5613;0,028516071716498264;entmax;19;24;3;5;6;0,5046524780563337
51;2024-06-05 20:31:15.092571;0,5275253874933191;;512;0,9578250671995254;1,1500920344795242;2631;39710;5613;0,03427562672138944;entmax;28;21;3;5;4;0,7653742431049583
52;2024-06-05 20:52:52.323047;0,5284161767325851;;512;0,8646676978091872;1,153973755972913;2631;39710;5613;0,06203658616877683;entmax;24;21;3;5;4;0,7183666739092023
53;2024-06-05 21:10:20.391413;0,5269909139497595;;512;0,8718638718412777;1,0356473527846979;2631;39710;5613;0,058542445991350334;entmax;24;22;3;5;5;0,6420915801553962
54;2024-06-05 21:33:29.597045;0,5243185462319615;;512;0,8792025235936878;1,154239263920567;2631;39710;5613;0,06001344633840042;entmax;24;28;3;5;5;0,5900494647075891
55;2024-06-05 21:51:45.428425;0,5266345982540531;;512;0,8200038223991357;1,0361127186733394;2631;39710;5613;0,06323644971665668;entmax;17;22;3;5;5;0,6502129165453211
56;2024-06-05 22:08:55.644190;0,5291288081239979;;512;0,8595186683578759;1,0712066697445937;2631;39710;5613;0,03230562645586655;entmax;22;21;5;5;6;0,6988122729027781
57;2024-06-05 22:39:47.719385;0,5246748619276679;;512;0,7851343406932345;1,0743479960567877;2631;39710;5613;0,018423508149509427;entmax;20;24;5;4;7;0,6974992180592656
58;2024-06-05 23:01:09.782709;0,5262782825583467;;512;0,8253104171955663;1,1565853878236092;2631;39710;5613;0,027467252933926302;entmax;29;27;5;5;6;0,7092077333009557
59;2024-06-05 23:22:37.336430;0,5230714412969891;;512;0,9666522518833134;1,2170820836721212;2631;39710;5613;0,01561081977101789;entmax;22;30;4;1;6;0,8480634483266654
60;2024-06-05 23:38:34.467091;0,5264564404061999;;512;0,9652695168722394;1,0791904458525514;2631;39710;5613;0,03285444761673377;entmax;29;21;5;4;7;0,6714751570437115
61;2024-06-06 00:05:51.559575;0,5277035453411723;;512;0,861399857458167;1,0339078122445993;2631;39710;5613;0,02200654304814564;entmax;24;23;3;5;5;0,6390141306287919
62;2024-06-06 00:22:36.280421;0,5239622305362551;;512;0,847470760950677;1,0284035887408625;2631;39710;5613;0,023538379832192313;entmax;33;19;4;5;5;0,6137779583312589
63;2024-06-06 00:41:31.411361;0,5239622305362551;;512;0,7358966125631194;1,074226104263883;2631;39710;5613;0,01191210017678925;entmax;23;23;3;5;4;0,6871938445823326
64;2024-06-06 00:51:38.449499;0,5223588099055764;;4096;0,8168354400791062;1,1169128868215423;2631;39710;5613;0,01809997959489272;entmax;30;25;3;5;4;0,7182891100510339
65;2024-06-06 01:07:34.358846;0,5257438090147871;;512;0,8922190742065926;1,01865249171138;2631;39710;5613;0,07906516932320708;entmax;25;21;4;5;4;0,773667560178996
66;2024-06-06 01:27:10.845220;0,5296632816675575;;512;0,8525119271319082;1,0527411544922525;2631;39710;5613;0,03144889679092446;entmax;36;29;3;5;5;0,6553986163603613
67;2024-06-06 01:47:50.399182;0,5234277569926955;;512;0,7624650280808156;1,0425193264872068;2631;39710;5613;0,051060407918490903;entmax;36;29;2;4;6;0,6177163321944144
68;2024-06-06 01:58:49.956720;0,5246748619276679;;8192;0,8583672792414176;1,0012137459528236;2631;39710;5613;0,021919079485922147;entmax;33;32;3;5;5;0,6575681053074488
69;2024-06-06 02:10:22.022016;0,5246748619276679;;512;0,791396890848096;1,0611435548145827;2631;39710;5613;0,02712242504544314;entmax;39;26;5;4;5;0,5946496467742997
70;2024-06-06 02:30:20.783346;0,5212898628184571;;512;0,8101002969100715;1,0823046235461362;2631;39710;5613;0,07446907348279225;entmax;31;25;3;5;6;0,5521356435726494
71;2024-06-06 02:51:43.077698;0,5227151256012827;;512;0,9196255458337335;1,0575337636236195;2631;39710;5613;0,03369118568680993;entmax;28;20;3;5;5;0,6854709701206848
72;2024-06-06 03:04:06.327544;0,5257438090147871;;512;0,8682864716515322;1,0989838896727664;2631;39710;5613;0,0338368005567388;entmax;26;23;3;5;4;0,7218401762118867
73;2024-06-06 03:23:58.980895;0,5285943345804383;;512;0,9665520259707356;1,167271754029015;2631;39710;5613;0,03726224956145426;entmax;34;28;3;5;4;0,7978768074983675
74;2024-06-06 03:47:02.407221;0,5214680206663104;;4096;0,8980745250466465;1,0250574037873341;2631;39710;5613;0,05069730467707936;entmax;35;28;3;5;5;0,806468077810393
75;2024-06-06 03:59:54.565799;0,5230714412969891;;512;0,8425908097552658;1,1792441435462266;2631;39710;5613;0,02526129664576102;entmax;33;32;3;5;4;0,6405379949553316
76;2024-06-06 04:09:53.437707;0,5196864421877784;;512;0,9996255627997904;1,1290641433359805;2631;39710;5613;0,043821204862591945;entmax;46;34;2;5;7;0,8563194141543387
77;2024-06-06 04:31:36.563374;0,5239622305362551;;512;0,9396358572219976;1,0516022659657775;2631;39710;5613;0,013321445021919866;entmax;21;27;3;4;6;0,7418065961465208
78;2024-06-06 04:54:00.777045;0,52200249420987;;512;0,9700513551189998;1,1121507122087968;2631;39710;5613;0,10340713844582969;entmax;18;30;4;5;5;0,795273473008632
79;2024-06-06 05:07:38.135465;0,5259219668626403;;8192;0,9209075145972281;1,0146148976956357;2631;39710;5613;0,14770472765692397;entmax;30;25;4;4;4;0,6877034355761612
80;2024-06-06 05:18:26.543484;0,5248530197755211;;512;0,7768821057174986;1,0831840508648103;2631;39710;5613;0,03857158041128328;entmax;23;38;3;5;4;0,7227396005147352
81;2024-06-06 05:32:58.221653;0,5282380188847319;;512;0,9574751106982564;1,141220348522712;2631;39710;5613;0,030095540560981644;entmax;27;19;3;5;3;0,7679308093941605
82;2024-06-06 05:49:15.447310;0,5257438090147871;;512;0,8867510038052352;1,1697450971131425;2631;39710;5613;0,019509234746855366;entmax;25;19;3;5;3;0,7763349318385966
83;2024-06-06 06:07:36.728167;0,5284161767325851;;512;0,9736886128746636;1,114197746672904;2631;39710;5613;0,022910317912404568;entmax;28;18;3;5;3;0,7487605255736308
84;2024-06-06 06:19:14.425907;0,5237840726884019;;512;0,9789487816395575;1,134327470398815;2631;39710;5613;0,028236078702691614;entmax;34;18;3;5;3;0,8172681670053338
85;2024-06-06 06:28:10.541534;0,5237840726884019;;512;0,9477814660628592;1,1946015879020278;2631;39710;5613;0,0538260135832752;entmax;27;16;3;5;3;0,7480167021075144
86;2024-06-06 06:36:39.158730;0,5216461785141635;;512;0,9746961436257517;1,1081703508310796;2631;39710;5613;0,03793797796600135;sparsemax;32;19;3;5;3;0,8721348458038705
87;2024-06-06 06:44:54.397505;0,5237840726884019;;4096;0,9992929475321368;1,1411678908448017;2631;39710;5613;0,07323860616694412;entmax;30;15;3;5;3;0,8222714138054887
88;2024-06-06 06:55:40.084317;0,5250311776233743;;512;0,9370383268194964;1,0652245811967334;2631;39710;5613;0,016958823975744053;entmax;26;20;2;5;3;0,781004025767682
89;2024-06-06 07:07:07.660913;0,5244967040798147;;2048;0,913573280586551;1,1633787654676;2631;39710;5613;0,04384607452612109;entmax;28;18;3;5;3;0,6724989394536859
90;2024-06-06 07:14:33.988228;0,5196864421877784;;512;0,9531779985084898;1,1140553633240518;2631;39710;5613;0,06611366982825122;sparsemax;38;21;2;5;4;0,707270802687705
91;2024-06-06 07:27:51.749843;0,5269909139497595;;512;0,8567375630764187;1,0947344362207447;2631;39710;5613;0,023770177794116318;entmax;24;23;3;5;4;0,7458357858187087
92;2024-06-06 07:47:48.591612;0,5248530197755211;;512;0,9009207648428358;1,0451905853094006;2631;39710;5613;0,030021592216657737;entmax;22;23;3;5;3;0,6594222169906805
93;2024-06-06 07:58:44.260835;0,5264564404061999;;512;0,8340110613149802;1,0271810767100227;2631;39710;5613;0,021216433931338496;entmax;27;22;3;5;8;0,700275355352402
94;2024-06-06 08:30:08.705772;0,5261001247104935;;512;0,8804950557915004;1,0797198546890023;2631;39710;5613;0,0254565022747876;entmax;25;20;3;5;5;0,7661310452035226
95;2024-06-06 08:43:40.072097;0,5227151256012827;;512;0,923568401041726;1,1437125012698623;2631;39710;5613;0,031133048270622264;entmax;23;19;3;5;4;0,7388480328455396
96;2024-06-06 08:55:08.979341;0,5228932834491359;;1024;0,9763822498156192;1,0627705004044903;2631;39710;5613;0,03857967193980214;entmax;28;24;3;5;3;0,6310242628676814
97;2024-06-06 09:03:25.044564;0,5239622305362551;;512;0,8057417640179033;1,0041018206400272;2631;39710;5613;0,015179276340380696;entmax;31;21;3;5;4;0,7977600083596917
98;2024-06-06 09:17:53.108005;0,5205772314270444;;512;0,8653321504520233;1,1248774381930133;2631;39710;5613;0,05469306919369099;entmax;29;18;4;5;5;0,67016205727923
99;2024-06-06 09:29:58.230530;0,5241403883841084;;512;0,9514575067163756;1,0985994596119393;2631;39710;5613;0,020109997387372625;sparsemax;25;17;3;4;6;0,8670677741319202
100;2024-06-06 09:50:15.514023;0,5230714412969891;;1024;0,8312607751642735;1,042430776356822;2631;39710;5613;0,04767651664728585;entmax;26;16;5;5;5;0,8309382020696359
101;2024-06-06 10:13:30.119568;0,5243185462319615;;512;0,9575506418574524;1,1489649688673504;2631;39710;5613;0,034965958722222155;entmax;27;21;3;5;4;0,7620058857568716
102;2024-06-06 10:28:01.952782;0,5253874933190807;;512;0,8998571588133578;1,1684882413794215;2631;39710;5613;0,030529360441769664;entmax;28;22;3;5;4;0,7212659184955136
103;2024-06-06 10:50:29.577213;0,5255656511669339;;512;0,9836101330435855;1,2037818974637744;2631;39710;5613;0,02364111825095243;entmax;24;25;3;5;3;0,7709771433023654
104;2024-06-06 11:05:02.357702;0,51754854801354;;8192;0,9317216100787695;1,1249957731995048;2631;39710;5613;0,04342299157869077;entmax;29;19;3;5;4;0,7013545410352386
105;2024-06-06 11:12:25.620744;0,5223588099055764;;512;0,9606672089217725;1,1832155343537654;2631;39710;5613;0,034956691087165835;entmax;30;20;3;5;4;0,6463049407835714
106;2024-06-06 11:22:59.367421;0,5298414395154106;;512;0,8778660035340636;1,0708189550754892;2631;39710;5613;0,02665070906258757;entmax;21;21;3;5;3;0,7320612940957417
107;2024-06-06 11:37:22.723553;0,5243185462319615;;512;0,8563989577019722;1,0683925567650578;2631;39710;5613;0,017222779820013686;entmax;21;23;3;1;3;0,7375058580291668
108;2024-06-06 11:47:07.624295;0,5298414395154106;;512;0,8803571682044479;1,0887339142858528;2631;39710;5613;0,026176673178266493;sparsemax;22;22;3;5;3;0,6785013899934041
109;2024-06-06 12:01:44.331042;0,5228932834491359;;2048;0,8836059307834948;1,0851781206049784;2631;39710;5613;0,027433902781721635;sparsemax;20;22;3;2;3;0,6880714561332788
110;2024-06-06 12:06:37.879236;0,5252093354712275;;4096;0,9102490083552222;1,110993379961482;2631;39710;5613;0,08661596359542535;sparsemax;23;27;5;5;3;0,800858593140441
111;2024-06-06 12:16:28.925265;0,5253874933190807;;512;0,8462357641000119;1,0543094165143232;2631;39710;5613;0,021886605793826445;sparsemax;22;24;3;5;3;0,6048747148998982
112;2024-06-06 12:30:09.473009;0,5262782825583467;;512;0,8143349754807524;1,0319611389391812;2631;39710;5613;0,025275632209460032;sparsemax;20;21;3;5;3;0,6260411329025648
113;2024-06-06 12:46:25.274323;0,5259219668626403;;512;0,8708070916358184;1,0161804085425545;2631;39710;5613;0,019278009694259773;sparsemax;24;20;3;5;3;0,7175698811564573
114;2024-06-06 12:56:31.129819;0,5275253874933191;;512;0,9350499979990403;1,0904654511160548;2631;39710;5613;0,027910342996507038;entmax;21;18;3;5;3;0,6831730593546569
115;2024-06-06 13:04:29.398865;0,5266345982540531;;512;0,8926318090768275;1,0730373327391054;2631;39710;5613;0,03958835506084637;entmax;25;25;3;5;3;0,732570621137794
116;2024-06-06 13:17:10.603701;0,5237840726884019;;512;0,7980164177304366;1,0480148356842485;2631;39710;5613;0,0318780443741278;entmax;19;26;4;3;5;0,652880143519768
117;2024-06-06 13:32:11.002083;0,5232495991448424;;1024;0,8209254893096206;1,1044833509548087;2631;39710;5613;0,023831172879976256;sparsemax;23;17;3;4;6;0,7883823997312562
118;2024-06-06 13:51:12.986171;0,5243185462319615;;512;0,9178969033300015;1,1279821346892371;2631;39710;5613;0,048022705649185427;entmax;22;19;3;5;3;0,5821259015759159
119;2024-06-06 14:03:52.319742;0,5250311776233743;;512;0,868290657194472;1,0271745713954346;2631;39710;5613;0,05899644802521807;entmax;32;23;3;5;4;0,7049490152548527
120;2024-06-06 14:16:23.590466;0,5248530197755211;;512;0,9998249012853978;1,069048187102195;2631;39710;5613;0,01834849121928367;entmax;36;22;3;5;3;0,8965933299529752
121;2024-06-06 14:31:58.807700;0,5266345982540531;;512;0,9674385791514947;1,1471733842767506;2631;39710;5613;0,03693831411289748;entmax;26;20;3;5;4;0,7644559461744331
122;2024-06-06 14:46:50.372894;0,5252093354712275;;512;0,9428727664360614;1,157257937782545;2631;39710;5613;0,029883926437531915;entmax;24;21;3;5;4;0,7528622281605126
123;2024-06-06 15:02:43.338113;0,5261001247104935;;512;0,8424813476459851;1,0945009890606672;2631;39710;5613;0,0220453722883902;entmax;27;24;3;5;5;0,8284218104559113
124;2024-06-06 15:22:45.103050;0,5269909139497595;;512;0,9073617896621267;1,1396468002398912;2631;39710;5613;0,03355777896152823;entmax;26;29;3;5;4;0,6701072690927438
125;2024-06-06 15:37:04.732602;0,5244967040798147;;512;0,9841455777011446;1,1202714571538113;2631;39710;5613;0,041889381359139714;entmax;34;21;3;5;3;0,727809884154574
126;2024-06-06 15:47:17.616610;0,5180830215570996;;8192;0,8848818535237631;1,220947881905357;2631;39710;5613;0,01473521320959238;entmax;29;22;3;5;5;0,6417645742182887
127;2024-06-06 16:00:36.662716;0,5214680206663104;;512;0,9281157479160611;1,0010664918352408;2631;39710;5613;0,026436191419124774;sparsemax;22;18;3;5;5;0,7840109300371273
128;2024-06-06 16:19:09.946639;0,5284161767325851;;512;0,8551126684960335;1,0568879798176354;2631;39710;5613;0,06505444724363997;entmax;31;19;3;5;4;0,851485597622397
129;2024-06-06 16:34:26.524897;0,5234277569926955;;1024;0,7771503652081833;1,0383620518194314;2631;39710;5613;0,06524248867619309;entmax;37;19;3;5;8;0,8126413899122186
130;2024-06-06 16:45:55.363807;0,5257438090147871;;512;0,8535231738627864;1,0580755563438706;2631;39710;5613;0,08465852291815339;entmax;31;31;4;5;3;0,6017553308476957
131;2024-06-06 16:54:07.106730;0,5262782825583467;;512;0,8341591259317265;1,077142777041456;2631;39710;5613;0,054209118810009185;entmax;28;19;3;5;4;0,7588299653759173
132;2024-06-06 17:06:48.791972;0,5273472296454659;;512;0,8922468948315581;1,1103382449755008;2631;39710;5613;0,04634559569773642;entmax;33;20;3;5;4;0,8643324380421133
133;2024-06-06 17:28:55.531061;0,5246748619276679;;512;0,9543262536498133;1,0889612801400448;2631;39710;5613;0,036843563526911455;entmax;31;17;3;5;4;0,8408341292165588
134;2024-06-06 17:41:31.156595;0,5250311776233743;;512;0,872443088055494;1,019000555183611;2631;39710;5613;0,02983651137259591;entmax;30;18;3;5;7;0,7157856730052525
135;2024-06-06 17:58:30.794763;0,5244967040798147;;512;0,9768762882496808;1,1801719428877075;2631;39710;5613;0,020063868395009402;entmax;25;27;3;5;4;0,6902203772357083
136;2024-06-06 18:12:15.123231;0,5282380188847319;;512;0,7928386876566403;1,0515110672703947;2631;39710;5613;0,06827942354156079;entmax;27;23;3;5;3;0,8050935381136056
137;2024-06-06 18:24:14.128845;0,5241403883841084;;512;0,8060982265020185;1,054018178312795;2631;39710;5613;0,07232094934840212;entmax;27;23;3;5;3;0,805769818089454
138;2024-06-06 18:32:28.685482;0,5241403883841084;;2048;0,7873444538700888;1,0334299559522795;2631;39710;5613;0,10706299149399971;sparsemax;23;23;3;5;9;0,8459747011105202
139;2024-06-06 18:59:24.008622;0,5243185462319615;;512;0,8280464103697931;1,0666848718747024;2631;39710;5613;0,11250850065917067;entmax;25;28;3;5;3;0,7822631275236195
140;2024-06-06 19:07:34.908203;0,5187956529485124;;4096;0,8505686372968159;1,0496124417163062;2631;39710;5613;0,059959541411205824;entmax;26;25;3;5;3;0,7412011821409137
141;2024-06-06 19:15:01.597562;0,5266345982540531;;512;0,7622546824847153;1,1000756894266857;2631;39710;5613;0,07549297321581226;entmax;28;21;3;5;3;0,7644688870968153
142;2024-06-06 19:26:32.861966;0,5243185462319615;;512;0,867432740185602;1,160126554163407;2631;39710;5613;0,08806052934830291;entmax;24;21;3;5;4;0,8253745060156712
143;2024-06-06 19:35:53.767308;0,5264564404061999;;512;0,9093919259488311;1,0797291694406312;2631;39710;5613;0,0503884128137061;entmax;27;20;3;5;3;0,7034122513850604
144;2024-06-06 19:44:07.657314;0,5269909139497595;;512;0,8200276928934479;1,1266493445817165;2631;39710;5613;0,041317119312030776;entmax;29;22;3;5;4;0,6656783259236825
145;2024-06-06 20:04:38.108950;0,5243185462319615;;512;0,934791448770081;1,0150385864194125;2631;39710;5613;0,024730852965147893;entmax;34;23;3;5;5;0,5247152015950372
146;2024-06-06 20:22:38.055549;0,5261001247104935;;512;0,8885450936860222;1,0406089584662674;2631;39710;5613;0,06651409536987805;entmax;21;24;3;5;3;0,6220648016971142
147;2024-06-06 20:37:19.187662;0,5237840726884019;;1024;0,8413022691372611;1,2362744220419608;2631;39710;5613;0,03374175605837234;entmax;32;16;3;5;6;0,7970356838178213
148;2024-06-06 20:50:46.201272;0,5236059148405487;;512;0,9650448198489597;1,1382867554674858;2631;39710;5613;0,12633419799311713;sparsemax;23;19;5;2;4;0,8787660934026713
149;2024-06-06 20:59:03.547656;0,5248530197755211;;512;0,9185964563170883;1,1099451610007678;2631;39710;5613;0,01728024915980643;entmax;25;26;3;5;3;0,7341519778289718
150;2024-06-06 21:13:34.030742;0,5262782825583467;;512;0,9995496887694112;1,1983007116721403;2631;39710;5613;0,021800975453363725;entmax;30;22;3;5;5;0,7548891044828028
151;2024-06-06 21:32:29.185058;0,5278817031890255;;512;0,9386124489932715;1,086475594895816;2631;39710;5613;0,027980025279368388;entmax;21;18;3;5;3;0,682557485925357
152;2024-06-06 21:41:35.274168;0,5207553892748975;;512;0,9524985308473983;1,0844432565736686;2631;39710;5613;0,028182054425839053;entmax;26;17;3;5;3;0,6774534955829141
153;2024-06-06 21:56:04.507908;0,5230714412969891;;512;0,8666455790319414;1,0651841735359922;2631;39710;5613;0,03163857861552666;entmax;20;18;3;5;3;0,6571375552215438
154;2024-06-06 22:04:55.541256;0,5225369677534295;;512;0,8974338999955899;1,100151308396002;2631;39710;5613;0,03634138743975766;entmax;22;20;3;5;3;0,7206693423453078
155;2024-06-06 22:14:13.232437;0,5236059148405487;;512;0,97764344597283;1,1182998565341258;2631;39710;5613;0,025347370557376608;entmax;29;33;3;5;4;0,6941901293100811
156;2024-06-06 22:24:00.691191;0,5203990735791911;;8192;0,9458787620885764;1,0286341364361897;2631;39710;5613;0,04312121492058367;entmax;35;21;3;5;3;0,5733899288228927
157;2024-06-06 22:35:34.814911;0,5278817031890255;;512;0,802399869484344;1,1692327069372739;2631;39710;5613;0,09384724316515528;entmax;27;18;3;5;3;0,46898296101860537
158;2024-06-06 22:46:43.689099;0,5232495991448424;;512;0,746592571815605;1,1635161568768995;2631;39710;5613;0,10158157693357822;sparsemax;24;18;3;5;3;0,4815544023728815
159;2024-06-06 22:53:43.542890;0,5266345982540531;;512;0,8025000951517697;1,056496881871091;2631;39710;5613;0,09403208667474551;entmax;21;17;3;5;3;0,41271334638876694
160;2024-06-06 23:05:50.414280;0,5264564404061999;;1024;0,8294218968394045;1,408105408718105;2631;39710;5613;0,07704058565678641;entmax;18;16;3;4;3;0,6124860234305511
161;2024-06-06 23:14:07.535447;0,5261001247104935;;512;0,8526580257755239;1,141032552995849;2631;39710;5613;0,022338327671742434;entmax;28;19;3;5;3;0,46657598739871664
162;2024-06-06 23:27:17.474527;0,5227151256012827;;512;0,8757537066117004;1,186704482403591;2631;39710;5613;0,027579514545128952;entmax;27;20;3;5;3;0,7758894500636921
163;2024-06-06 23:41:56.137537;0,5261001247104935;;512;0,5422184159093505;1,0900481547164174;2631;39710;5613;0,056717191404802206;entmax;23;19;3;5;4;0,7398877816105971
164;2024-06-06 23:50:20.721611;0,5266345982540531;;512;0,7313744141992534;1,0742153434251656;2631;39710;5613;0,03241493847931033;entmax;26;18;3;5;3;0,7109960872976264
165;2024-06-06 23:59:39.331583;0,5257438090147871;;512;0,789210325515223;1,1709980178862858;2631;39710;5613;0,04983993348749114;entmax;19;15;3;5;4;0,5574023208273892
166;2024-06-07 00:13:47.310198;0,5268127561019063;;512;0,9227363585721057;1,151311957760061;2631;39710;5613;0,03899879341645926;entmax;25;29;3;5;3;0,638943362730699
167;2024-06-07 00:28:21.623829;0,5228932834491359;;512;0,8157385795089558;1,1083941253739245;2631;39710;5613;0,019052456314178907;entmax;31;53;3;5;5;0,7997900182025431
168;2024-06-07 00:51:06.314183;0,5239622305362551;;2048;0,7730653809258052;1,1249722120923145;2631;39710;5613;0,02430420145889118;sparsemax;29;24;3;5;4;0,6798505291249691
169;2024-06-07 01:04:19.143449;0,5241403883841084;;4096;0,9832804759678268;1,039345225966831;2631;39710;5613;0,14631199644416704;entmax;10;21;5;5;10;0,7555690878676858
170;2024-06-07 01:29:13.571041;0,5198646000356316;;512;0,903399438800584;1,213925250959794;2631;39710;5613;0,08115510946577491;entmax;28;20;3;5;6;0,8482716272817775
171;2024-06-07 01:50:06.883928;0,5278817031890255;;512;0,9366397690043101;1,0889595484970045;2631;39710;5613;0,029272289881532403;entmax;21;18;3;5;3;0,6866807840882031
172;2024-06-07 02:03:03.218448;0,5261001247104935;;512;0,9634469351048663;1,0833987616755811;2631;39710;5613;0,03112241078654909;entmax;23;17;3;5;3;0,7226879722995971
173;2024-06-07 02:13:15.260889;0,5230714412969891;;512;0,9286278341212337;1,0632762198494403;2631;39710;5613;0,027176743660334943;entmax;21;19;3;5;3;0,7004021869556878
174;2024-06-07 02:24:04.813770;0,5257438090147871;;512;0,8563245691338885;1,098747130458477;2631;39710;5613;0,035718269104044395;entmax;27;18;3;5;3;0,6526386421505709
175;2024-06-07 02:30:31.925070;0,5252093354712275;;512;0,8917340902588746;1,048018445912303;2631;39710;5613;0,020830424651245273;entmax;22;22;3;5;3;0,6760203216241264
176;2024-06-07 02:46:34.675691;0,5248530197755211;;512;0,9511824073070386;1,1321737802413774;2631;39710;5613;0,0671633328045908;entmax;24;19;3;5;3;0,8150030114442725
177;2024-06-07 02:56:10.354082;0,5241403883841084;;512;0,8366944821969732;1,312701079923603;2631;39710;5613;0,028294092378561373;entmax;21;31;3;5;3;0,5407523024702701
178;2024-06-07 03:04:16.691927;0,5266345982540531;;512;0,8725158322443617;1,015367104477406;2631;39710;5613;0,04264808690942329;entmax;40;21;3;5;4;0,7775925617275762
179;2024-06-07 03:19:27.756751;0,5236059148405487;;512;0,9377432174681053;1,151870284215644;2631;39710;5613;0,023447891126082063;sparsemax;20;20;3;5;7;0,7498174482435559
180;2024-06-07 03:35:56.655866;0,5275253874933191;;1024;0,9129751120278076;1,0768532408227538;2631;39710;5613;0,015301777309504553;entmax;32;18;3;5;4;0,7065328235431725
181;2024-06-07 03:55:23.239092;0,5269909139497595;;512;0,9654679412668901;1,092702636356102;2631;39710;5613;0,029716434366176422;entmax;22;8;3;5;3;0,6715925803863424
182;2024-06-07 04:04:16.877877;0,5252093354712275;;512;0,9361899889444334;1,1135128581909457;2631;39710;5613;0,02690632966127371;entmax;21;18;3;5;3;0,6807142470272891
183;2024-06-07 04:17:11.255748;0,5243185462319615;;512;0,988895192940494;1,0683076841087669;2631;39710;5613;0,03288709099370621;entmax;19;17;3;5;3;0,7230817961925259
184;2024-06-07 04:27:08.047652;0,5237840726884019;;512;0,8863186247676996;1,087807605057637;2631;39710;5613;0,037053724730612546;entmax;20;19;3;5;3;0,635972778391939
185;2024-06-07 04:40:25.800685;0,5262782825583467;;512;0,6901455248812691;1,519112868852221;2631;39710;5613;0,01766781066215452;entmax;24;22;3;3;3;0,5770711490937481
186;2024-06-07 04:50:33.111519;0,5246748619276679;;512;0,8572537990485727;1,0485124569852915;2631;39710;5613;0,02438081410576102;entmax;27;16;3;5;5;0,6969587694121432
187;2024-06-07 05:19:39.991499;0,5234277569926955;;512;0,9446248320061869;1,1282620245654176;2631;39710;5613;0,1195067648351626;entmax;22;17;3;5;3;0,6547445799660021
188;2024-06-07 05:29:45.948554;0,5273472296454659;;512;0,9084188557133379;1,1745562428045841;2631;39710;5613;0,02956581207741033;entmax;30;25;3;5;3;0,5925522071625547
189;2024-06-07 05:43:29.529964;0,5218243363620167;;8192;0,8218844736103584;1,102929374684803;2631;39710;5613;0,02084767624900651;entmax;17;21;3;5;4;0,7353721469205875
190;2024-06-07 05:52:20.854383;0,5218243363620167;;512;0,9780869719984876;1,0257297400778367;2631;39710;5613;0,04704011979594183;sparsemax;25;18;4;5;5;0,44908167360055773
191;2024-06-07 06:10:01.236844;0,5269909139497595;;1024;0,9141481542065982;1,078002955860037;2631;39710;5613;0,016749238269993905;entmax;33;18;3;5;4;0,6987434811632062
192;2024-06-07 06:31:53.407800;0,5246748619276679;;1024;0,6627866322641671;1,0657184230481123;2631;39710;5613;0,012605633992006045;entmax;36;19;3;5;4;0,7150856263353926
193;2024-06-07 06:44:27.255281;0,5214680206663104;;1024;0,932384280474452;1,05705114045085;2631;39710;5613;0,01613241244377021;entmax;32;23;3;5;4;0,7708127206324477
194;2024-06-07 06:57:16.839949;0,5248530197755211;;1024;0,9593393516558717;1,0004143656929112;2631;39710;5613;0,010244790860967535;entmax;29;20;3;5;4;0,6877547762237082
195;2024-06-07 07:11:58.304861;0,5250311776233743;;1024;0,8798712666842389;1,0849430070580297;2631;39710;5613;0,014692381681824502;entmax;34;18;3;5;3;0,754879834186108
196;2024-06-07 07:21:18.105160;0,5257438090147871;;512;0,8345724900433057;1,142443339800477;2631;39710;5613;0,025815666993501993;entmax;26;28;3;5;4;0,7115228007719999
197;2024-06-07 07:35:47.342379;0,5268127561019063;;512;0,9052652829397896;1,2590318904036895;2631;39710;5613;0,09033419889134857;entmax;28;19;3;5;3;0,6234804609647506
198;2024-06-07 07:45:22.529393;0,5255656511669339;;512;0,8498589543476032;1,1166109531776187;2631;39710;5613;0,01916451532899097;entmax;61;17;3;5;3;0,48718810233281623
199;2024-06-07 08:02:49.546387;0,5253874933190807;;1024;0,999527308902562;1,0421961275884042;2631;39710;5613;0,03280767942357685;entmax;30;20;3;5;4;0,7917307604589667
200;2024-06-07 08:17:03.838020;0,5269909139497595;;512;0,9212721237463843;1,0969785642607346;2631;39710;5613;0,021901414502594224;entmax;32;16;3;5;3;0,4948185444873126
201;2024-06-07 08:31:18.314236;0,5236059148405487;;512;0,889224995016175;1,1061831868510483;2631;39710;5613;0,05397451662114745;entmax;33;20;3;5;4;0,863294009357092
202;2024-06-07 08:47:32.614718;0,5257438090147871;;512;0,8650246630788101;1,0726689819911668;2631;39710;5613;0,03930265196675708;entmax;23;35;3;5;4;0,5242473627199415
203;2024-06-07 09:01:07.518196;0,5243185462319615;;512;0,8965210687856638;1,1221475487233517;2631;39710;5613;0,044360452405245;entmax;34;22;3;5;4;0,8253413272390085
204;2024-06-07 09:12:11.915260;0,5239622305362551;;512;0,8040918299944515;1,1575995170364477;2631;39710;5613;0,034793010753068725;entmax;31;18;3;5;5;0,8919538006311261
205;2024-06-07 09:33:34.095928;0,5264564404061999;;512;0,8769756674355836;1,1948428792843502;2631;39710;5613;0,06599724446350835;entmax;28;21;3;5;4;0,5046327961090722
206;2024-06-07 10:05:28.019555;0,5232495991448424;;512;0,9445036296116237;1,0772058408769987;2631;39710;5613;0,029127795287209535;entmax;35;20;3;5;4;0,6654570523722941
207;2024-06-07 10:19:33.683809;0,5200427578834848;;4096;0,6278083088888428;1,1080948346356965;2631;39710;5613;0,025503377760144927;sparsemax;20;19;3;5;3;0,8565395525965196
208;2024-06-07 10:26:02.939995;0,5250311776233743;;2048;0,8490282231942706;1,1395517326057918;2631;39710;5613;0,04696312821827883;entmax;25;9;3;5;6;0,7356242526931999
209;2024-06-07 10:42:18.901649;0,5271690717976126;;512;0,97504189905956;1,0554835824100177;2631;39710;5613;0,05961644184407681;entmax;14;24;5;5;3;0,8111753150502325
210;2024-06-07 10:58:44.593215;0,5261001247104935;;512;0,9209049377607009;1,0888303816473814;2631;39710;5613;0,03919379047308437;entmax;26;23;3;5;4;0,6875292282054632
211;2024-06-07 11:09:16.192133;0,5236059148405487;;512;0,9031015060109187;1,1605921120694072;2631;39710;5613;0,029522394002792055;entmax;30;25;3;5;3;0,6112643235224611
212;2024-06-07 11:21:57.075098;0,5232495991448424;;512;0,8974465344916979;1,1720231264380079;2631;39710;5613;0,031228267828787338;entmax;30;26;3;5;3;0,6518803456119681
213;2024-06-07 11:34:30.753445;0,5259219668626403;;512;0,7243851547451371;1,131325914692819;2631;39710;5613;0,026510828896157593;entmax;31;27;3;5;3;0,6285807975608931
214;2024-06-07 11:48:39.033140;0,5262782825583467;;512;0,41382472196141284;1,0366051510382215;2631;39710;5613;0,035894875765234875;entmax;33;18;3;5;3;0,5660112251408673
215;2024-06-07 11:59:46.725963;0,5294851238197043;;512;0,7045632453424676;1,174292899167038;2631;39710;5613;0,023122629452294565;entmax;28;30;3;5;3;0,7711694214212665
216;2024-06-07 12:18:54.357626;0,5269909139497595;;512;0,7626966053563835;1,1935246996378421;2631;39710;5613;0,01894460811206966;entmax;27;31;3;5;3;0,7682426364538577
217;2024-06-07 12:28:34.642946;0,5271690717976126;;512;0,8209813001683226;1,1097524521394864;2631;39710;5613;0,023125070980203784;entmax;29;30;3;5;4;0,7950165682811744
218;2024-06-07 12:49:43.755898;0,5234277569926955;;512;0,7866496830331277;1,0927748310779486;2631;39710;5613;0,01404075857219218;entmax;21;33;3;5;3;0,4360598999797037
219;2024-06-07 12:59:06.972353;0,5252093354712275;;512;0,7002269641771589;1,1419399559255177;2631;39710;5613;0,022541921748933644;sparsemax;28;29;3;5;5;0,7414503449281722
220;2024-06-07 13:25:31.575134;0,5261001247104935;;512;0,8400297974943962;1,2092877241570101;2631;39710;5613;0,07173068687547116;entmax;22;17;3;5;3;0,37635786494773577
221;2024-06-07 13:35:58.461118;0,5284161767325851;;512;0,862951974993926;1,1746111883013692;2631;39710;5613;0,028602776562588823;entmax;32;12;3;5;3;0,5823525888520787
222;2024-06-07 13:50:23.169576;0,5252093354712275;;512;0,8635067164147632;1,183671336321252;2631;39710;5613;0,02865043558881026;entmax;32;16;3;5;3;0,5333703238575412
223;2024-06-07 13:57:36.085680;0,5243185462319615;;512;0,8646876499313702;1,1623665962202943;2631;39710;5613;0,09977766055192196;entmax;32;11;3;5;3;0,5119175607555562
224;2024-06-07 14:04:40.000332;0,5255656511669339;;512;0,8021189954536337;1,0693267711700147;2631;39710;5613;0,026065609907428802;entmax;27;13;3;5;3;0,5471465791863688
225;2024-06-07 14:14:00.647329;0,5289506502761446;;1024;0,8819443339695727;1,1507603509224882;2631;39710;5613;0,033376590746458976;entmax;36;14;3;5;3;0,5924425829878893
226;2024-06-07 14:25:16.567463;0,5253874933190807;;1024;0,713986034634078;1,1721695307521225;2631;39710;5613;0,033850164580651876;entmax;37;12;3;5;3;0,5523891359544436
227;2024-06-07 14:37:18.426154;0,5209335471227508;;1024;0,8406476217978435;1,153858793349787;2631;39710;5613;0,021044515257061906;entmax;38;14;3;5;3;0,5899437194187872
228;2024-06-07 14:44:11.599638;0,5271690717976126;;1024;0,8753575538221658;1,1495044123816662;2631;39710;5613;0,08275895826246767;entmax;24;39;3;5;3;0,6045825838131411
229;2024-06-07 14:54:45.877042;0,5241403883841084;;1024;0,818717875615885;1,225358006442438;2631;39710;5613;0,024086563477204562;entmax;21;17;3;5;3;0,46715230576097916
230;2024-06-07 15:06:57.290973;0,5261001247104935;;1024;0,7514200949961075;1,1868337030016647;2631;39710;5613;0,03131841941097781;entmax;29;13;3;5;3;0,5645353789839148
231;2024-06-07 15:17:51.559437;0,5250311776233743;;512;0,8823731173166528;1,1197027279306493;2631;39710;5613;0,0405737748900487;entmax;35;15;3;5;3;0,7036060264857238
232;2024-06-07 15:25:53.792157;0,5266345982540531;;512;0,8536302517112127;1,1380143733190418;2631;39710;5613;0,027823200125142424;entmax;34;22;3;5;4;0,8356400037313093
233;2024-06-07 15:44:05.002871;0,5243185462319615;;512;0,8862336634281089;1,0827758090656292;2631;39710;5613;0,034776188970248194;entmax;36;12;3;5;3;0,6425141734635942
234;2024-06-07 15:54:01.893080;0,5236059148405487;;512;0,6731423926382322;1,3437123583121373;2631;39710;5613;0,0035356483401105584;entmax;8;21;3;5;3;0,7777735717880288
235;2024-06-07 16:12:15.666535;0,52200249420987;;8192;0,9608141211916126;1,0601049780892984;2631;39710;5613;0,05171269697827204;entmax;26;15;3;5;4;0,6758238195145473
236;2024-06-07 16:21:45.391476;0,5237840726884019;;512;0,923143420702595;1,1001143014741903;2631;39710;5613;0,03763604321566941;sparsemax;33;19;3;5;3;0,7281111217189697
237;2024-06-07 16:32:59.835542;0,5236059148405487;;512;0,9410742403743794;1,872446790096795;2631;39710;5613;0,1972178068773929;entmax;31;11;3;5;5;0,7609134901012854
238;2024-06-07 16:43:57.614331;0,5225369677534295;;1024;0,605495971411631;1,0192017632707766;2631;39710;5613;0,03152360688685514;entmax;28;14;3;2;3;0,7145070992476891
239;2024-06-07 16:50:57.987631;0,45822198467842506;;512;0,858085195679353;1,119676240649625;2631;39710;5613;0,5951758580304388;entmax;22;20;3;5;6;0,5838735838380185
240;2024-06-07 17:06:00.095838;0,5271690717976126;;512;0,8358145812504871;1,1716996358316893;2631;39710;5613;0,024411574558974667;entmax;23;18;3;5;4;0,22120604336392216
241;2024-06-07 17:17:31.585515;0,5252093354712275;;512;0,9076453914764376;1,1856358263523998;2631;39710;5613;0,028601031187915762;entmax;30;24;3;5;3;0,5783201472631786
242;2024-06-07 17:29:09.956667;0,5264564404061999;;512;0,9058639462717013;1,16531955642308;2631;39710;5613;0,029805223809449097;entmax;27;23;3;5;3;0,6252094898664445
243;2024-06-07 17:42:19.213313;0,5244967040798147;;512;0,4799376594919701;1,2127593479296697;2631;39710;5613;0,04424706092118248;entmax;30;22;3;5;3;0,6022555823832341
244;2024-06-07 17:53:14.523692;0,5243185462319615;;512;0,8898986061954225;1,148788400506954;2631;39710;5613;0,021772713209254117;entmax;28;28;3;5;3;0,599193495253962
245;2024-06-07 18:03:27.509939;0,5255656511669339;;512;0,8664861867808726;1,1778787196446994;2631;39710;5613;0,032963603291153845;entmax;29;19;3;5;3;0,6637000347197287
246;2024-06-07 18:13:04.682807;0,5259219668626403;;512;0,927577615027509;1,1327497754420577;2631;39710;5613;0,02603315410608957;entmax;31;21;3;5;3;0,5374998797345882
247;2024-06-07 18:24:12.861788;0,5273472296454659;;512;0,9541779193780837;1,0446436816309352;2631;39710;5613;0,01919660470722715;entmax;33;26;3;5;4;0,6887625650991944
248;2024-06-07 18:45:40.936574;0,5275253874933191;;512;0,8827894842972938;1,0802233361253417;2631;39710;5613;0,06229469562406674;entmax;25;29;3;5;3;0,7447315025285857
249;2024-06-07 19:00:59.897203;0,5196864421877784;;2048;0,8752327281913905;1,0772507081832834;2631;39710;5613;0,057931248373429396;sparsemax;25;30;3;5;3;0,7417348262049099
250;2024-06-07 19:10:55.724413;0,5246748619276679;;512;0,7797324364231619;1,0609781753007073;2631;39710;5613;0,06711339803355677;entmax;26;28;3;3;4;0,7908687360469321
251;2024-06-07 19:21:48.295595;0,5259219668626403;;512;0,8462778838033949;1,0835487312346272;2631;39710;5613;0,07286288268357749;entmax;25;42;3;5;5;0,7535940317241445
252;2024-06-07 19:35:52.570422;0,5239622305362551;;1024;0,8282948159869857;1,1017648724325968;2631;39710;5613;0,08122064782381083;entmax;23;32;3;5;3;0,7146108841872245
253;2024-06-07 19:44:58.871488;0,529306965971851;;512;0,28074214017749255;1,0259582412605506;2631;39710;5613;0,09043115955945123;entmax;24;30;3;5;3;0,8692886477537654
254;2024-06-07 19:53:26.594908;0,5243185462319615;;512;0,3660108198481479;1,0089210251500789;2631;39710;5613;0,11238411028048384;entmax;25;30;3;4;3;0,8246600236388887
255;2024-06-07 20:01:39.178696;0,5214680206663104;;512;0,37635621466267677;1,0335305120915625;2631;39710;5613;0,09350219921032614;entmax;24;32;3;5;3;0,7731402316378535
256;2024-06-07 20:10:16.650595;0,5257438090147871;;4096;0,2690256702187033;1,0294002382560838;2631;39710;5613;0,0947879984646296;entmax;26;29;3;5;3;0,7314740301020348
257;2024-06-07 20:19:14.415259;0,5225369677534295;;512;0,1936391969597498;1,056805980868418;2631;39710;5613;0,10627705850545101;sparsemax;24;18;5;5;3;0,6945876307751035
258;2024-06-07 20:34:10.037716;0,5271690717976126;;512;0,33774512731814094;1,021710025945531;2631;39710;5613;0,07357978692275802;entmax;27;27;3;5;3;0,8992302643987227
259;2024-06-07 20:46:59.197453;0,5227151256012827;;512;0,3942773995082799;1,048204484514466;2631;39710;5613;0,13267774548649344;entmax;22;31;3;5;3;0,6480017794953686
260;2024-06-07 21:03:52.590559;0,5244967040798147;;1024;0,5970880645328602;1,0632740779943364;2631;39710;5613;0,08469504373170858;entmax;20;34;3;5;3;0,5046156358815596
