version;datetime;validation;test;batch_size;gamma_pi;gamma_scheduler;gamma_tabnet;lamda;len_test;len_train;len_val;lr;mask_type;n_a;n_d;n_independent;n_shared;n_steps;pretraining_ratio
0;2024-06-07 21:17:46.405410;0,521670915865856;;4096;0,47303422486350977;0,7418553118133454;1,0156428138817142;0,09925444117242853;2195;17369;5099;0,0075656711617249905;sparsemax;15;26;3;1;9;0,6004779196580727
1;2024-06-07 21:33:02.959638;0,5030398117277898;;2048;0,8181327158728517;0,9955919990726797;1,982968485053748;0,04238708667967001;2195;17369;5099;0,008641549696302632;entmax;31;48;3;5;8;0,2551518258401369
2;2024-06-07 21:52:11.612131;0,5122573053539909;;4096;0,6126509746941255;0,9938941944039928;1,6260496113426437;0,027485598755932296;2195;17369;5099;0,16939190900829318;sparsemax;40;8;4;4;5;0,3290301014965307
3;2024-06-07 22:02:05.945464;0,5248087860364777;;2048;0,06750153636093621;0,12277881535203633;1,5420571840904695;0,09381703770498484;2195;17369;5099;0,26111903822423893;sparsemax;28;49;3;3;10;0,6089429468766725
4;2024-06-07 22:19:35.153944;0,5171602274955873;;8192;0,7210143184219978;0,5258986146516244;1,9674541105825947;0,08366127965813125;2195;17369;5099;0,010315978526151846;entmax;34;35;5;3;6;0,24416414526689517
5;2024-06-07 22:38:47.681559;0,5303000588350657;;512;0,2911627118108337;0,41214024153067985;1,4268847762137695;0,05687297271621745;2195;17369;5099;0,040862048168994;sparsemax;50;12;4;5;5;0,22235651407498255
6;2024-06-07 22:58:04.627688;0,4600902137674054;;2048;0,1785267479209366;0,3646687579090999;1,7941479342886006;0,04524897758884819;2195;17369;5099;0,7845296285189852;entmax;32;9;3;4;3;0,21375971563823423
7;2024-06-07 23:01:40.571971;0,4883310453030006;;4096;0,5445866818603329;0,21920634329587152;1,6688888643711144;0,04798373827293069;2195;17369;5099;0,0066704448906951255;entmax;30;62;1;5;9;0,27109790962193503
8;2024-06-07 23:31:29.590980;0,46636595410864873;;8192;0,9081581638980482;0,41921505664413217;1,9360211428482776;0,05858923470703891;2195;17369;5099;0,006268666929761268;entmax;13;10;1;5;10;0,2166270261356187
9;2024-06-07 23:56:59.129024;0,5291233575210825;;4096;0,41977048997516064;0,8283210078919472;1,4873890444205118;0,05649305992932919;2195;17369;5099;0,06514240172974523;sparsemax;12;20;5;5;9;0,6265163211963386
10;2024-06-08 00:16:27.642988;0,5187291625808982;;512;0,3043629712413613;0,6150022627849251;1,2861515399383003;0,009496897838392047;2195;17369;5099;0,001122755255627187;sparsemax;60;14;4;1;3;0,3628914430434445
11;2024-06-08 00:27:04.401413;0,52441655226515;;512;0,3669802911989988;0,7931766778655571;1,3873581669017496;0,06596222424692813;2195;17369;5099;0,05192147086406015;sparsemax;8;17;5;4;5;0,4730958941189874
12;2024-06-08 00:38:43.338582;0,5277505393214356;;1024;0,3451310697568511;0,6133981386876258;1,3973712280272232;0,06993348339212552;2195;17369;5099;0,05136319513242584;sparsemax;61;19;4;2;7;0,8191320192065188
13;2024-06-08 00:51:50.062906;0,5304961757207296;;512;0,21815915741175695;0,3987097571533451;1,2575728964533683;0,07415770675681083;2195;17369;5099;0,02868834798746159;sparsemax;19;13;5;5;5;0,4366020966481306
14;2024-06-08 01:06:57.113677;0,5261816042361247;;512;0,16753884473765346;0,3361386080300204;1,2387941989328561;0,07401423391566327;2195;17369;5099;0,023175740978020144;sparsemax;24;12;4;4;5;0,4083045134963313
15;2024-06-08 01:23:00.161282;0,5320651108060404;;512;0,21611739047533776;0,46177770612214375;1,2229752816014623;0,07985320998204845;2195;17369;5099;0,021521751829460645;sparsemax;19;13;2;5;4;0,3142564721554372
16;2024-06-08 01:34:42.960501;0,5277505393214356;;512;0,20878488843466836;0,5066135262838529;1,1586347443042875;0,08441458127627596;2195;17369;5099;0,02072010351556027;sparsemax;19;15;2;2;4;0,31103858073185825
17;2024-06-08 01:45:58.383493;0,5283388899784272;;1024;0,05276692396731719;0,2924906375346633;1,138201262552023;0,07969944206987409;2195;17369;5099;0,12470888653648929;sparsemax;20;11;2;4;4;0,42805765512722627
18;2024-06-08 01:55:03.297112;0,5263777211217886;;512;0,4642521957310253;0,22798544630173861;1,3004529706987986;0,08906171567222024;2195;17369;5099;0,019238659262060503;sparsemax;17;14;2;3;6;0,296162452546337
19;2024-06-08 02:10:07.924207;0,5275544224357718;;512;0,2533488878005755;0,4699546738529371;1,1606621939231512;0,0744921538247005;2195;17369;5099;0,0026799801153192565;sparsemax;23;8;2;5;4;0,3770259003455734
20;2024-06-08 02:23:57.509970;0,5306922926063934;;512;0,1630313627713269;0,4378322057982054;1,0277072511030414;0,09185718418826044;2195;17369;5099;0,014619976222732107;sparsemax;22;27;1;3;7;0,3448712105954295
21;2024-06-08 02:45:40.603826;0,5293194744067464;;512;0,14702661186080887;0,4457693294911687;1,0108589465350724;0,09332529987865355;2195;17369;5099;0,014997368126853927;sparsemax;23;24;1;2;7;0,3234620963698147
22;2024-06-08 03:01:40.847603;0,5289272406354187;;512;0,24503160221376075;0,37307220255587525;1,1239956399816378;0,08313336573498221;2195;17369;5099;0,029268191649748837;sparsemax;17;26;1;3;6;0,4561718765058415
23;2024-06-08 03:13:46.128180;0,5277505393214356;;512;0,10672450707129302;0,5746057794890596;1,080723241799746;0,09998212281858825;2195;17369;5099;0,017725910166549314;sparsemax;26;17;2;4;7;0,35012100461338036
24;2024-06-08 03:31:44.077026;0,528535006864091;;8192;0,21397954498984803;0,48050736180961934;1,2345064015713287;0,07655338603044906;2195;17369;5099;0,03888122952437101;sparsemax;22;21;1;2;4;0,2985784547183431
25;2024-06-08 03:40:37.796341;0,5275544224357718;;1024;0,1182131294478893;0,5553650846455968;1,0651919561709184;0,06705374842875611;2195;17369;5099;0,004068582271091015;sparsemax;20;10;2;3;8;0,3848260771867512
26;2024-06-08 04:00:09.916738;0,5320651108060404;;512;0,35849912314542887;0,32005718364507085;1,2075125446912942;0,09106943488554921;2195;17369;5099;0,012915309069627142;entmax;15;13;1;4;3;0,2741449815708391
27;2024-06-08 04:09:10.295127;0,5318689939203766;;512;0,3521877694234887;0,3071827248020639;1,0716505048780804;0,09025353153266204;2195;17369;5099;0,011555113826188606;entmax;14;16;1;4;3;0,2720122363722172
28;2024-06-08 04:19:11.008058;0,5326534614630319;;512;0,3720930054797724;0,30334817515386153;1,2007692166350081;0,08797417516152838;2195;17369;5099;0,011535976138010828;entmax;12;16;1;4;3;0,28410003919678684
29;2024-06-08 04:28:54.297782;0,5304961757207296;;512;0,4192933858336085;0,2814943096322635;1,1906618997954534;0,0980610418639919;2195;17369;5099;0,004648773448350268;entmax;11;13;2;4;3;0,2397094596564002
30;2024-06-08 04:38:26.404678;0,5279466562070995;;2048;0,5238822715151051;0,13035626750736165;1,3214315028850199;0,08413199306460492;2195;17369;5099;0,010205449374391988;entmax;15;16;1;4;3;0,28196624037592266
31;2024-06-08 04:43:32.832529;0,525789370464797;;512;0,3399738772573922;0,32146813539652824;1,0985193283115022;0,08853911275510679;2195;17369;5099;0,011273333603638335;entmax;14;17;1;4;3;0,2585164033907192
32;2024-06-08 04:53:01.966486;0,5291233575210825;;512;0,38372172132154475;0,23067358247360897;1,1917001364037636;0,0964451149263745;2195;17369;5099;0,01219812008464927;entmax;10;15;1;5;4;0,28163125090208097
33;2024-06-08 05:06:14.347979;0,5308884094920573;;512;0,27016303498109306;0,36287546938231985;1,049980683444167;0,08936299526500718;2195;17369;5099;0,00779542334817661;entmax;16;11;2;4;3;0,2607262882329997
34;2024-06-08 05:15:34.596570;0,528535006864091;;4096;0,31255646034617685;0,2810491632116278;1,1002144354008587;0,07990124915383086;2195;17369;5099;0,024006913931238064;entmax;13;19;1;4;4;0,2017741459359706
35;2024-06-08 05:22:40.084760;0,5283388899784272;;8192;0,3938299845163803;0,18561100876913814;1,2112330323403526;0,09518254438080548;2195;17369;5099;0,00846805638204147;entmax;15;14;1;5;3;0,24112599411939564
36;2024-06-08 05:32:40.034039;0,5275544224357718;;2048;0,45086776881251667;0,3208460015877296;1,1251041498044096;0,08705752885468415;2195;17369;5099;0,016972235700405718;entmax;11;18;2;3;4;0,32872188322671436
37;2024-06-08 05:41:54.345111;0,5314767601490489;;512;0,304692819851665;0,3952662808954722;1,005150140604263;0,0937095025990891;2195;17369;5099;0,013350816271756431;entmax;17;16;3;4;3;0,2960822742070928
38;2024-06-08 05:52:37.923155;0,5295155912924103;;1024;0,4883808580593553;0,27461098340492435;1,169589369704506;0,0896952866027976;2195;17369;5099;0,034546744300361955;entmax;14;21;1;5;3;0,23505614423589805
39;2024-06-08 05:58:48.087287;0,5289272406354187;;512;0,5894192330435539;0,17328963622817067;1,3398113829647837;0,0996196161751386;2195;17369;5099;0,00569715921479509;entmax;9;12;3;5;5;0,2671552272507119
40;2024-06-08 06:14:57.816347;0,5267699548931163;;4096;0,3557459523326507;0,10118441863954283;1,2657639349320438;0,0782146707850927;2195;17369;5099;0,011745096600520298;entmax;12;9;2;3;4;0,2562695074992745
41;2024-06-08 06:24:36.566299;0,5338301627770151;;512;0,2911285699146529;0,3913246297979335;1,0031307701554157;0,09407795582515598;2195;17369;5099;0,0094023807711762;entmax;17;16;3;4;3;0,295559373005277
42;2024-06-08 06:36:40.378390;0,529907825063738;;512;0,26145868977575143;0,37095840171739436;1,047135999130018;0,08415043575955847;2195;17369;5099;0,008185763176526988;entmax;18;15;3;4;3;0,2762760587607713
43;2024-06-08 06:47:11.507377;0,5322612276917043;;512;0,32841053193846725;0,41829760451499265;1,0677013244340625;0,09351340163127185;2195;17369;5099;0,009057721843260898;entmax;15;18;3;4;3;0,3194088474204769
44;2024-06-08 06:56:53.034679;0,5255932535791331;;2048;0,30070195555398127;0,4534369306333531;1,108193955840747;0,0936431845048113;2195;17369;5099;0,006405500638664952;entmax;16;23;3;4;4;0,316164097083899
45;2024-06-08 07:08:27.780654;0,5295155912924103;;512;0,41680656398875554;0,4190179334701759;1,035438006843011;0,09627470663519833;2195;17369;5099;0,00431678445944149;entmax;20;20;3;5;3;0,33764865456030824
46;2024-06-08 07:19:35.487870;0,528535006864091;;8192;0,2151268013657193;0,4887622121025217;1,2262362281292685;0,08545098970993185;2195;17369;5099;0,024006045192195728;entmax;13;18;4;4;3;0,2958194819752803
47;2024-06-08 07:28:32.454396;0,5326534614630319;;512;0,3294142358300688;0,5191077751412396;1,0009809932848934;0,08175138719887443;2195;17369;5099;0,008109462036269213;entmax;16;13;3;5;4;0,2239363319604904
48;2024-06-08 07:43:22.149486;0,5265738380074524;;512;0,2833183274483419;0,5283837067751764;1,0047227071333826;0,08178843106474713;2195;17369;5099;0,0031102422028489994;entmax;18;19;3;5;5;0,24660575158112868
49;2024-06-08 08:00:55.202440;0,5242204353794861;;4096;0,20082277258818138;0,5240487799761436;1,0395739854731838;0,06995443863794899;2195;17369;5099;0,009152001394323149;entmax;25;14;4;5;4;0,22702415967869052
50;2024-06-08 08:13:17.024091;0,5277505393214356;;512;0,3226564993242174;0,4117185332275511;1,0814339783234788;0,08026222705539039;2195;17369;5099;0,006413738539284004;entmax;27;12;3;5;5;0,21975054308612577
51;2024-06-08 08:26:56.456275;0,5352029809766621;;512;0,37978416352266176;0,33821352163926344;1,1572727129535156;0,08632243933460662;2195;17369;5099;0,016502457723957187;entmax;16;13;3;5;3;0,24829665777872767
52;2024-06-08 08:35:58.102242;0,5306922926063934;;512;0,321595741239118;0,46740588925845444;1,1365178627812271;0,08719056742386957;2195;17369;5099;0,018284107757731507;entmax;21;11;3;5;4;0,25106581898993097
53;2024-06-08 08:48:56.771415;0,5308884094920573;;512;0,3848560402933523;0,35395187219051916;1,0012317913726962;0,08606115461705488;2195;17369;5099;0,008663801397035235;entmax;16;13;3;5;3;0,23020506806331095
54;2024-06-08 09:00:14.039935;0,5289272406354187;;512;0,25498468276410846;0,39527369990301714;1,0605139800630423;0,08176629518464978;2195;17369;5099;0,02644859631156915;entmax;18;15;3;5;4;0,20393828839799452
55;2024-06-08 09:11:50.212300;0,5291233575210825;;512;0,45246454754291854;0,43527186752234714;1,0265118958878958;0,07635832192186623;2195;17369;5099;0,018387509543471067;entmax;19;17;4;5;3;0,31633722117816154
56;2024-06-08 09:22:07.756143;0,5275544224357718;;512;0,23607451140460872;0,494559394471619;1,1502334865712793;0,09335068619592128;2195;17369;5099;0,014899727796840038;entmax;21;13;3;1;4;0,2147296627136173
57;2024-06-08 09:31:04.422314;0,5340262796626789;;1024;0,28535911180375145;0,35230899691057344;1,096696596790395;0,09681736338818424;2195;17369;5099;0,030114754214845937;entmax;12;14;3;5;10;0,3490918733398118
58;2024-06-08 10:00:08.562568;0,527162188664444;;1024;0,2908092514128011;0,3469924967862022;1,0900490445108115;0,09760736895581085;2195;17369;5099;0,04736884303968932;entmax;12;14;4;5;10;0,35964866328333445
59;2024-06-08 10:20:34.573414;0,5361835654049814;0,4888382687927107;1024;0,40628535171999697;0,3826177027254118;1,057743421620497;0,09236755427945333;2195;17369;5099;0,03482451890010566;entmax;13;16;4;3;9;0,33624862712296016
60;2024-06-08 10:37:37.028245;0,5242204353794861;;1024;0,40599645009578933;0,24482404572003832;1,122012623745098;0,0997223775983938;2195;17369;5099;0,06576819938909308;entmax;13;12;4;3;9;0,34054999910220435
61;2024-06-08 10:50:03.275372;0,5269660717787802;;1024;0,36917517397807487;0,38730994184074796;1,0576370538740485;0,09222808792724112;2195;17369;5099;0,009574388492215443;entmax;14;16;5;3;10;0,3726892678747766
62;2024-06-08 11:15:39.156581;0,527162188664444;;1024;0,33660404031980506;0,41884533016289477;1,0225655178779738;0,09450375591612568;2195;17369;5099;0,03031800186537568;entmax;11;15;3;3;8;0,3303496412581932
63;2024-06-08 11:35:16.477675;0,5281427730927633;;1024;0,43545947308593824;0,33666482403556713;1,0809397853297391;0,08793978705326852;2195;17369;5099;0,01582210066398882;entmax;12;18;3;2;8;0,2992685769190236
64;2024-06-08 11:54:49.686793;0,5295155912924103;;1024;0,3804331651360064;0,3820194432554442;1,1053697570757555;0,09109667670800477;2195;17369;5099;0,021380983090961595;entmax;16;14;4;4;9;0,398529959574835
65;2024-06-08 12:14:35.895891;0,5273583055501079;;1024;0,27435699528901386;0,3489509272728421;1,031542594420311;0,09609884176730603;2195;17369;5099;0,037515774503316654;entmax;15;16;5;3;9;0,3559710470034163
66;2024-06-08 12:35:05.715112;0,5246126691508138;;1024;0,4878808124233066;0,3031539450731021;1,0609297567968172;0,08403918674795428;2195;17369;5099;0,010440730279142989;entmax;13;22;3;5;10;0,2831051772734068
67;2024-06-08 13:01:29.475414;0,506766032555403;;8192;0,3289170726085788;0,438287165731711;1,1497078093808064;0,09061557818860871;2195;17369;5099;0,030994573185937385;entmax;17;17;3;4;10;0,3128493152080594
68;2024-06-08 13:16:15.853569;0,5291233575210825;;2048;0,4001523339003987;0,2498121823676146;1,1774931147697487;0,09691422548477586;2195;17369;5099;0,01385645595947421;entmax;10;20;4;4;6;0,26205065338574024
69;2024-06-08 13:31:42.064171;0,5297117081780741;;1024;0,43215640880346634;0,3678319240848576;1,0753411027908233;0,0869356819586769;2195;17369;5099;0,0075918821342349195;entmax;14;15;3;2;9;0,24822220500501865
70;2024-06-08 13:53:05.986951;0,5326534614630319;;512;0,35462012024503564;0,32949126501822545;1,0202047597146784;0,09202091387876149;2195;17369;5099;0,022907503867794932;entmax;15;18;3;4;3;0,3396160820801718
71;2024-06-08 14:03:21.682269;0,5281427730927633;;512;0,3567013444807324;0,3255675515996188;1,0192017211663844;0,09154733342833511;2195;17369;5099;0,021245417181445153;entmax;16;19;3;4;3;0,34251793821134735
72;2024-06-08 14:11:27.466955;0,5283388899784272;;512;0,28348688829904733;0,28764564708957374;1,0380006899111995;0,09484479967816753;2195;17369;5099;0,027026432897303974;entmax;15;18;3;4;3;0,3257715090418842
73;2024-06-08 14:22:15.354574;0,528535006864091;;512;0,33477601525397666;0,4090027025215831;1,0542230015348513;0,08848313321023069;2195;17369;5099;0,013323848015975802;entmax;13;14;3;4;3;0,369748391619376
74;2024-06-08 14:31:31.498323;0,5314767601490489;;512;0,3776398124197301;0,346249022716916;1,1125986172598858;0,0999344288234485;2195;17369;5099;0,017904068252919698;entmax;14;16;3;3;3;0,2888102667929884
75;2024-06-08 14:37:30.635310;0,5318689939203766;;4096;0,3085804498819452;0,30833226873798597;1,017387780424503;0,08270451115310853;2195;17369;5099;0,04531114788351581;entmax;15;17;2;4;6;0,3063964163341411
76;2024-06-08 14:50:39.659311;0,5283388899784272;;512;0,24301858499114742;0,2632393139152861;1,087228350949036;0,09235495191496457;2195;17369;5099;0,010197612185547518;entmax;12;15;2;5;10;0,2675217038117179
77;2024-06-08 15:23:46.148064;0,5263777211217886;;512;0,3518772672752611;0,38046217388520054;1,1370286761476591;0,08580066571886952;2195;17369;5099;0,033941374985109886;entmax;17;18;5;3;8;0,34805686840435157
78;2024-06-08 15:52:00.196493;0,5342223965483428;;512;0,4103171565679125;0,4709551405303019;1,0036240193747112;0,09748710101362273;2195;17369;5099;0,007144280908566698;entmax;39;13;3;5;3;0,3060569553564242
79;2024-06-08 16:04:01.306787;0,5246126691508138;;8192;0,40838505077014775;0,4679082075528995;1,0027495750791624;0,09719964845466175;2195;17369;5099;0,005095669643425625;entmax;41;13;3;5;3;0,2866194194598231
80;2024-06-08 16:14:51.215781;0,5342223965483428;;512;0,44069090113435017;0,45008854498291356;1,0389670111707061;0,0888094716867715;2195;17369;5099;0,007415361448509197;entmax;34;11;4;5;4;0,26781875816780587
81;2024-06-08 16:31:59.065391;0,5324573445773682;;512;0,4353421978661915;0,5036714849939152;1,040971341255915;0,09043219553746774;2195;17369;5099;0,006371395429011449;entmax;31;11;4;5;4;0,302509407717543
82;2024-06-08 16:45:50.809062;0,527162188664444;;512;0,47699934032990393;0,4534192272498974;1,020754370465251;0,08920736840270195;2195;17369;5099;0,006773653608695448;entmax;35;12;4;5;4;0,2715930733369595
83;2024-06-08 16:58:02.118559;0,5287311237497548;;512;0,3968336958106944;0,39848779571708987;1,0464629683733142;0,09497128830926414;2195;17369;5099;0,011396282957147126;entmax;44;13;4;5;3;0,23586363442738495
84;2024-06-08 17:12:20.639355;0,5342223965483428;;512;0,46197616719591905;0,3027675138786827;1,015577230804374;0,09777073602568963;2195;17369;5099;0,015661464919828755;entmax;35;10;3;5;4;0,2551946644528895
85;2024-06-08 17:24:51.537477;0,5295155912924103;;2048;0,5206201145618072;0,2901360161069413;1,0035346974614325;0,09811721979277326;2195;17369;5099;0,007641313604823431;entmax;33;10;4;5;5;0,2558032933166773
86;2024-06-08 17:40:14.139154;0,5269660717787802;;512;0,46749261047741436;0,42874590746512775;1,0937454120600794;0,09651349909847472;2195;17369;5099;0,01460084906070087;entmax;37;10;3;5;5;0,24140543945597268
87;2024-06-08 17:58:43.694433;0,5295155912924103;;512;0,4230618650548638;0,3642671404514535;1,0615569940190157;0,08841813268912598;2195;17369;5099;0,005289118319250212;entmax;30;11;3;5;4;0,2257637065585642
88;2024-06-08 18:15:00.442348;0,5303000588350657;;1024;0,5016037736819992;0,47188811218383986;1,0412930581392215;0,08529990863413392;2195;17369;5099;0,012264239310492912;entmax;28;12;2;5;4;0,27725796673557956
89;2024-06-08 18:25:30.431134;0,5265738380074524;;512;0,4497677911639858;0,44413153727612337;1,1009739494202642;0,09419621238959149;2195;17369;5099;0,016542079118980216;sparsemax;36;9;3;5;7;0,2650037536414547
90;2024-06-08 18:50:06.543497;0,5340262796626789;;512;0,4560282749376382;0,31214971352961496;1,0001743300083468;0,09984278003093434;2195;17369;5099;0,010129920555406778;entmax;33;14;4;5;4;0,2881033691606614
91;2024-06-08 19:05:41.000284;0,5334379290056874;;512;0,46010923546491617;0,31569000656079743;1,0010599320631357;0,09825979708674945;2195;17369;5099;0,009268215075394094;entmax;32;14;4;5;4;0,29333402933735425
92;2024-06-08 19:17:38.951135;0,5332418121200235;;512;0,4622137104926777;0,3082830466641253;1,0315499619264328;0,09733770881685813;2195;17369;5099;0,011491042376346022;entmax;34;14;4;5;4;0,293445436012065
93;2024-06-08 19:34:36.830381;0,525789370464797;;512;0,5457599907545811;0,26542157458092663;1,0242472255343225;0,09778739955254762;2195;17369;5099;0,009538302757249338;entmax;33;14;4;5;5;0,3061890140108902
94;2024-06-08 19:52:34.795988;0,5316728770347127;;512;0,4686973512522631;0,31144290483392856;1,0329867349800645;0,09975780582200473;2195;17369;5099;0,007216156124072017;entmax;30;12;4;5;4;0,2900194563470157
95;2024-06-08 20:11:49.635688;0,5291233575210825;;512;0,44241183405200374;0,3381024436751942;1,0669266121704042;0,09581286963200164;2195;17369;5099;0,005756665572739504;entmax;39;14;4;5;4;0,2759568040058152
96;2024-06-08 20:25:39.289891;0,5297117081780741;;4096;0,5033351131609338;0,365605274894497;1,0147376879964047;0,09848835530083563;2195;17369;5099;0,019135654915054184;entmax;32;11;4;5;4;0,2938472673945093
97;2024-06-08 20:39:23.699771;0,5295155912924103;;512;0,41842918561632886;0,30093696251102287;1,0000348278229796;0,09327677252526384;2195;17369;5099;0,015790313455835217;entmax;34;13;4;5;5;0,30826807394131944
98;2024-06-08 21:01:19.033382;0,531280643263385;;1024;0,45752081814268536;0,382232478066896;1,0503004488355552;0,09540516228137204;2195;17369;5099;0,011290617575940597;entmax;37;15;4;5;4;0,25432624927550207
99;2024-06-08 21:13:30.537558;0,5281427730927633;;512;0,4677221569677441;0,31905488014823;1,03300698341685;0,09822491704680437;2195;17369;5099;0,009613307956646366;entmax;29;14;5;5;4;0,3216916158131702
100;2024-06-08 21:33:21.759746;0,5322612276917043;;512;0,3946557522290515;0,277401183132501;1,07396856987011;0,09037933832546372;2195;17369;5099;0,013331546914539485;entmax;35;16;4;5;5;0,2850241601585236
101;2024-06-08 21:48:21.878329;0,5301039419494018;;512;0,37108838759532814;0,33561665487237907;1,0222819028227486;0,09342183631289146;2195;17369;5099;0,008527458609860433;entmax;31;13;4;5;3;0,29515679196323147
102;2024-06-08 21:58:47.719195;0,5303000588350657;;512;0,41662866284464095;0,35729070017771175;1,0569349230814595;0,09612612640913974;2195;17369;5099;0,010954894992529983;entmax;40;15;4;5;3;0,2676802878666244
103;2024-06-08 22:10:40.208542;0,527162188664444;;512;0,4321278996028902;0,4045908542644335;1,0825597957435311;0,09187318576971121;2195;17369;5099;0,0070932416282927045;entmax;33;16;4;5;4;0,3032805612036521
104;2024-06-08 22:25:09.194530;0,5316728770347127;;512;0,39410313341275066;0,29472162375369865;1,0150013655874088;0,09953398316287308;2195;17369;5099;0,012470605936309534;entmax;44;10;4;5;3;0,27859685235621595
105;2024-06-08 22:35:15.344316;0,5304961757207296;;8192;0,4444659746381187;0,32005071097802884;1,0453453312096574;0,08746133310623354;2195;17369;5099;0,024934379769812776;entmax;28;12;5;5;3;0,3281469388887272
106;2024-06-08 22:44:15.854312;0,5310845263777211;;1024;0,48336649043764657;0,21546965774380317;1,1203970298249735;0,09483371133261538;2195;17369;5099;0,019976989883450025;sparsemax;26;14;4;5;4;0,24653831950701727
107;2024-06-08 22:55:06.068592;0,5320651108060404;;512;0,3688971291147456;0,34752069538764896;1,073148943065572;0,09755120102353274;2195;17369;5099;0,015336248793053642;entmax;32;13;3;5;3;0,25876824259786985
108;2024-06-08 23:05:52.246062;0,5259854873504609;;2048;0,41109747832082083;0,39374729966072297;1,0123449825399125;0,08970903346238207;2195;17369;5099;0,00896704089293868;entmax;38;15;4;5;4;0,31775478291643683
109;2024-06-08 23:18:37.884623;0,5255932535791331;;512;0,3812122271968946;0,37639399028952214;1,0318229963785341;0,09234991969777959;2195;17369;5099;0,010170896548213428;entmax;36;17;3;5;8;0,28113651904107784
110;2024-06-08 23:45:25.825849;0,5279466562070995;;512;0,2939768043327974;0,3055076049901986;1,00022710034104;0,0965514374099701;2195;17369;5099;0,008011358074587888;entmax;24;34;4;3;3;0,2884998497159302
111;2024-06-08 23:56:08.817454;0,5301039419494018;;512;0,31671300684998105;0,27608068971728983;1,048421462356377;0,08615493350213706;2195;17369;5099;0,005934145910801832;entmax;36;13;3;5;4;0,26914704689407365
112;2024-06-09 00:11:28.258797;0,5291233575210825;;512;0,3349023969966344;0,4257078501961506;1,0162740812425004;0,09405243586134834;2195;17369;5099;0,013000208054122402;entmax;35;14;3;5;5;0,23152671664711894
113;2024-06-09 00:25:09.713563;0,5265738380074524;;512;0,34559900308613795;0,33547851773037385;1,0348275834023832;0,08371686565938592;2195;17369;5099;0,008124898772021506;entmax;34;12;3;5;4;0,2465027581120881
114;2024-06-09 00:39:24.493750;0,5303000588350657;;512;0,45981587157342435;0,2532016992122731;1,0015058396407908;0,0904184053648904;2195;17369;5099;0,010867545114888905;entmax;42;8;3;5;4;0,2991437914080023
115;2024-06-09 00:52:25.837087;0,5226515002941753;;1024;0,3696983814161284;0,36113696898952935;1,0588580520979982;0,08845827064788626;2195;17369;5099;0,00663543407816125;entmax;31;16;3;5;10;0,26100236228509993
116;2024-06-09 01:14:29.145728;0,5279466562070995;;512;0,40408560388288944;0,48388606319426186;1,0136306339809957;0,09998492483468349;2195;17369;5099;0,017307606038185066;entmax;38;15;3;1;4;0,2529039747891932
117;2024-06-09 01:27:03.996875;0,5157874092959404;;4096;0,4237827645756209;0,4525884138711226;1,1089626013053675;0,09172698923737319;2195;17369;5099;0,004580133185919814;entmax;19;15;3;5;9;0,2738048565000854
118;2024-06-09 01:47:19.554134;0,5291233575210825;;512;0,4468837823298819;0,29323903242451765;1,0822378494463767;0,09543139935960468;2195;17369;5099;0,014170103338431154;entmax;29;11;4;5;3;0,3343589106602988
119;2024-06-09 01:59:57.544835;0,5303000588350657;;512;0,276158741391366;0,5149902005972953;1,0287843486563832;0,0817349996838647;2195;17369;5099;0,009268005738841411;entmax;49;13;4;3;3;0,31500385189182845
120;2024-06-09 02:12:32.629345;0,5246126691508138;;1024;0,314812935624965;0,39603851687787717;1,0922175152727218;0,0977435416807081;2195;17369;5099;0,007371543952248244;sparsemax;38;12;2;5;4;0,35360046836962133
121;2024-06-09 02:25:46.264921;0,5320651108060404;;512;0,35156195896319475;0,33261765895426015;1,0451688076645758;0,09237437872245684;2195;17369;5099;0,022580911510326828;entmax;18;17;3;4;3;0,3388277624162616
122;2024-06-09 02:36:36.314555;0,5263777211217886;;512;0,3876040468949293;0,31814490977721777;1,0261863765294164;0,08933829985602185;2195;17369;5099;0,02633417332617756;entmax;16;14;3;4;3;0,32683452135106483
123;2024-06-09 02:44:52.659306;0,5328495783486958;;512;0,3507712306272668;0,3467025169859616;1,0141556997198893;0,09363164097535231;2195;17369;5099;0,020868760723616406;entmax;14;17;3;4;3;0,3067558449920273
124;2024-06-09 02:54:51.331641;0,5316728770347127;;512;0,2993361728579721;0,37265429219316226;1,0129307588507719;0,09413074320875058;2195;17369;5099;0,02001543665212252;entmax;14;16;3;5;6;0,3004383133339207
125;2024-06-09 03:17:00.976536;0,5320651108060404;;512;0,48550429672270545;0,3525524164761179;1,0663348033710385;0,09814593564178817;2195;17369;5099;0,028614973848811974;entmax;13;14;3;3;3;0,2908223563230774
126;2024-06-09 03:23:48.589178;0,5293194744067464;;512;0,4281137885219086;0,41022465036199235;1,000884103992201;0,08685524717362657;2195;17369;5099;0,011619321943793524;entmax;12;19;3;5;3;0,30752002823957947
127;2024-06-09 03:31:01.136455;0,531280643263385;;512;0,36285143518532337;0,26942886379591974;1,0399181433678857;0,096003353833805;2195;17369;5099;0,017439774310219744;entmax;33;16;3;4;4;0,23849848616884192
128;2024-06-09 03:44:37.532761;0,5275544224357718;;8192;0,32705446303902586;0,5407779751239365;1,0536866543823318;0,09296633054968959;2195;17369;5099;0,015221166769492289;entmax;11;15;4;2;4;0,2825337543184486
129;2024-06-09 03:56:12.548631;0,5310845263777211;;512;0,5046381169680973;0,4967702018240892;1,0256642735880508;0,08503124116600327;2195;17369;5099;0,034152501320368095;entmax;39;17;3;5;9;0,2224957301651108
130;2024-06-09 04:19:58.012229;0,528535006864091;;1024;0,3991435422914229;0,3046012667022679;1,1559480036316327;0,0905685978041368;2195;17369;5099;0,005129588042026096;entmax;17;52;4;5;3;0,31203347765726275
131;2024-06-09 04:31:25.807576;0,5316728770347127;;512;0,35007216892827064;0,33548891342037107;1,012337492318619;0,09201665450039007;2195;17369;5099;0,02311002388042909;entmax;15;18;3;4;3;0,34717687238779743
132;2024-06-09 04:40:38.613021;0,5293194744067464;;512;0,3674250697045396;0,3233487739072597;1,0279152207458822;0,0967962040961226;2195;17369;5099;0,012927711035884554;entmax;14;17;3;4;3;0,2944865605047781
133;2024-06-09 04:51:25.504177;0,5306922926063934;;512;0,38375558696246226;0,2860119894194058;1,000418888609663;0,0938737188969448;2195;17369;5099;0,04058875524507008;entmax;32;19;3;4;3;0,31932943648298745
134;2024-06-09 05:00:22.449271;0,5320651108060404;;512;0,2652602135462028;0,3522057569562574;1,0396651094582408;0,0882159580503359;2195;17369;5099;0,02037689465412037;entmax;16;13;3;4;3;0,3339880608867844
135;2024-06-09 05:08:25.884652;0,5316728770347127;;512;0,3430800484776306;0,31616299498875733;1,181125056012885;0,09769103646238696;2195;17369;5099;0,030633727196388336;entmax;34;14;3;4;3;0,26455242137622076
136;2024-06-09 05:18:05.779855;0,5273583055501079;;512;0,4575376101886591;0,42863976266994;1,0212512591600524;0,09560471924195937;2195;17369;5099;0,010067217742519318;entmax;15;15;3;3;4;0,3674620237814292
137;2024-06-09 05:30:31.993939;0,5283388899784272;;2048;0,3031189307571589;0,3848109775920509;1,066194745974633;0,09988547101279122;2195;17369;5099;0,00807214934718829;entmax;13;16;4;5;7;0,27438705031952865
138;2024-06-09 05:52:16.158819;0,5242204353794861;;512;0,41809178879037;0,3662666821729808;1,2018831127745981;0,09117713187794806;2195;17369;5099;0,01670294101520063;entmax;18;18;3;5;10;0,3053505127456406
139;2024-06-09 06:19:57.538766;0,5334379290056874;;512;0,4409808329680928;0,28740078629692406;1,050726201800515;0,09453162870759689;2195;17369;5099;0,023291563247153334;entmax;14;20;4;4;4;0,2876956860909798
140;2024-06-09 06:32:32.542549;0,5275544224357718;;1024;0,47409191553376406;0,2857470021563956;1,1377369557853683;0,0943445629802015;2195;17369;5099;0,01411672348575305;entmax;13;21;4;4;4;0,28703583819419687
141;2024-06-09 06:45:30.264145;0,528535006864091;;512;0,40031825856678693;0,2602411535190992;1,0450497096719837;0,058268639828674085;2195;17369;5099;0,023938014371162813;entmax;14;17;4;4;4;0,2808624509303343
142;2024-06-09 06:57:10.444619;0,5320651108060404;;512;0,43785605308279973;0,30313155238778416;1,0145570936501809;0,09814942152719755;2195;17369;5099;0,028004178728787618;entmax;16;20;4;4;4;0,2942500008463715
143;2024-06-09 07:08:50.727777;0,5308884094920573;;512;0,4398787914593739;0,23392292863622743;1,053176836432248;0,08977250105940711;2195;17369;5099;0,009066200958888425;entmax;37;24;4;4;4;0,3224757358472485
144;2024-06-09 07:26:15.992058;0,5357913316336537;;512;0,38267538596054024;0,3385601515323717;1,075106306105373;0,09238656150516524;2195;17369;5099;0,022073507272848028;entmax;23;20;4;5;5;0,2682306071147401
145;2024-06-09 07:41:47.825772;0,5253971366934693;;512;0,538608629112958;0,3471374924831433;1,093733146807129;0,08687934815238217;2195;17369;5099;0,019101718788746214;entmax;23;22;4;5;5;0,25249639160559895
146;2024-06-09 08:01:21.088029;0,5265738380074524;;512;0,41394774165073034;0,33040331420769575;1,112850937406371;0,09525004195195999;2195;17369;5099;0,0115534742196758;entmax;21;9;4;5;5;0,27273260016240153
147;2024-06-09 08:16:25.646812;0,5248087860364777;;4096;0,4639072740150976;0,2735154803211763;1,0731818513489422;0,09354769582677608;2195;17369;5099;0,006465514577410873;sparsemax;25;20;4;5;4;0,26312417305831315
148;2024-06-09 08:29:14.399767;0,5289272406354187;;512;0,390964862344817;0,3753095608481167;1,0317903447916512;0,09834304434408216;2195;17369;5099;0,015637337747736058;entmax;30;13;5;5;5;0,25819119745925956
149;2024-06-09 08:47:51.910355;0,5275544224357718;;512;0,49255398422369095;0,411187036987882;1,2490787734357054;0,09999998600961901;2195;17369;5099;0,03434411241185244;entmax;34;15;4;5;6;0,24429967080411194
150;2024-06-09 09:10:50.602296;0,5301039419494018;;512;0,37864267154603615;0,29933213052892615;1,0791451727465522;0,08232076938785407;2195;17369;5099;0,010224247481491387;entmax;12;14;4;5;4;0,2855320531838416
151;2024-06-09 09:28:07.133909;0,527162188664444;;512;0,33205781312555066;0,32632477796973064;1,0125212465545652;0,09173088506098213;2195;17369;5099;0,022397579343181585;entmax;29;21;2;4;3;0,3094701543576229
152;2024-06-09 09:36:54.476722;0,5297117081780741;;512;0,44593763891353344;0,3477635442876282;1,0002956453812049;0,09654139148408816;2195;17369;5099;0,028535941976242336;entmax;15;19;4;2;3;0,2961497703240556
153;2024-06-09 09:45:37.134718;0,5289272406354187;;512;0,3700240318885589;0,3136229953666742;1,057731268222093;0,06162024077609157;2195;17369;5099;0,021748353163266662;entmax;17;18;4;5;3;0,2695837727850862
154;2024-06-09 09:57:00.084481;0,5303000588350657;;512;0,3518506774533744;0,47442802351443847;1,0310890380671394;0,08909440992418034;2195;17369;5099;0,018788115433207193;entmax;22;16;1;4;4;0,38827723344462584
155;2024-06-09 10:06:15.525534;0,5297117081780741;;1024;0,3172149287062042;0,39433273136082675;1,1248321726247485;0,09274210338006213;2195;17369;5099;0,037261680943724305;entmax;36;11;4;5;4;0,30281766877970173
156;2024-06-09 10:17:28.599479;0,5314767601490489;;512;0,4074244312696192;0,4466974413765675;1,1629095395246585;0,08538080648826109;2195;17369;5099;0,02500076139557667;entmax;14;17;4;5;3;0,27832246808712546
157;2024-06-09 10:25:06.096223;0,527162188664444;;512;0,43202070605875975;0,252292097114293;1,043739523889627;0,07896912419885874;2195;17369;5099;0,012621248812732855;entmax;32;20;3;4;3;0,3632003332322199
158;2024-06-09 10:36:03.332873;0,5228476171798392;;8192;0,47700706549370375;0,3618680325059958;1,0219504422250245;0,09521868603760301;2195;17369;5099;0,007444986040239661;entmax;35;13;3;5;4;0,21121428340928927
159;2024-06-09 10:46:16.266793;0,5287311237497548;;512;0,2746372975058321;0,3415264181188569;1,0962783906388747;0,09084477051315668;2195;17369;5099;0,04405168844215701;entmax;39;12;4;4;4;0,23298468464516064
160;2024-06-09 10:55:50.297533;0,5301039419494018;;512;0,23375770740859383;0,28756275881617416;1,014496775166223;0,09686569660255233;2195;17369;5099;0,008632018794774916;entmax;26;15;3;5;3;0,3143964616283506
161;2024-06-09 11:07:55.442785;0,5308884094920573;;512;0,4268824310614102;0,5091195227490901;1,040002522929347;0,08982850517344718;2195;17369;5099;0,005996758836884923;entmax;31;11;4;5;4;0,3005907730860492
162;2024-06-09 11:22:10.952261;0,5283388899784272;;512;0,4509088546236173;0,5624101222735002;1,0586766574475401;0,09339592067253408;2195;17369;5099;0,0058585821936273964;entmax;27;10;4;5;4;0,28879410237610503
163;2024-06-09 11:38:09.179732;0,5281427730927633;;512;0,5184308528688356;0,4960228042142354;1,0225979851592963;0,08743348010325379;2195;17369;5099;0,006911666727350366;entmax;31;19;4;5;4;0,3387003052814112
164;2024-06-09 11:55:56.843336;0,5318689939203766;;512;0,3877816515612251;0,4687896399567242;1,03865100275472;0,09185445734861572;2195;17369;5099;0,01063976086455773;entmax;41;12;4;5;4;0,3274572218050504
165;2024-06-09 12:09:44.905240;0,5267699548931163;;2048;0,4126715260741897;0,3197997935015708;1,2874319799627487;0,08355841694884261;2195;17369;5099;0,01704010881026555;entmax;34;11;4;5;5;0,2833002402029352
166;2024-06-09 12:23:48.314614;0,5273583055501079;;512;0,3580724225654338;0,5068239132750836;1,0764311043932342;0,09500035832075993;2195;17369;5099;0,008061086808892103;entmax;33;16;4;5;4;0,29939952621662447
167;2024-06-09 12:39:51.982363;0,5289272406354187;;1024;0,2905343464533968;0,2981674780798043;1,0002605239767062;0,0883052079069319;2195;17369;5099;0,014006851852168127;entmax;30;18;2;5;3;0,31074723666936577
168;2024-06-09 12:48:58.472272;0,529907825063738;;512;0,4637220322001342;0,5405564905791161;1,0539133453206029;0,05042045997323348;2195;17369;5099;0,02466073171979632;entmax;20;14;3;5;3;0,2701433686855206
169;2024-06-09 12:57:43.061375;0,5228476171798392;;512;0,43935903561119016;0,5304441401018054;1,013360528962556;0,0972550113405157;2195;17369;5099;0,030799409442205935;sparsemax;36;17;3;4;4;0,3563715934683399
170;2024-06-09 13:06:05.177096;0,5304961757207296;;512;0,3364579567362325;0,38008111328929484;1,0347046085473783;0,07348719996406346;2195;17369;5099;0,009486689643654936;entmax;17;14;4;5;4;0,2922412987479633
171;2024-06-09 13:21:21.501473;0,5304961757207296;;512;0,33162623264061214;0,430139762507485;1,062740621924002;0,09373562595747606;2195;17369;5099;0,011563306614801134;entmax;15;18;3;4;3;0,3205909646952793
172;2024-06-09 13:32:01.409557;0,5287311237497548;;512;0,37176590318100156;0,45196147805033193;1,0903086443139802;0,09059668930145487;2195;17369;5099;0,00919682264454908;entmax;16;10;3;4;3;0,3487657920187395
173;2024-06-09 13:42:04.080041;0,5308884094920573;;512;0,298788293036657;0,4066616344217968;1,026469568585304;0,09270326665726258;2195;17369;5099;0,007144458530329785;entmax;14;16;3;4;3;0,32988201565762204
174;2024-06-09 13:48:06.232963;0,529907825063738;;512;0,40237666470532535;0,33424343597886935;1,2185504824141715;0,09831909704446354;2195;17369;5099;0,00496490296296973;entmax;15;19;3;4;3;0,31369722180791987
175;2024-06-09 13:58:51.960490;0,5304961757207296;;512;0,3140989414916661;0,3615314910069599;1,1055057765784764;0,09618372508546072;2195;17369;5099;0,006401570732914291;entmax;13;13;3;5;9;0,30350174133798513
176;2024-06-09 14:26:19.880724;0,5303000588350657;;1024;0,4853714716284867;0,2718568582958383;1,0671498781469304;0,09472193758926185;2195;17369;5099;0,008125670607915247;entmax;18;21;4;4;3;0,2782389113918036
177;2024-06-09 14:36:11.856826;0,5301039419494018;;512;0,3569235140332495;0,4204136458439111;1,0468411360985346;0,040229077679092215;2195;17369;5099;0,012699576878577002;entmax;16;18;3;5;4;0,25494102328375395
178;2024-06-09 14:50:52.826282;0,5314767601490489;;512;0,4163773058659744;0,3110807244605407;1,1848635968349635;0,08548286400382321;2195;17369;5099;0,021008199133664966;entmax;24;15;4;4;3;0,2616777361283762
179;2024-06-09 15:02:53.942364;0,5261816042361247;;4096;0,3861006578699045;0,38428933811314486;1,0123125153424881;0,09997276319970166;2195;17369;5099;0,010040706388320627;entmax;12;13;5;5;4;0,2885343912738317
180;2024-06-09 15:12:44.692265;0,5273583055501079;;512;0,44095977394632435;0,4860715715556371;1,0280915959708758;0,09069041302427569;2195;17369;5099;0,015281428757723639;entmax;32;12;3;5;10;0,2414102109148526
181;2024-06-09 15:39:44.453658;0,5295155912924103;;512;0,3936489551917145;0,28305200838310657;1,0763573253157996;0,08938401814114583;2195;17369;5099;0,013165003722975747;entmax;37;17;4;5;5;0,28414362895325496
182;2024-06-09 15:57:10.331851;0,5263777211217886;;512;0,42510895821120065;0,3331158439239608;1,1433024395999325;0,09171035156641312;2195;17369;5099;0,004089407552680079;entmax;33;16;4;5;3;0,2972532548692589
183;2024-06-09 16:09:52.387495;0,5263777211217886;;512;0,34365545514761725;0,27016259497430395;1,382583871548787;0,09372509312257957;2195;17369;5099;0,011691576174140588;entmax;35;28;4;5;7;0,2730222168715954
184;2024-06-09 16:42:50.621243;0,5324573445773682;;512;0,25512017589672936;0,30986460945718464;1,1292639897012633;0,08837601744066678;2195;17369;5099;0,017767843782695726;entmax;19;16;4;5;6;0,32083546803253055
185;2024-06-09 17:04:00.017826;0,5289272406354187;;512;0,2481937931614953;0,3509190377694199;1,1388636844632667;0,08733871933194992;2195;17369;5099;0,019111240502673914;entmax;19;15;4;5;6;0,3211855296075141
186;2024-06-09 17:24:50.695655;0,5334379290056874;;512;0,25572366896501597;0,30988989094348224;1,160728664821972;0,09639887144584301;2195;17369;5099;0,028253254873737414;entmax;16;17;4;5;5;0,3324937286519133
187;2024-06-09 17:42:29.758785;0,5304961757207296;;512;0,25070090404217493;0,31739723646201184;1,1670444557135755;0,09673292347738155;2195;17369;5099;0,03045901187374261;entmax;17;16;4;5;6;0,30761810339508794
188;2024-06-09 17:57:11.636569;0,5340262796626789;;512;0,2699238740774492;0,2992108629997781;1,1931842644900252;0,09841659995647951;2195;17369;5099;0,026378691442191626;entmax;21;14;4;5;5;0,33646086823253957
189;2024-06-09 18:13:59.212102;0,5301039419494018;;1024;0,28312661056997385;0,2960107104307826;1,2104672400600678;0,0978450600775784;2195;17369;5099;0,02664356265707656;entmax;22;14;4;5;5;0,3343907157569799
190;2024-06-09 18:25:10.700024;0,5301039419494018;;512;0,22910743477198486;0,3358563716679673;1,2331953165657987;0,09827480530023236;2195;17369;5099;0,03742510577797663;entmax;20;15;4;5;5;0,34484495828066974
191;2024-06-09 18:37:27.007539;0,5293194744067464;;512;0,26144405104627194;0,30310844292603084;1,180018939826697;0,0952256349286753;2195;17369;5099;0,022788343120832347;entmax;21;14;4;5;5;0,3343891429356756
192;2024-06-09 18:52:35.414265;0,5295155912924103;;512;0,19592485034921656;0,3143615028833774;1,1918451040542308;0,0999919390260913;2195;17369;5099;0,01759463074952831;entmax;23;17;4;5;6;0,3225449797223765
193;2024-06-09 19:11:23.910342;0,5279466562070995;;512;0,250326113687564;0,28608011035078973;1,1708200539442986;0,0949520805051423;2195;17369;5099;0,0247958052215887;entmax;18;10;4;5;5;0,35369434118173865
194;2024-06-09 19:25:31.590910;0,5267699548931163;;512;0,2711188009441453;0,32934177791341307;1,1521594771710946;0,09276465454585377;2195;17369;5099;0,02768401698079436;entmax;21;15;4;5;5;0,30961827695785565
195;2024-06-09 19:39:03.949764;0,5242204353794861;;512;0,22318686756774886;0,3585734694106218;1,1302630571826247;0,0807263945478226;2195;17369;5099;0,021139529138090654;entmax;20;17;4;5;6;0,3807998201114631
196;2024-06-09 19:53:11.982864;0,5220631496371838;;8192;0,2897356558896908;0,3040217955196809;1,118177555411094;0,09694471705202007;2195;17369;5099;0,034651921701410446;entmax;28;13;4;5;7;0,34577908081083614
197;2024-06-09 20:05:13.283816;0,5326534614630319;;512;0,31096432803410107;0,25393155747647855;1,0026012074463415;0,08942282704027993;2195;17369;5099;0,01615775932931852;entmax;16;14;4;5;4;0,22909992360773712
198;2024-06-09 20:16:48.724422;0,5308884094920573;;512;0,3206060913245489;0,25225459743218703;1,0088966661971739;0,09585736077016137;2195;17369;5099;0,05183259085033267;entmax;15;14;4;5;4;0,23463800653947306
199;2024-06-09 20:28:05.871882;0,5291233575210825;;512;0,4689714224099142;0,22392189697977288;1,0002703859114819;0,0843311911625939;2195;17369;5099;0,016111376015001753;sparsemax;16;14;3;5;4;0,22882113331158974
200;2024-06-09 20:40:27.019829;0,5346146303196705;;512;0,31149857329590586;0,5166936106684018;1,0200126121262754;0,09095839343565552;2195;17369;5099;0,031141700933005983;entmax;17;13;4;5;4;0,2466301271191885
201;2024-06-09 20:51:02.862597;0,5297117081780741;;512;0,30382486776079537;0,4998557762330001;1,0202344245932937;0,09030362093736846;2195;17369;5099;0,03226806192515297;entmax;16;13;4;5;4;0,22088335864600184
202;2024-06-09 21:05:15.839607;0,5289272406354187;;512;0,31069058175256;0,5203241511127392;1,1991134875665375;0,09218719753620161;2195;17369;5099;0,02849710041603125;entmax;17;20;4;5;4;0,24842269886975948
203;2024-06-09 21:15:41.788434;0,5320651108060404;;512;0,286880234514046;0,4801905942967097;1,2608390118517316;0,08647276303296843;2195;17369;5099;0,042638633888691345;entmax;31;12;4;5;4;0,2494994109833278
204;2024-06-09 21:31:41.146115;0,5314767601490489;;512;0,3639975096212045;0,5599171118046068;1,0380233087182933;0,0939077725116097;2195;17369;5099;0,024601886559069322;entmax;17;13;4;5;4;0,23993290756811203
205;2024-06-09 21:42:27.814056;0,5295155912924103;;512;0,9874323653240338;0,24250155088587333;1,014332164645876;0,09843649391138147;2195;17369;5099;0,020426411646810135;entmax;14;14;4;5;4;0,36414657372898857
206;2024-06-09 21:58:38.522922;0,529907825063738;;2048;0,5033213155123885;0,5785832719128385;1,0274534814811576;0,09124400089177404;2195;17369;5099;0,03163907906394926;entmax;34;19;4;5;4;0,26631245949473575
207;2024-06-09 22:07:39.819793;0,5283388899784272;;1024;0,32898944979744454;0,2677435624503107;1,0468790229788603;0,08891980007908402;2195;17369;5099;0,023067141354364492;entmax;13;12;4;5;4;0,22491517969661487
208;2024-06-09 22:20:18.305106;0,5320651108060404;;512;0,4505670136258071;0,3474291080080122;1,0015305819343574;0,09632806275457252;2195;17369;5099;0,03808264846458953;entmax;15;23;1;5;4;0,2923383631507889
209;2024-06-09 22:29:39.890566;0,5328495783486958;;512;0,34976095322498213;0,4668140212759193;1,0170666404717221;0,09363494071103064;2195;17369;5099;0,015117949333835956;entmax;18;15;4;5;4;0,2762089310077707
210;2024-06-09 22:39:12.272852;0,5263777211217886;;512;0,37179971234673387;0,4600895567515158;1,0143186372177126;0,09356219241712956;2195;17369;5099;0,01425066780490611;entmax;18;15;4;5;4;0,25932174480391257
211;2024-06-09 22:53:02.544828;0,5306922926063934;;512;0,3470887993183735;0,5123137995374237;1,0283103410236285;0,09539332257530317;2195;17369;5099;0,018313244429682282;entmax;16;8;4;5;4;0,27812572861776896
212;2024-06-09 23:07:58.807623;0,5306922926063934;;512;0,3142450686376743;0,48845934913330125;1,0123855186368973;0,09858699390214326;2195;17369;5099;0,015251438274995666;entmax;18;13;4;5;4;0,3001645376042566
213;2024-06-09 23:20:17.339207;0,528535006864091;;512;0,40574539347127664;0,4632727315377825;1,0004866072856144;0,06772214831617769;2195;17369;5099;0,008361301764712522;entmax;57;14;4;5;8;0,21085930352923704
214;2024-06-09 23:50:31.205566;0,5318689939203766;;512;0,33803610667948836;0,4377250924956386;1,0409994245003018;0,091591950527909;2195;17369;5099;0,026389208923335516;entmax;43;9;4;5;4;0,41686950850519544
215;2024-06-10 00:02:53.676484;0,5065699156697392;;512;0,2688439529975109;0,5230424638489737;1,4739594283510618;0,09403752655237975;2195;17369;5099;0,5527976410886213;entmax;40;13;4;2;4;0,269285851290609
216;2024-06-10 00:09:01.418607;0,5308884094920573;;512;0,4279374690873722;0,3228809218946608;1,0247689263117827;0,08948304075508884;2195;17369;5099;0,010642030512298131;entmax;17;15;4;5;4;0,490035556643205
217;2024-06-10 00:19:32.867550;0,5287311237497548;;4096;0,7743788984465652;0,7196170171785425;1,03594981691057;0,09685709300594562;2195;17369;5099;0,02116011376981215;entmax;25;62;4;5;4;0,2888416524390822
218;2024-06-10 00:30:22.749225;0,5089233182977054;;512;0,3801763797459603;0,286972193030199;1,2218634596754876;0,0931288650579516;2195;17369;5099;0,0010158054109161944;entmax;27;11;4;5;5;0,28337510108929026
219;2024-06-10 00:49:06.386171;0,5324573445773682;;512;0,4612922900599088;0,34555999665407044;1,0568963395163231;0,08716624564695878;2195;17369;5099;0,0636167977359454;entmax;29;16;3;1;4;0,25310460506904
220;2024-06-10 00:57:46.680912;0,5228476171798392;;1024;0,35574642952211005;0,3680679525150719;1,0166315033971698;0,062011417459854334;2195;17369;5099;0,006838457001050263;entmax;16;56;2;5;3;0,27810699247212095
221;2024-06-10 01:07:47.402771;0,5316728770347127;;512;0,2594134021391397;0,3075910824974034;1,1573706108110953;0,08789065238459819;2195;17369;5099;0,017213538174091658;entmax;32;16;4;5;5;0,328239893783484
222;2024-06-10 01:18:40.868743;0,5281427730927633;;512;0,2936138682618843;0,3175570675660609;1,0189150143824992;0,08978756511931972;2195;17369;5099;0,018429769241002304;entmax;35;15;4;5;5;0,31618980707190714
223;2024-06-10 01:35:31.500474;0,5320651108060404;;512;0,27616375801311954;0,2948480910604028;1,0082565804897259;0,08332436801861823;2195;17369;5099;0,013787867077570319;entmax;19;17;4;5;4;0,3058729997321893
224;2024-06-10 01:49:13.435981;0,5283388899784272;;512;0,30651320210686345;0,33464738580809933;1,0483553956714053;0,08565312324694664;2195;17369;5099;0,011546952306844728;entmax;19;16;4;5;4;0,3365430129889924
225;2024-06-10 02:02:23.028833;0,5297117081780741;;512;0,24086208897570577;0,27793143677114684;1,031562205586029;0,0888075198635535;2195;17369;5099;0,016147515728003617;entmax;19;14;4;5;3;0,29374114500631215
226;2024-06-10 02:13:37.062236;0,5269660717787802;;512;0,4347014531011221;0,4811822626368846;1,1463534838619496;0,09134444051549717;2195;17369;5099;0,009268311622896926;entmax;22;22;4;5;10;0,2164937128243123
227;2024-06-10 02:45:51.731551;0,5295155912924103;;512;0,4821776031063268;0,3258857410764099;1,3167605562534994;0,09993576415472724;2195;17369;5099;0,019907813876157174;entmax;18;18;3;5;4;0,2633427160245166
228;2024-06-10 02:59:33.396150;0,529907825063738;;512;0,3937341711931973;0,30669857099386105;1,0001686811804378;0,09473893382592313;2195;17369;5099;0,026243142442629423;entmax;38;15;4;5;6;0,24383636130934871
229;2024-06-10 03:18:39.485896;0,5316728770347127;;512;0,32699293849207617;0,37468138074256546;1,1712984300630735;0,0730922656238001;2195;17369;5099;0,022195900687808183;entmax;17;14;4;4;5;0,31775696819727783
230;2024-06-10 03:31:40.378057;0,5279466562070995;;512;0,21006012921988554;0,4990022534767176;1,0976361010626796;0,09771043254005422;2195;17369;5099;0,034167075284460606;entmax;23;36;3;5;3;0,2347571360813931
231;2024-06-10 03:39:58.770995;0,5265738380074524;;512;0,45515098802781234;0,3489134213511711;1,0614775067401405;0,08695730822442219;2195;17369;5099;0,06634858785198612;entmax;29;16;3;3;4;0,25401112310440604
232;2024-06-10 03:50:52.649206;0,5303000588350657;;512;0,4486725790697705;0,34581991454636096;1,0515771592440362;0,08821906172439017;2195;17369;5099;0,02840287962083365;entmax;31;16;3;5;4;0,25660977856628603
233;2024-06-10 04:03:02.837158;0,5295155912924103;;512;0,4688901883408441;0,928364731290308;1,572162299816692;0,08559145734706357;2195;17369;5099;0,005629286580593022;entmax;33;17;3;2;4;0,24810619852540725
234;2024-06-10 04:16:26.226864;0,531280643263385;;512;0,4169923116207405;0,328739809698298;1,1187344328442452;0,05438350020779007;2195;17369;5099;0,04404715369427935;entmax;30;16;3;1;4;0,2738257368769587
235;2024-06-10 04:26:11.380139;0,5316728770347127;;512;0,46457919249524415;0,36359295386333096;1,7086254013187112;0,09049248196361155;2195;17369;5099;0,05187316642229481;entmax;33;15;3;1;4;0,2999136819775214
236;2024-06-10 04:37:30.068805;0,5320651108060404;;512;0,4955275561590121;0,29701017867945334;1,024335574432243;0,08243360058355209;2195;17369;5099;0,0730791975127685;entmax;35;11;4;2;4;0,2648183629865151
237;2024-06-10 04:45:47.008694;0,531280643263385;;512;0,3681065942793824;0,34185995594029467;1,0712291516546468;0,07777401032461044;2195;17369;5099;0,060777535804847516;sparsemax;11;14;3;1;4;0,22939734253006586
238;2024-06-10 04:53:03.860869;0,5255932535791331;;1024;0,4289267312639993;0,392508995057415;1,0391036592586997;0,0926946362035419;2195;17369;5099;0,0014916096617907963;entmax;29;17;4;3;3;0,2397714090583912
239;2024-06-10 05:00:44.153967;0,5318689939203766;;512;0,28897131628287737;0,25894458456424246;1,0818972581587856;0,08038038594199656;2195;17369;5099;0,012420786823865083;entmax;14;16;3;5;4;0,3292058857927519
240;2024-06-10 05:14:43.809340;0,528535006864091;;8192;0,4022404661835877;0,31351366656559493;1,0178106374697844;0,09623322005698962;2195;17369;5099;0,017872937442223777;entmax;15;15;4;4;4;0,28655381221147364
241;2024-06-10 05:26:16.353394;0,528535006864091;;512;0,34203082539712826;0,416114109618745;1,0614147488063534;0,09230290158318552;2195;17369;5099;0,008099939780171235;entmax;20;20;3;4;3;0,33838900677924044
242;2024-06-10 05:36:55.148696;0,5287311237497548;;512;0,32732353246731183;0,45595072234708933;1,1094172882487627;0,09485395343781904;2195;17369;5099;0,010047047164510756;entmax;16;18;3;4;3;0,311329858244145
243;2024-06-10 05:49:12.028597;0,5301039419494018;;512;0,259654468904592;0,44013295693556903;1,1346047033018982;0,08862466026817062;2195;17369;5099;0,0073896805534885614;entmax;15;18;3;4;3;0,3198787935902206
244;2024-06-10 05:59:40.661291;0,528535006864091;;512;0,31018774967199914;0,2920901418664001;1,1994094063193346;0,07536715145193265;2195;17369;5099;0,009163293836513878;entmax;17;13;3;4;3;0,30619437658681303
245;2024-06-10 06:10:50.337572;0,5314767601490489;;512;0,5988863787383941;0,3235619499034853;1,3533902267284679;0,09821510770631879;2195;17369;5099;0,11157045053504694;entmax;24;10;3;4;3;0,32666127410802703
246;2024-06-10 06:17:10.371685;0,5310845263777211;;512;0,3514829153320562;0,4090601450356875;1,000582422483648;0,08691277014590217;2195;17369;5099;0,022220409963036793;entmax;32;19;3;5;4;0,29854578621690825
247;2024-06-10 06:34:32.393447;0,5316728770347127;;2048;0,3808331192983913;0,5373011193668711;1,0894022839811834;0,0908985043581342;2195;17369;5099;0,02550061263796527;entmax;37;17;4;5;3;0,3567704843472606
248;2024-06-10 06:40:45.165251;0,5281427730927633;;512;0,2764522362929249;0,38283245562844964;1,0473532808082502;0,09367644165818248;2195;17369;5099;0,014553083801055737;entmax;45;9;4;5;7;0,25366112358454607
249;2024-06-10 07:02:33.989371;0,5297117081780741;;512;0,48077135264611853;0,2742865760087498;1,2384676737716653;0,09621159077576204;2195;17369;5099;0,031628742621795325;entmax;21;18;4;4;5;0,2892766846913013
250;2024-06-10 07:15:28.154833;0,5310845263777211;;512;0,11478096046336206;0,35508907300917153;1,0299143638988806;0,08457373612655496;2195;17369;5099;0,008798448212631536;entmax;34;13;3;5;3;0,34486346743885476
251;2024-06-10 07:24:15.916929;0,5289272406354187;;1024;0,4500397248022692;0,4663401137545725;1,1593461023524552;0,0925200973209205;2195;17369;5099;0,011243688394324455;entmax;16;16;3;5;4;0,277645647230142
252;2024-06-10 07:36:08.624740;0,5275544224357718;;512;0,3044084882270644;0,2105709806402129;1,011624248211897;0,011132513064066547;2195;17369;5099;0,015381491478468238;entmax;8;21;4;5;9;0,31284661173674133
253;2024-06-10 07:58:18.450992;0,5304961757207296;;512;0,42004720813660834;0,3087929723210573;1,1838263519316952;0,0900817350997452;2195;17369;5099;0,03753184465243833;entmax;13;14;4;5;4;0,22374727743576697
254;2024-06-10 08:05:54.245745;0,5293194744067464;;512;0,32581555349069796;0,3321808169416621;1,0627595217482233;0,09538603055547044;2195;17369;5099;0,01953206837486093;entmax;12;15;1;4;8;0,2704667931856004
255;2024-06-10 08:26:02.325781;0,527162188664444;;512;0,3544584453530759;0,4298976899823596;1,0358639847346633;0,0875507793282092;2195;17369;5099;0,0065690380006610755;entmax;31;12;4;5;4;0,8551478162764108
256;2024-06-10 08:43:35.683076;0,5303000588350657;;512;0,0780626061218429;0,28669843183559135;1,0179454249550468;0,09856003730186776;2195;17369;5099;0,02339360833485566;entmax;18;19;3;5;3;0,29800882523095396
257;2024-06-10 08:53:44.090015;0,5263777211217886;;4096;0,2290371497586704;0,5117797355431183;1,053742308449857;0,09677175928553886;2195;17369;5099;0,007360191873739044;entmax;20;11;4;4;5;0,2469393529951316
258;2024-06-10 09:07:40.844778;0,528535006864091;;512;0,38273298331266237;0,39872958209155923;1,0001199369278455;0,09401495401520266;2195;17369;5099;0,012819918568436478;entmax;28;17;4;5;4;0,3344212600421423
