version;datetime;validation;test;batch_size;gamma_pi;gamma_scheduler;gamma_tabnet;lamda;len_test;len_train;len_val;lr;n_a;n_d;n_independent;n_shared;n_steps
0;2024-06-17 21:47:28.866149;0,500939713748735;;2048;0,09986931531373425;0,40997639253798424;1,4379772359580083;0,04985717250330813;3243;45483;6917;0,0013706467181459475;53;12;4;3;9
1;2024-06-17 21:57:42.541258;0,510336851236085;;2048;0,9810366446861465;0,9550239812923776;1,0244035222996104;0,012494632622499195;3243;45483;6917;0,7646282010618295;18;11;3;4;7
2;2024-06-17 22:03:35.960652;0,5033974266300419;;2048;0,8395578602211973;0,2775472345823771;1,8739474278195591;0,04885443519616632;3243;45483;6917;0,005511106848064067;23;61;2;4;10
3;2024-06-17 22:09:48.919936;0,5109151366199219;;2048;0,41458693800412966;0,7830416277333161;1,813864622643508;0,04332126902116462;3243;45483;6917;0,0034929488210278087;17;36;4;4;8
4;2024-06-17 22:25:34.585290;0,5101922798901257;;2048;0,7653075676472112;0,2313965547130435;1,0071047913535418;0,07074685649987784;3243;45483;6917;0,008130971064021643;9;16;3;2;6
5;2024-06-17 22:31:08.971465;0,512216278733555;;4096;0,485457153070937;0,3762838863763328;1,4169831776568913;0,01838469560853554;3243;45483;6917;0,0023706154139270623;39;23;5;1;8
6;2024-06-17 22:39:33.011048;0,5100477085441666;;8192;0,9421243341549385;0,5016872862811369;1,5071884065030272;0,06372061408283879;3243;45483;6917;0,2618325035510578;9;10;1;2;6
7;2024-06-17 22:44:22.538599;0,5114934220037588;;512;0,8816681106911064;0,5968147333010496;1,8476923923340984;0,0851240265197994;3243;45483;6917;0,03522583042360924;38;33;2;4;3
8;2024-06-17 22:49:52.027052;0,5113488506577997;;8192;0,7140286258027198;0,1554347329741901;1,7585566984823051;0,06864124480583277;3243;45483;6917;0,32150784364676593;8;11;1;4;7
9;2024-06-17 22:53:49.807439;0,5045539973977158;;8192;0,13912016649686643;0,1562338366053541;1,9245362925145755;0,033161650013653225;3243;45483;6917;0,16191856482446576;9;19;4;2;9
10;2024-06-17 23:05:42.873858;0,5099031371982073;;4096;0,508390322251537;0,3687577214253883;1,2358444312290562;0,024447164441592888;3243;45483;6917;0,0010035181215799502;64;8;5;1;4
11;2024-06-17 23:10:46.861994;0,5117825646956773;;512;0,6329564613862488;0,6117906672168097;1,6278719492863547;0,0931919240247196;3243;45483;6917;0,0360111813336681;41;31;2;5;3
12;2024-06-17 23:17:08.674671;0,5113488506577997;;4096;0,6270275491235312;0,6091833947597832;1,6048227455319335;0,09959218860231184;3243;45483;6917;0,03322152188842196;39;27;5;5;5
13;2024-06-17 23:24:19.769615;0,510336851236085;;1024;0,3941944581548713;0,488086940428402;1,3179511807925044;0,01058759855067997;3243;45483;6917;0,019728528630331296;36;23;2;1;4
14;2024-06-17 23:27:21.740509;0,5117825646956773;;512;0,5947308985325154;0,6543216486492505;1,6440565449713813;0,033125398271210776;3243;45483;6917;0,057019880241372375;30;39;2;5;3
15;2024-06-17 23:31:53.422947;0,5107705652739627;;512;0,4811964851440073;0,3516052776260685;1,5559486709641481;0,05934084325911986;3243;45483;6917;0,013583552507154113;48;17;5;3;8
16;2024-06-17 23:41:47.402614;0,5106259939280035;;4096;0,32181449580606836;0,7192531585270018;1,388644302352637;0,080856165843765;3243;45483;6917;0,0024054396743420233;28;26;3;1;5
17;2024-06-17 23:49:08.056677;0,5104814225820442;;1024;0,6565173095342316;0,48420208434801876;1,6897053267890865;0,005833179617248448;3243;45483;6917;0,011349739742901491;47;49;4;5;8
18;2024-06-18 00:06:18.724508;0,5106259939280035;;4096;0,5899229682768664;0,5312902737271258;1,498138649813909;0,05739212895482127;3243;45483;6917;0,0058751142263421515;61;30;1;2;10
19;2024-06-18 00:14:41.797137;0,512216278733555;;512;0,7571782633755465;0,4100738747453484;1,9686607276053631;0,09699185927816707;3243;45483;6917;0,06923164576030878;44;21;2;3;5
20;2024-06-18 00:22:04.984739;0,5107705652739627;;512;0,7669905582582699;0,286846775389762;1,9863963374442586;0,07258318591396602;3243;45483;6917;0,08258427704342702;30;22;3;3;5
21;2024-06-18 00:26:47.505398;0,511637993349718;;512;0,7233282590706178;0,41556812639602636;1,707521768854246;0,09828786557010244;3243;45483;6917;0,018153407132598824;44;20;2;3;4
22;2024-06-18 00:33:24.736104;0,5104814225820442;;512;0,5322471419172286;0,4069961979150026;1,792520571423534;0,08931451418506314;3243;45483;6917;0,06871017781656828;54;25;2;2;3
23;2024-06-18 00:37:02.359498;0,511637993349718;;512;0,817065014185439;0,5719455858636174;1,9710108440231793;0,09193746687573069;3243;45483;6917;0,02585591155660167;42;28;1;5;6
24;2024-06-18 00:48:54.276055;0,510336851236085;;4096;0,6512410554926423;0,4513843596108508;1,6446229578539975;0,07994363390938958;3243;45483;6917;0,04278900805016577;35;32;2;1;4
25;2024-06-18 00:51:51.124948;0,5106259939280035;;512;0,6782266864567271;0,31513842461350966;1,999814576329277;0,09232731232701823;3243;45483;6917;0,012259452656566123;53;41;3;3;7
26;2024-06-18 01:02:18.785850;0,5110597079658812;;1024;0,8935068196014744;0,5302200397938446;1,70832350378372;0,07831235480818041;3243;45483;6917;0,09950423589739665;43;15;3;4;5
27;2024-06-18 01:07:33.836891;0,5120717073875958;;4096;0,5826970606900116;0,35040186386593775;1,8533176211441595;0,0999900799391579;3243;45483;6917;0,025443504525933896;33;21;1;3;9
28;2024-06-18 01:14:37.602319;0,5083128523926558;;4096;0,5667717727654964;0,10037319561062824;1,8107240066577992;0,08515330373054882;3243;45483;6917;0,0027228480707024746;34;20;1;2;9
29;2024-06-18 01:20:51.184501;0,5075899956628597;;4096;0,4770746040426704;0,3923279419719374;1,8794080104988102;0,051226844270222234;3243;45483;6917;0,0016629701839535028;55;14;1;3;9
30;2024-06-18 01:28:44.520889;0,5077345670088188;;4096;0,720097772053344;0,33163981049022545;1,9037725650319268;0,09927612165680001;3243;45483;6917;0,0015203563485235406;26;18;5;3;8
31;2024-06-18 01:40:31.670774;0,5126499927714327;;4096;0,6077030038945576;0,44194035404455523;1,7610048850181665;0,09396491516066664;3243;45483;6917;0,024181691517765686;34;23;2;4;10
32;2024-06-18 01:50:53.912160;0,5107705652739627;;4096;0,5573998816965238;0,4382059273727304;1,7547997893418419;0,08708763340801642;3243;45483;6917;0,02153565182591782;32;23;1;4;10
33;2024-06-18 02:01:26.365799;0,5123608500795143;;4096;0,5843138355387122;0,37771313734189527;1,8860048492376378;0,09537010594332465;3243;45483;6917;0,007081110585288417;36;21;2;4;10
34;2024-06-18 02:18:33.746985;0,5104814225820442;;4096;0,6798387634296963;0,44979040079995425;1,9452930885645179;0,0754135368382963;3243;45483;6917;0,004535134350371436;46;24;3;4;10
35;2024-06-18 02:28:17.502699;0,5107705652739627;;2048;0,8333385757393845;0,2592771540561833;1,890403914632527;0,08089599324729574;3243;45483;6917;0,00806116906833308;25;17;2;4;10
36;2024-06-18 02:37:23.945637;0,5110597079658812;;4096;0,7780779690796574;0,4077695449503156;1,8006249022254792;0,093930333180718;3243;45483;6917;0,003392269421169677;21;14;4;4;7
37;2024-06-18 02:47:26.735834;0,5096139945062889;;2048;0,9910754084933464;0,3059682187656368;1,749781735136622;0,06658862972290161;3243;45483;6917;0,00795128474024072;38;19;2;4;9
38;2024-06-18 03:02:15.662523;0,5086019950845743;;8192;0,42158164036452045;0,3611862680830419;1,8643926754606701;0,07378169560550343;3243;45483;6917;0,004374518582365548;38;22;3;5;10
39;2024-06-18 03:13:26.653730;0,5117825646956773;;4096;0,613410241862835;0,2410524980419229;1,9270483009244674;0,08695980716869021;3243;45483;6917;0,04848423859918537;50;27;2;4;8
40;2024-06-18 03:22:32.257069;0,5104814225820442;;4096;0,518125253575618;0,474540785285105;1,1740083043018648;0,045414652079608146;3243;45483;6917;0,0022310787251217674;32;16;3;2;8
41;2024-06-18 03:28:51.278420;0,5117825646956773;;4096;0,5654074732049221;0,3748112022504728;1,8516847340573348;0,09642438497259442;3243;45483;6917;0,025242756212205616;34;21;1;3;9
42;2024-06-18 03:33:55.534133;0,510336851236085;;4096;0,6985163457081024;0,3418320686481232;1,809497477464506;0,0901641166777519;3243;45483;6917;0,015887498313731898;42;21;2;3;10
43;2024-06-18 03:41:12.462531;0,5120717073875958;;4096;0,6515255428944274;0,43174688688626706;1,9345348990986162;0,09413275908475291;3243;45483;6917;0,0277501516621885;38;24;1;4;9
44;2024-06-18 03:46:01.023535;0,5097585658522481;;8192;0,5946078289110543;0,2912227651496081;1,8511728187418197;0,09624048343806539;3243;45483;6917;0,006399901325896073;29;19;2;3;10
45;2024-06-18 03:56:53.084282;0,5109151366199219;;4096;0,6207544099098812;0,22034602531031747;1,985132011424628;0,09932782442841019;3243;45483;6917;0,010774604173661197;33;29;4;2;9
46;2024-06-18 04:05:01.933431;0,511637993349718;;2048;0,7460296526675898;0,38354781945712546;1,5719639923308333;0,08580451798054858;3243;45483;6917;0,036595209298202966;40;25;1;3;6
47;2024-06-18 04:10:38.749790;0,512216278733555;;1024;0,5424361784359968;0,4964350433219868;1,7531308985584833;0,09046168057882956;3243;45483;6917;0,015149896849578189;36;18;2;1;10
48;2024-06-18 04:16:05.179725;0,5117825646956773;;1024;0,474984491515243;0,5198885986805731;1,6920254635908163;0,09065853265263271;3243;45483;6917;0,010472039867434214;46;18;2;1;10
49;2024-06-18 04:22:41.245055;0,511637993349718;;1024;0,5165713911762122;0,4877450478923203;1,7557557971531779;0,08319635728687211;3243;45483;6917;0,015290012747215889;37;27;2;1;10
50;2024-06-18 04:32:55.924121;0,5130837068093104;;1024;0,42448393916212224;0,5440394444565044;1,5208648966345035;0,02082433286595167;3243;45483;6917;0,01829428298664286;42;23;2;1;7
51;2024-06-18 04:38:48.404132;0,5114934220037588;;1024;0,4084287959441762;0,5558858993098132;1,529688903803087;0,028309202151376875;3243;45483;6917;0,01895096455022416;41;22;2;1;7
52;2024-06-18 04:43:52.571508;0,5120717073875958;;1024;0,45132314940151985;0,5064018633609428;1,4586392637674905;0,01852703535552579;3243;45483;6917;0,009451655138025586;36;24;2;1;6
53;2024-06-18 04:48:04.483591;0,5123608500795143;;1024;0,3824203780197033;0,4679943281643915;1,6116965747463137;0,037519420747124305;3243;45483;6917;0,01480680972749034;49;20;3;1;7
54;2024-06-18 04:55:08.404287;0,5125054214254735;;1024;0,3504950498658072;0,458853281516525;1,6201409937056064;0,03754557463467299;3243;45483;6917;0,0010356128378909927;50;26;3;1;7
55;2024-06-18 05:03:06.483717;0,5110597079658812;;1024;0,3529902981530468;0,46061863194546415;1,5870636564814693;0,038224127449233945;3243;45483;6917;0,0012482047845032097;59;26;3;1;7
56;2024-06-18 05:11:02.770249;0,5083128523926558;;1024;0,2794261629302047;0,5801932275736199;1,6174866805035517;0,022837119706015027;3243;45483;6917;0,0010922349851780432;50;29;4;1;7
57;2024-06-18 05:18:23.541304;0,5113488506577997;;1024;0,3752314727587156;0,5464018640893407;1,5454692732161308;0,0366442071305277;3243;45483;6917;0,0017580696607024998;49;34;3;1;8
58;2024-06-18 05:26:44.256103;0,510336851236085;;1024;0,3000974168965496;0,6320578363536048;1,495598220344724;0,015775437961630653;3243;45483;6917;0,0010294939097615875;59;26;4;1;6
59;2024-06-18 05:33:37.162723;0,5109151366199219;;1024;0,4476418586965782;0,525802700270935;1,644463278714212;0,047238245949063964;3243;45483;6917;0,006366460857789589;46;30;3;2;7
60;2024-06-18 05:44:29.786130;0,5117825646956773;;1024;0,4967639684692875;0,4254729248144385;1,5968065914334837;0,04163311148824554;3243;45483;6917;0,0019856334463595926;56;23;5;2;8
61;2024-06-18 05:58:38.129869;0,5114934220037588;;512;0,3450357958612554;0,462791634917379;1,4229464650785588;0,02932396949628671;3243;45483;6917;0,0031486116896815835;43;20;3;1;7
62;2024-06-18 06:04:28.801411;0,5094694231603296;;8192;0,43796348784477934;0,4039624297739941;1,649376576946034;0,05996513789600819;3243;45483;6917;0,001435569958123102;44;23;2;1;6
63;2024-06-18 06:09:05.817290;0,5123608500795143;;512;0,4024517065685866;0,3766318687919383;1,4715494869435446;0,05148208954719241;3243;45483;6917;0,0025107463198662384;52;25;4;1;7
64;2024-06-18 06:16:36.595895;0,5120717073875958;;1024;0,39663751673833125;0,37608279463083427;1,471492754295137;0,05029808670122045;3243;45483;6917;0,002754221403393478;63;28;5;1;7
65;2024-06-18 06:26:29.854968;0,512216278733555;;512;0,4808546051137597;0,4406513442599978;1,3944393040406329;0,053378075075198914;3243;45483;6917;0,004552990599795128;51;25;4;1;7
66;2024-06-18 06:35:17.452108;0,5112042793118404;;1024;0,3800312116860585;0,31870191017143484;1,5543216297569427;0,04132972674045082;3243;45483;6917;0,0017880604362397695;54;32;4;1;8
67;2024-06-18 06:45:55.196479;0,5086019950845743;;2048;0,2585375139479061;0,4874141830569716;1,527483471846957;0,054939643091164704;3243;45483;6917;0,0024107107986513707;49;20;5;1;8
68;2024-06-18 06:54:11.700555;0,5113488506577997;;512;0,5284734679368982;0,35803055262014216;1,4432152822260456;0,046607651700359215;3243;45483;6917;0,0013595514490197167;40;22;3;2;6
69;2024-06-18 07:04:38.868832;0,5112042793118404;;4096;0,45370533445708117;0,4168287736360083;1,5036769241848034;0,0331359010423342;3243;45483;6917;0,003589621192395084;51;24;3;1;7
70;2024-06-18 07:12:12.017279;0,5132282781552696;;1024;0,4108408061809176;0,46378109029393716;1,6710299979815104;0,04911882539468031;3243;45483;6917;0,002079132490391212;57;27;4;5;7
71;2024-06-18 07:26:05.369716;0,5123608500795143;;1024;0,4034268998857474;0,451128420971374;1,677344952730155;0,04868911527974043;3243;45483;6917;0,001995045463053402;57;27;4;5;7
72;2024-06-18 07:47:40.898442;0,5106259939280035;;1024;0,42526355071237115;0,4695518309853947;1,6689264372344954;0,0479014692662483;3243;45483;6917;0,0019706123411009713;59;30;4;5;7
73;2024-06-18 08:01:20.456978;0,5104814225820442;;1024;0,34663713983663846;0,4546454141220989;1,6018958305363338;0,043813622499051436;3243;45483;6917;0,0011708783832222443;64;27;4;5;6
74;2024-06-18 08:18:01.753022;0,5120717073875958;;1024;0,40562708656655766;0,5132945205981235;1,679705313205701;0,050813450857477856;3243;45483;6917;0,0014461836830719351;56;35;4;5;7
75;2024-06-18 08:45:46.551401;0,5113488506577997;;1024;0,3782790037878265;0,3918706620221327;1,7150469132097488;0,06338235759685251;3243;45483;6917;0,0024729987829340758;47;32;4;5;7
76;2024-06-18 09:15:05.863140;0,5086019950845743;;1024;0,3144308208501601;0,5517764469836365;1,6191449561336795;0,054594769877476815;3243;45483;6917;0,0016457303903251166;53;28;4;5;8
77;2024-06-18 09:28:40.730722;0,511637993349718;;1024;0,501967979513077;0,4471561060065257;1,5672836223728666;0,04998577324271186;3243;45483;6917;0,012152671520884218;57;25;3;5;6
78;2024-06-18 09:39:03.474267;0,5113488506577997;;1024;0,4673107398731916;0,4255431170726445;1,7212490835514083;0,04269321313523226;3243;45483;6917;0,0207641909120516;52;21;3;5;7
79;2024-06-18 09:47:16.008414;0,5109151366199219;;8192;0,4256346721888887;0,5022709584272148;1,664010395625547;0,056561256798817475;3243;45483;6917;0,001012890582215539;45;26;4;4;5
80;2024-06-18 10:04:56.189455;0,512216278733555;;512;0,36413216066089804;0,4745417232557473;1,7747623039894114;0,04571602788124217;3243;45483;6917;0,0012670825084762684;61;23;4;4;8
81;2024-06-18 10:21:14.444865;0,510336851236085;;4096;0,39493989675276053;0,39377372137685107;1,614836107242272;0,052312802675117266;3243;45483;6917;0,0021098273471652734;48;24;5;1;7
82;2024-06-18 10:31:43.288139;0,5099031371982073;;4096;0,5472437595032252;0,3371579727379317;1,7243328101079975;0,03907406358560923;3243;45483;6917;0,002817725052642638;40;22;5;5;7
83;2024-06-18 10:45:04.974487;0,5110597079658812;;4096;0,501179670399583;0,3754925435021208;1,5766198992801286;0,04469308926245519;3243;45483;6917;0,0038801928057011982;42;29;5;1;8
84;2024-06-18 10:55:11.547443;0,5112042793118404;;1024;0,42438203643920513;0,4358160298819959;1,6366981831423382;0,03565231993688834;3243;45483;6917;0,004838584024423308;54;21;3;5;6
85;2024-06-18 11:04:01.747250;0,5117825646956773;;2048;0,44188062355284974;0,4018848078767773;1,8331437993882833;0,04901792126274873;3243;45483;6917;0,0022141861569640216;45;25;2;1;7
86;2024-06-18 11:08:22.547414;0,5101922798901257;;4096;0,46600930656925144;0,35558407009437903;1,686970423771239;0,04017467809382267;3243;45483;6917;0,0029820974775280184;39;19;2;4;9
87;2024-06-18 11:21:33.472915;0,5119271360416365;;1024;0,4084838271065761;0,4758782930962;1,5298606034514493;0,04276206197988937;3243;45483;6917;0,0038650779385776286;48;31;3;2;8
88;2024-06-18 11:35:14.495865;0,5107705652739627;;512;0,5326159444215949;0,4189680809780891;1,820855537259037;0,05268730258502634;3243;45483;6917;0,005180849736773521;43;27;4;4;7
89;2024-06-18 11:44:03.130836;0,5101922798901257;;4096;0,3422922119731901;0,5351640720442392;1,4859198992540408;0,03609193011035887;3243;45483;6917;0,0016827254659928137;51;23;2;1;6
90;2024-06-18 11:50:09.389695;0,5117825646956773;;1024;0,5911709978958718;0,5022096451679958;1,774740842616931;0,04841194600600765;3243;45483;6917;0,007285974523950965;36;20;3;1;9
91;2024-06-18 11:59:26.249839;0,5119271360416365;;512;0,6191571224065007;0,3711574906169437;1,8954926498554578;0,09525465979771945;3243;45483;6917;0,02968764266904995;44;21;2;3;5
92;2024-06-18 12:04:18.191450;0,5106259939280035;;512;0,5636748688883609;0,4379761867752742;1,9202584181220055;0,09213612311855889;3243;45483;6917;0,024229844915464933;47;26;2;5;7
93;2024-06-18 12:15:54.179357;0,5125054214254735;;512;0,4966173469633356;0,40720755302864053;1,9626556535081607;0,09789439447014013;3243;45483;6917;0,003157522614438448;38;24;2;4;3
94;2024-06-18 12:22:35.125952;0,5107705652739627;;512;0,4887110587428555;0,4587514459558679;1,9448157156693773;0,09601563501011656;3243;45483;6917;0,0031074597669018236;38;24;2;4;4
95;2024-06-18 12:28:57.404512;0,5110597079658812;;512;0,5147334417466525;0,4035864949565021;1,8739272815219659;0,09767108966898463;3243;45483;6917;0,0056938569148960345;34;22;2;4;3
96;2024-06-18 12:33:31.409432;0,5113488506577997;;1024;0,4595728574795357;0,3322990570192033;1,7992156082651916;0,08765812653118327;3243;45483;6917;0,002496108357502409;31;23;2;4;7
97;2024-06-18 12:46:24.311263;0,5120717073875958;;4096;0,39082736772867394;0,4895354177987982;1,5953258154580339;0,0937084695241712;3243;45483;6917;0,003438936604164504;41;28;5;1;10
98;2024-06-18 12:59:17.654648;0,5071562816249819;;8192;0,362326261934575;0,38290556342863635;1,553885671065416;0,030704513676330758;3243;45483;6917;0,0019686933465464813;53;25;4;4;8
99;2024-06-18 13:15:49.937805;0,5123608500795143;;1024;0,43673619509965544;0,41445794610162195;1,9634205729136904;0,02330374214588895;3243;45483;6917;0,01740083010032565;57;19;3;1;7
100;2024-06-18 13:20:46.826316;0,5117825646956773;;1024;0,43724888452568345;0,42167921247466994;1,964546212692652;0,024123324355105988;3243;45483;6917;0,014437756537885439;56;19;3;1;4
101;2024-06-18 13:24:33.390800;0,5117825646956773;;1024;0,4879266689078849;0,3620988485529555;1,9055695784362043;0,019745552404692772;3243;45483;6917;0,019209651928987822;59;20;3;1;7
102;2024-06-18 13:33:20.076618;0,5112042793118404;;1024;0,38814364090013187;0,4420429793229482;1,9999279743739817;0,01252841775678422;3243;45483;6917;0,017746623526044177;49;18;3;1;7
103;2024-06-18 13:38:13.227998;0,5114934220037588;;1024;0,4221631533512303;0,45948269960878585;1,9712475942481475;0,028299231271111145;3243;45483;6917;0,009314925139288421;52;22;3;1;6
104;2024-06-18 13:44:04.119066;0,5127945641173919;;1024;0,47375920573206287;0,3904635855020792;1,8706352607044654;0,04494059481103967;3243;45483;6917;0,0014747325719078892;61;23;2;1;7
105;2024-06-18 13:53:18.562527;0,5107705652739627;;1024;0,4697512476363478;0,4074008025873595;1,8753724572503254;0,09992125907091443;3243;45483;6917;0,0012210800129469452;62;17;2;1;7
106;2024-06-18 14:03:58.610789;0,5127945641173919;;1024;0,41211961795627655;0,38970065081706223;1,8376297616559496;0,04593964723232188;3243;45483;6917;0,0015349147088780267;64;26;2;1;7
107;2024-06-18 14:11:23.360662;0,5119271360416365;;1024;0,4120029992948513;0,3915277431100535;1,7772022642596201;0,046091571304481;3243;45483;6917;0,00178000378203963;62;26;2;5;7
108;2024-06-18 14:19:17.037729;0,5106259939280035;;1024;0,575670643182986;0,5155859298861721;1,8466509854362458;0,0437913191261141;3243;45483;6917;0,0014975280957179769;58;24;2;3;6
109;2024-06-18 14:28:43.002204;0,511637993349718;;1024;0,3687402350486393;0,3476100696460742;1,7351524673272947;0,0474981112194941;3243;45483;6917;0,001372940668603845;55;23;2;2;3
110;2024-06-18 14:34:48.535307;0,5127945641173919;;2048;0,5446769363375964;0,47765907864997975;1,8192052092351298;0,04055225980428966;3243;45483;6917;0,0015847514219797536;60;27;2;1;7
111;2024-06-18 14:41:06.190274;0,5114934220037588;;2048;0,5421517745044973;0,4855739165914249;1,8268293044709718;0,041614833267148175;3243;45483;6917;0,0011571482966744944;63;28;2;1;7
112;2024-06-18 14:45:49.885153;0,5117825646956773;;2048;0,5134330354311211;0,46936484867346245;1,702057556633317;0,038241840627223765;3243;45483;6917;0,001527204186537401;60;27;2;1;7
113;2024-06-18 14:53:44.274442;0,5126499927714327;;2048;0,3335717050346436;0,4364214048963707;1,7954098181808187;0,05100238627930235;3243;45483;6917;0,0019839387793013567;64;25;2;1;7
114;2024-06-18 14:59:12.031612;0,5119271360416365;;2048;0,5548507868128169;0,428126835839785;1,8612445390608718;0,04574719772372856;3243;45483;6917;0,002322785235721509;64;25;2;1;7
115;2024-06-18 15:04:26.596435;0,5114934220037588;;2048;0,3299425170825596;0,38362640983668617;1,7950554445926943;0,03994094683544352;3243;45483;6917;0,002650602111257016;60;24;2;1;7
116;2024-06-18 15:11:18.656877;0,5106259939280035;;2048;0,3781407434999847;0,5297178378998733;1,9115332305308006;0,04419594530460015;3243;45483;6917;0,001635349784063981;64;29;2;1;8
117;2024-06-18 15:16:39.473073;0,511637993349718;;2048;0,5976569195665289;0,43822259076724146;1,822096033904947;0,05063543037869566;3243;45483;6917;0,0012823054801504206;55;26;2;1;7
118;2024-06-18 15:26:49.959554;0,512216278733555;;2048;0,4543591282035718;0,49794810259770067;1,8455872367388768;0,03453332840087461;3243;45483;6917;0,00210303759862486;50;21;2;1;10
119;2024-06-18 15:34:26.753933;0,511637993349718;;2048;0,33160920831296387;0,4728590709048711;1,743212553996069;0,05655524136404854;3243;45483;6917;0,0010155143451671149;61;30;1;1;6
120;2024-06-18 15:38:25.146168;0,5114934220037588;;512;0,48976459282435514;0,30507837707394964;1,8864661130125957;0,052469211362585914;3243;45483;6917;0,013278476529992521;53;23;2;1;7
121;2024-06-18 15:48:09.643427;0,5123608500795143;;1024;0,40414275463041;0,45166452753134967;1,660839050683755;0,04138056848281861;3243;45483;6917;0,001910638079352201;57;25;2;1;7
122;2024-06-18 15:54:17.587652;0,5114934220037588;;1024;0,36442758011106546;0,42632127637589323;1,6966543832858514;0,04888523709036437;3243;45483;6917;0,0017808126934556819;59;27;2;1;7
123;2024-06-18 16:02:04.271597;0,5099031371982073;;1024;0,3053208247756645;0,3979646577661699;1,772020473240531;0,04765757733540078;3243;45483;6917;0,0014932008963251698;57;22;4;4;7
124;2024-06-18 16:20:02.784129;0,512216278733555;;512;0,3914603788802078;0,45694508215816304;1,7306378022142261;0,05142467672600087;3243;45483;6917;0,0022234433811022243;55;24;2;1;7
125;2024-06-18 16:28:45.684161;0,5119271360416365;;2048;0,34875240795350493;0,3736460569729394;1,636304063086946;0,03769170204038822;3243;45483;6917;0,0026932009246970028;61;26;2;5;8
126;2024-06-18 16:37:57.869491;0,5113488506577997;;1024;0,41906148620617917;0,5175069557543195;1,7915444392268007;0,044529802522136244;3243;45483;6917;0,0012809609809459398;51;29;2;1;7
127;2024-06-18 16:43:30.105808;0,5101922798901257;;1024;0,6386841855179627;0,4823358310686367;1,6853206083999024;0,039890973513342615;3243;45483;6917;0,002064386352800984;64;31;4;5;7
128;2024-06-18 16:58:35.011233;0,5113488506577997;;8192;0,5258794684887904;0,4152207468890738;1,7512825579258746;0,05377301871169371;3243;45483;6917;0,004204213501124442;46;28;2;4;6
129;2024-06-18 17:07:56.481473;0,5123608500795143;;512;0,4572507200065483;0,3546288155322758;1,815348621123538;0,09797784121533376;3243;45483;6917;0,0030937336237439714;53;25;4;1;7
130;2024-06-18 17:17:12.429683;0,5109151366199219;;1024;0,31832987410992175;0,4465787258605199;1,9327047858958701;0,04901848872572514;3243;45483;6917;0,0011318272175954828;48;22;2;4;7
131;2024-06-18 17:28:38.485383;0,5109151366199219;;1024;0,4488537285582662;0,4102347435888055;1,9535167420638562;0,04608430409450422;3243;45483;6917;0,02371175046442886;57;20;3;1;7
132;2024-06-18 17:35:45.891893;0,5125054214254735;;1024;0,4390853422729541;0,3878606079015232;1,8672721590216113;0,042849217824969185;3243;45483;6917;0,01753528093210798;58;27;2;1;7
133;2024-06-18 17:40:43.155333;0,5114934220037588;;1024;0,476273574433065;0,38717340711863285;1,8596891031443241;0,042994221173918115;3243;45483;6917;0,013333063278073006;59;27;2;1;7
134;2024-06-18 17:45:13.646555;0,5119271360416365;;1024;0,40703773670434606;0,4334428802330818;1,8349223393422913;0,05103971035575132;3243;45483;6917;0,03297856993873555;54;23;2;1;8
135;2024-06-18 17:53:10.353269;0,5106259939280035;;1024;0,4333654471388532;0,32729033215654646;1,8927111627424744;0,03862358256580469;3243;45483;6917;0,001835260464236467;61;26;2;1;10
136;2024-06-18 18:00:04.839531;0,512216278733555;;4096;0,3873125496259737;0,36317570963666895;1,617807964055947;0,0369533607210504;3243;45483;6917;0,016416153920498337;51;24;2;1;7
137;2024-06-18 18:03:45.205685;0,5120717073875958;;1024;0,35573837452222096;0,5693987636376041;1,9171898630410882;0,04127551994464044;3243;45483;6917;0,002410924265812878;58;28;2;2;7
138;2024-06-18 18:15:51.524075;0,5119271360416365;;512;0,5056885996316282;0,49975244177803957;1,6462862467681258;0,054746633842958706;3243;45483;6917;0,021458881133862212;44;25;2;1;4
139;2024-06-18 18:21:08.500261;0,5113488506577997;;1024;0,4332438186474883;0,3400961993374016;1,871993571577107;0,09533909827517788;3243;45483;6917;0,0015712906880338692;35;33;2;1;7
140;2024-06-18 18:27:36.469045;0,5125054214254735;;2048;0,37167368233812026;0,4694903399371075;1,8035964342992636;0,05882549852042404;3243;45483;6917;0,0033483273931225596;49;27;4;4;6
141;2024-06-18 18:39:14.018417;0,5110597079658812;;2048;0,37268581827892355;0,4680442360954118;1,7615626784291694;0,047131314156801184;3243;45483;6917;0,0033020212406052805;50;27;4;4;7
142;2024-06-18 18:53:27.145290;0,5104814225820442;;2048;0,4019616197572593;0,451305176002557;1,8003558396665227;0,031786043310273404;3243;45483;6917;0,002777751682698106;37;26;4;4;6
143;2024-06-18 19:02:39.940885;0,5123608500795143;;2048;0,4118726488869652;0,4065452957667108;1,719090857205837;0,05825025676706878;3243;45483;6917;0,001359683457799663;47;24;4;4;4
144;2024-06-18 19:13:07.863380;0,5104814225820442;;2048;0,3422590447799692;0,48702583880818884;1,8259897409573747;0,05980048995313795;3243;45483;6917;0,003993894411720965;55;30;4;4;7
145;2024-06-18 19:27:59.529840;0,5091802804684111;;4096;0,2897344419258561;0,42903914601487836;1,5797699259589117;0,07186289548519807;3243;45483;6917;0,011563053091691245;42;28;4;5;5
146;2024-06-18 19:34:26.682772;0,511637993349718;;2048;0,36435965845687074;0,39158623305233264;1,665299844633609;0,04972825842697888;3243;45483;6917;0,005151786814571403;53;25;2;4;3
147;2024-06-18 19:41:00.335535;0,5113488506577997;;1024;0,574925838239801;0,4646252606735786;1,7806001202770207;0,06760714010103931;3243;45483;6917;0,003636110416701051;60;23;2;1;8
148;2024-06-18 19:48:51.881398;0,512216278733555;;1024;0,38507343696178925;0,44284417439422724;1,890632558098587;0,076013749477797;3243;45483;6917;0,0023092686248374038;64;29;4;1;7
149;2024-06-18 20:05:13.093778;0,5109151366199219;;512;0,47639357616481415;0,542395124125736;1,5159202748663574;0,06992279234020576;3243;45483;6917;0,006879929658061709;45;27;2;5;10
150;2024-06-18 20:18:59.776467;0,5114934220037588;;8192;0,6061391875320469;0,5124718485268785;1,8167571791969768;0,03416765127540533;3243;45483;6917;0,027247849328997882;39;22;1;3;7
151;2024-06-18 20:23:15.891137;0,5113488506577997;;1024;0,43436792841719446;0,41449602950524883;1,9475347713880231;0,08187920376536167;3243;45483;6917;0,0197648555467818;57;21;3;1;7
152;2024-06-18 20:31:43.421822;0,511637993349718;;1024;0,448352705737191;0,3706382889052463;1,9814890421849138;0,026065596602041323;3243;45483;6917;0,01468277874779167;56;24;3;1;7
153;2024-06-18 20:37:04.678593;0,5119271360416365;;1024;0,4186821057516819;0,41851778401570866;1,8473665536106585;0,03572504390336449;3243;45483;6917;0,017433497985480537;61;26;3;1;7
154;2024-06-18 20:45:33.539360;0,5110597079658812;;1024;0,3319705915483109;0,39453305983943837;1,9079044020793972;0,09262697806705675;3243;45483;6917;0,016334149456133037;49;23;2;1;7
155;2024-06-18 20:51:27.142930;0,5114934220037588;;1024;0,4361879598185754;0,43064306695706184;1,9334185073280035;0,04312987195762784;3243;45483;6917;0,009090026792495131;57;26;3;1;7
156;2024-06-18 20:58:53.637874;0,5112042793118404;;4096;0,46135322694858555;0,4793691668694118;1,8693826194932746;0,02166605622378152;3243;45483;6917;0,02277819318759311;53;21;2;1;6
157;2024-06-18 21:04:06.866778;0,511637993349718;;2048;0,3970613573428743;0,4573863914492197;1,7472915141424765;0,0888260185608638;3243;45483;6917;0,010422236688580602;62;20;4;4;7
158;2024-06-18 21:17:01.670645;0,5130837068093104;;1024;0,48279446787177327;0,3821860041298268;1,703697195916333;0,04547808533809653;3243;45483;6917;0,0018536810396763304;51;19;2;1;8
159;2024-06-18 21:23:23.137232;0,5133728495012289;;1024;0,5433390080514576;0,3745971031123532;1,7034621877054894;0,04561116872376103;3243;45483;6917;0,0019469819512645617;49;31;2;1;9
160;2024-06-18 21:29:17.336433;0,5097585658522481;;1024;0,5471240522397759;0,3725094599304098;1,7840312737112725;0,04534574820010293;3243;45483;6917;0,0015824290420136389;47;31;2;1;9
161;2024-06-18 21:35:59.232426;0,5113488506577997;;1024;0,5281964525915145;0,34588293891585853;1,664548505537444;0,04836299086619461;3243;45483;6917;0,0019594985522440466;52;33;2;1;10
162;2024-06-18 21:48:06.802762;0,5099031371982073;;1024;0,4916545167238706;0,3874874089726894;1,7082922884277336;0,044816160384019234;3243;45483;6917;0,001768582812871778;49;38;2;1;9
163;2024-06-18 21:54:47.853865;0,5109151366199219;;1024;0,5816002735056814;0,40379566661921557;1,6982775832338317;0,04011076115216981;3243;45483;6917;0,002439156306888072;41;29;2;1;10
164;2024-06-18 22:04:10.896357;0,5112042793118404;;1024;0,5634446929526591;0,3607686043861704;1,681106730535121;0,08451236649940573;3243;45483;6917;0,0020569811093434673;55;25;2;1;9
165;2024-06-18 22:10:49.526312;0,5099031371982073;;1024;0,5130963269664609;0,31718392962376735;1,6263166753578446;0,05216405809944739;3243;45483;6917;0,002971865562286041;51;27;2;1;8
166;2024-06-18 22:16:20.275617;0,5113488506577997;;512;0,5437591883189116;0,4451357261751981;1,7158534171949675;0,04718128157701334;3243;45483;6917;0,001429728135848889;45;32;2;1;8
167;2024-06-18 22:26:02.440367;0,5073008529709412;;2048;0,49989159495961755;0,37824588719669056;1,7637924164290169;0,0627711711922991;3243;45483;6917;0,0016931143550414527;48;30;2;4;10
168;2024-06-18 22:35:12.613128;0,5093248518143704;;4096;0,621549447956707;0,427665991458919;1,4829007582691183;0,043089866460822746;3243;45483;6917;0,001143223936979085;33;28;2;5;9
169;2024-06-18 22:48:14.374731;0,5096139945062889;;1024;0,47251011039358676;0,4999514562929932;1,8012105930906555;0,05009817368874069;3243;45483;6917;0,002157212341807443;59;22;2;1;8
170;2024-06-18 22:55:21.750143;0,5106259939280035;;1024;0,3761410155589495;0,4701484422973961;1,7402811193226715;0,07866150568919528;3243;45483;6917;0,0018680235815892272;43;24;2;1;7
171;2024-06-18 23:02:06.347187;0,5112042793118404;;1024;0,4170444907465634;0,4072290807120883;1,6073940089083165;0,09065077969677517;3243;45483;6917;0,01863529954832832;58;19;4;1;7
172;2024-06-18 23:09:56.419997;0,5125054214254735;;1024;0,44735157776354184;0,41767940619665184;1,4443157071503154;0,041990007019519056;3243;45483;6917;0,0027463521573391795;54;18;2;1;7
173;2024-06-18 23:15:10.238184;0,5112042793118404;;1024;0,45320855220526785;0,3913306430668502;1,446789943823457;0,04620369037117104;3243;45483;6917;0,0027215055815082555;54;18;2;1;7
174;2024-06-18 23:21:29.250287;0,5119271360416365;;1024;0,3896542279083798;0,34960089509160175;1,400094421134491;0,04143827509589217;3243;45483;6917;0,0044876277468012685;51;9;2;1;7
175;2024-06-18 23:27:23.192853;0,5113488506577997;;1024;0,3542796974235918;0,44330628607625466;1,547131514250491;0,038472498473083976;3243;45483;6917;0,0033631801225941192;49;17;2;1;7
176;2024-06-18 23:31:40.840571;0,5117825646956773;;1024;0,4882579738145349;0,594207614316081;1,4697986358714628;0,0975106719299644;3243;45483;6917;0,0023411508962313727;64;25;2;1;7
177;2024-06-18 23:39:34.974309;0,5110597079658812;;512;0,5324699050137803;0,41982901332789363;1,4248239197000754;0,04327835619254251;3243;45483;6917;0,0026763691067509896;46;23;2;3;7
178;2024-06-18 23:51:19.859494;0,5094694231603296;;2048;0,4641522007724177;0,3717666326416748;1,460291722777941;0,053759171293612164;3243;45483;6917;0,0012758381076896528;35;26;2;1;9
179;2024-06-18 23:57:36.093415;0,5071562816249819;;4096;0,42056674807269073;0,45738950633522424;1,6752147571312557;0,049085251357510705;3243;45483;6917;0,0015723708618986493;37;27;4;4;7
180;2024-06-19 00:08:37.393636;0,5101922798901257;;1024;0,32079342696027785;0,3985083720711788;1,5066433386219917;0,036716918931989535;3243;45483;6917;0,0063928427133453005;55;21;2;1;7
181;2024-06-19 00:13:25.574909;0,5120717073875958;;1024;0,4295226988425304;0,42112182192555814;1,644833518966409;0,09390700354516171;3243;45483;6917;0,013032341404201465;59;19;3;1;7
182;2024-06-19 00:24:09.744337;0,5126499927714327;;1024;0,4414015756297236;0,43634789864748674;1,8417696147988158;0,01647434894633965;3243;45483;6917;0,02941569353831361;52;20;2;1;7
183;2024-06-19 00:28:52.375905;0,5114934220037588;;1024;0,4067879309560315;0,48108286099758685;1,8578779090888553;0,016918144221579456;3243;45483;6917;0,02789260316708085;52;54;2;1;7
184;2024-06-19 00:39:21.190781;0,5119271360416365;;1024;0,446195887174931;0,43925525798512527;1,8123192135332864;0,0660202656538789;3243;45483;6917;0,03257788653314404;50;20;2;1;7
185;2024-06-19 00:46:23.612155;0,5117825646956773;;1024;0,6004659007585664;0,45845904927176295;1,8275445151598044;0,014379887111225169;3243;45483;6917;0,024379358163897656;39;22;2;1;7
186;2024-06-19 00:52:57.294672;0,510336851236085;;1024;0,36975332670962324;0,4055078793660721;1,723594135774498;0,055873815143576776;3243;45483;6917;0,002016199447101909;54;24;2;1;7
187;2024-06-19 00:59:39.879569;0,5110597079658812;;2048;0,47611538275867765;0,38111268867000603;1,8491060981766818;0,008403369363261097;3243;45483;6917;0,0031878470137114137;47;35;2;4;8
188;2024-06-19 01:13:36.256754;0,5120717073875958;;1024;0,5055381976051737;0,434313129579141;1,597489469774772;0,04516679076858971;3243;45483;6917;0,03709982542613061;61;20;2;1;10
189;2024-06-19 01:20:22.402919;0,510336851236085;;8192;0,40640149841542517;0,5267345447408541;1,8870581069092163;0,0330746194880739;3243;45483;6917;0,001004847904377887;56;16;2;5;7
190;2024-06-19 01:32:28.881839;0,5109151366199219;;512;0,4466747465158252;0,49382516086231576;1,7724392490118441;0,04032230366316445;3243;45483;6917;0,00802888381654949;52;25;4;1;6
191;2024-06-19 01:40:12.361660;0,5112042793118404;;1024;0,4384215298669766;0,41256556610417544;1,9583974317842605;0,051524975139750476;3243;45483;6917;0,021345957038770423;57;19;3;1;7
192;2024-06-19 01:47:10.336197;0,5125054214254735;;1024;0,38890209297023987;0,3913764183575337;1,9173563027017835;0,04740192765770977;3243;45483;6917;0,015800560173677883;29;18;2;1;7
193;2024-06-19 01:55:10.597231;0,5110597079658812;;1024;0,3886125309302475;0,34720731662701454;1,9133921590731515;0,04805201466002783;3243;45483;6917;0,0018109866936625333;30;18;2;1;7
194;2024-06-19 02:02:28.418604;0,5110597079658812;;1024;0,35069749715348175;0,3685282531861365;1,8368268135621904;0,04186802577409236;3243;45483;6917;0,015528341121219515;28;18;2;1;7
195;2024-06-19 02:06:07.313275;0,5123608500795143;;1024;0,3821761029947555;0,38329344647443986;1,4398514394625563;0,04662575243059555;3243;45483;6917;0,0014191210202870903;31;17;2;1;7
196;2024-06-19 02:10:10.158948;0,5110597079658812;;4096;0,41690974312566687;0,39642836767547196;1,8796275005980905;0,02069314049474842;3243;45483;6917;0,002529484183522465;26;21;2;1;7
197;2024-06-19 02:15:06.042142;0,5106259939280035;;1024;0,5856378938837992;0,4478817195126072;1,8051689652894647;0,04442331980208891;3243;45483;6917;0,011763267775696883;35;28;2;1;7
198;2024-06-19 02:19:42.045358;0,5110597079658812;;1024;0,40122236906936637;0,4765209760131971;1,6551286680081458;0,09575761808434635;3243;45483;6917;0,0038828698735571075;37;23;2;4;7
199;2024-06-19 02:28:39.631100;0,5114934220037588;;2048;0,5631449772480458;0,4291848808408288;1,5692900663600804;0,01886983004036489;3243;45483;6917;0,005690718552552166;42;26;4;1;5
200;2024-06-19 02:34:00.688944;0,5107705652739627;;1024;0,6695770418823025;0,3331555337975293;1,4914362299092252;0,039129839383311917;3243;45483;6917;0,0022349215941953734;33;29;2;1;7
201;2024-06-19 02:38:45.633885;0,5117825646956773;;1024;0,4310789824122717;0,4152270426612637;1,9331896976350433;0,030163687474490143;3243;45483;6917;0,019811236340802115;61;19;3;1;7
202;2024-06-19 02:45:23.552328;0,5113488506577997;;1024;0,45624904908471375;0,4035546151236724;1,6960884620519803;0,01720330247229815;3243;45483;6917;0,017265341662631266;58;20;2;1;7
203;2024-06-19 02:53:57.313642;0,5110597079658812;;1024;0,4824851065740395;0,36306206611293146;1,9772766977451708;0,023726887496181515;3243;45483;6917;0,015382143807664972;53;18;2;1;7
204;2024-06-19 02:58:08.518234;0,5127945641173919;;1024;0,36444133759674413;0,558885781059467;1,9097797715708016;0,0742220571085571;3243;45483;6917;0,026334083737178982;49;19;2;1;7
205;2024-06-19 03:02:58.657877;0,5143848489229434;0,47887758248535306;1024;0,36885068296780177;0,5504243797961277;1,9039975359744983;0,0498892465791468;3243;45483;6917;0,02845505738232002;49;21;2;1;7
206;2024-06-19 03:07:32.392210;0,5107705652739627;;1024;0,3663233211131066;0,5750510107714901;1,9047852839839756;0,0535513940906063;3243;45483;6917;0,030472129730414896;48;20;2;1;7
207;2024-06-19 03:11:13.873587;0,512216278733555;;512;0,3394689303320525;0,5927364639029591;1,8839538595176035;0,09929555053719465;3243;45483;6917;0,024116694170246394;40;21;2;1;7
208;2024-06-19 03:17:53.977045;0,5106259939280035;;1024;0,3103497753318011;0,5556435977266773;1,856398059227344;0,05072703215303909;3243;45483;6917;0,02698939701016043;50;22;2;1;10
209;2024-06-19 03:23:47.581833;0,5130837068093104;;4096;0,36139430132675043;0,5544663819232356;1,923398724574951;0,06143543084653619;3243;45483;6917;0,02150296285660279;46;21;2;1;8
210;2024-06-19 03:30:54.530451;0,5120717073875958;;4096;0,33679041223831957;0,5493758108269695;1,9197941460983312;0,06070940521632356;3243;45483;6917;0,021678044152798386;44;21;2;1;8
211;2024-06-19 03:38:52.205542;0,5112042793118404;;4096;0,3798795855962562;0,5670204606461875;1,890473257528239;0,056275243476952085;3243;45483;6917;0,02585780902429124;46;23;2;1;9
212;2024-06-19 03:45:37.934491;0,5113488506577997;;4096;0,36424964349207783;0,6058186639105595;1,9469532659294349;0,06497940540454841;3243;45483;6917;0,03635878737930741;48;22;2;1;7
213;2024-06-19 03:49:48.165934;0,5125054214254735;;4096;0,3595771879641031;0,533640201921976;1,8452032549535509;0,06171753239253216;3243;45483;6917;0,02914635021589404;50;19;2;1;7
214;2024-06-19 03:53:53.295353;0,5104814225820442;;4096;0,34740745096753056;0,5323555842705066;1,8651757824806767;0,06310997533892404;3243;45483;6917;0,028362424212554877;22;19;2;1;7
215;2024-06-19 03:56:52.968157;0,5099031371982073;;4096;0,3188797811928612;0,5457488389178973;1,8294214417980925;0,0607877749591051;3243;45483;6917;0,02221620745358357;45;20;2;1;9
216;2024-06-19 04:00:42.919278;0,5119271360416365;;4096;0,3507079624640913;0,5117171423332654;1,931315853424617;0,06776211908463149;3243;45483;6917;0,03243461807346482;50;19;2;1;8
217;2024-06-19 04:05:06.271713;0,5110597079658812;;4096;0,37294912612302605;0,5331061055706648;1,8399543710033848;0,07445756457569778;3243;45483;6917;0,01914099986518424;49;18;2;1;7
218;2024-06-19 04:09:10.098185;0,5109151366199219;;4096;0,6379360807012632;0,5736304980363249;1,795170347721833;0,0815629934452656;3243;45483;6917;0,024814871624842406;18;20;2;1;10
219;2024-06-19 04:13:23.630208;0,5101922798901257;;2048;0,2958141177643181;0,5578001431281856;1,9095332577048945;0,05701684062577287;3243;45483;6917;0,028934461359840014;45;17;2;4;7
220;2024-06-19 04:22:12.377843;0,5093248518143704;;4096;0,3290337206198242;0,5435217373750432;1,868313222794895;0,08305408028638903;3243;45483;6917;0,013779791179148815;43;16;2;1;7
221;2024-06-19 04:26:15.454224;0,5117825646956773;;1024;0,3996506781981959;0,5184661830683797;1,8906894164813188;0,05879022647534088;3243;45483;6917;0,047325951572558325;51;24;2;1;7
222;2024-06-19 04:32:09.149673;0,5125054214254735;;1024;0,3836788073886466;0,5802668245809319;1,4181705636422717;0,05497166724781778;3243;45483;6917;0,036541987197943236;47;21;2;1;7
223;2024-06-19 04:37:10.323126;0,5120717073875958;;1024;0,358268593263451;0,5844540001616265;1,431326011360092;0,0862705853801821;3243;45483;6917;0,031459711139951746;47;21;2;1;7
224;2024-06-19 04:42:24.369734;0,5127945641173919;;1024;0,36925490580993586;0,5851602712711157;1,3860190353956297;0,07091247682659385;3243;45483;6917;0,038122184449287805;47;21;2;1;7
225;2024-06-19 04:48:10.791629;0,5112042793118404;;1024;0,37150297517128883;0,6262480941345479;1,3616643448301529;0,07054664236511496;3243;45483;6917;0,03677171655636209;47;22;2;1;7
226;2024-06-19 04:51:59.505947;0,5126499927714327;;1024;0,393979054625084;0,5707194939792732;1,7483401862415542;0,07680961119685274;3243;45483;6917;0,034712808119683254;41;21;2;1;7
227;2024-06-19 04:58:34.514635;0,5117825646956773;;1024;0,3888684294970559;0,5935064108093122;1,4017917455317568;0,06847238448382673;3243;45483;6917;0,032400782238895254;43;21;2;1;7
228;2024-06-19 05:02:34.059108;0,512216278733555;;1024;0,35494782547292425;0,5772426932415483;1,749185898872617;0,07862567406883308;3243;45483;6917;0,042349956931944495;40;13;2;1;7
229;2024-06-19 05:08:28.301650;0,5120717073875958;;1024;0,38909952333455494;0,6209344960785752;1,7746372107935213;0,06063844061894705;3243;45483;6917;0,039932276219294745;45;23;2;1;7
230;2024-06-19 05:17:35.443416;0,5117825646956773;;1024;0,42017220959000834;0,5620315059537129;1,4199389420128163;0,0741264539364316;3243;45483;6917;0,04774734588728435;41;20;2;1;7
231;2024-06-19 05:22:33.795642;0,5123608500795143;;1024;0,3374392464274533;0,5675423103025415;1,3797525941860507;0,0712095754816537;3243;45483;6917;0,03935160840283716;38;19;2;1;7
232;2024-06-19 05:28:35.498394;0,512216278733555;;1024;0,37440778500774274;0,6060916871066849;1,8151767928685523;0,07533420274144956;3243;45483;6917;0,03213622066015231;36;22;2;1;7
233;2024-06-19 05:34:57.697165;0,5119271360416365;;1024;0,5286982981968869;0,559306699652205;1,8484079262001742;0,07288253526511608;3243;45483;6917;0,02484327178734827;49;21;2;3;7
234;2024-06-19 05:43:25.083624;0,5094694231603296;;1024;0,27814351257273146;0,5415913230227476;1,3796055610546503;0,05763767273631871;3243;45483;6917;0,05320097703590072;12;22;2;1;7
235;2024-06-19 05:47:03.747969;0,5110597079658812;;2048;0,6168135153426207;0,5923024602911591;1,7363855745251537;0,07650097578252901;3243;45483;6917;0,027862119028118842;32;20;2;1;7
236;2024-06-19 05:51:40.320710;0,5119271360416365;;1024;0,5558593421924333;0,5715520421599998;1,3521840693786722;0,062241086110929544;3243;45483;6917;0,035657319811717374;64;18;2;1;5
237;2024-06-19 05:57:00.068735;0,5123608500795143;;4096;0,4175105742344935;0,5844541988490182;1,5187123505619606;0,06443813605833841;3243;45483;6917;0,0049669911921805514;47;19;2;1;8
238;2024-06-19 06:03:39.079851;0,5138065635391066;;1024;0,3984487691497064;0,6096595546420881;1,454766794300264;0,07698286470323859;3243;45483;6917;0,039121147389534094;39;23;2;1;7
239;2024-06-19 06:10:41.904342;0,5125054214254735;;1024;0,3984514423555107;0,6267165777995393;1,4472818673683505;0,07688401433870556;3243;45483;6917;0,03929682180340331;44;24;2;1;7
240;2024-06-19 06:18:25.108114;0,5120717073875958;;1024;0,4634812682033395;0,635066234789442;1,4647051709695833;0,07005895935167734;3243;45483;6917;0,0016112808854678565;42;23;2;1;7
241;2024-06-19 06:24:03.637366;0,5130837068093104;;1024;0,3920782180313479;0,6113043014448941;1,4130899915134574;0,07710219587496307;3243;45483;6917;0,06271151587575524;44;25;2;1;7
242;2024-06-19 06:30:36.941760;0,5132282781552696;;1024;0,3883466293411467;0,6138513418208502;1,44195881499148;0,080288253140124;3243;45483;6917;0,08631207680787253;42;26;2;1;7
243;2024-06-19 06:35:06.359862;0,511637993349718;;1024;0,4051950758157664;0,6097905528592941;1,4072401714113463;0,07777827155271726;3243;45483;6917;0,08337041128574667;40;25;2;1;7
244;2024-06-19 06:39:40.994645;0,5123608500795143;;1024;0,3585194375756033;0,6016688067351353;1,4760309544153778;0,07945039897050306;3243;45483;6917;0,06103858485674092;42;26;2;1;7
245;2024-06-19 06:45:05.612513;0,5109151366199219;;1024;0,9585655053593896;0,5289390683949398;1,4431975203596852;0,07303834950198042;3243;45483;6917;0,0707949899931292;38;27;2;1;7
246;2024-06-19 06:50:31.447788;0,5109151366199219;;1024;0,7023472209053407;0,6082440036981663;1,4140065426529922;0,07659224058547004;3243;45483;6917;0,10811119368533734;39;26;2;1;7
247;2024-06-19 06:54:14.646182;0,5125054214254735;;1024;0,42939223533369336;0,6624506229124039;1,7568981905686445;0,07346778935489955;3243;45483;6917;0,047687654309843557;41;25;2;1;7
248;2024-06-19 07:02:21.882214;0,512216278733555;;1024;0,3883752648306821;0,640995378215624;1,45230093160989;0,0802678270550191;3243;45483;6917;0,04511046453749105;34;37;2;1;6
249;2024-06-19 07:08:42.358900;0,5088911377764928;;8192;0,5148468942210206;0,5544572889326902;1,4900291762069828;0,07803796658059564;3243;45483;6917;0,0011864440329146372;28;24;2;1;7
250;2024-06-19 07:14:47.651057;0,5135174208471881;;1024;0,36690526848953264;0,6649067739732845;1,7991921049989092;0,06614105100817988;3243;45483;6917;0,05402248895150917;43;27;2;1;7
251;2024-06-19 07:20:00.018423;0,5117825646956773;;1024;0,43549416519838746;0,5926123880520863;1,8043176273172385;0,07504822620135074;3243;45483;6917;0,06931404021310232;43;28;2;1;7
252;2024-06-19 07:23:35.990705;0,512216278733555;;1024;0,40794303861189773;0,6151766152182295;1,7806973432730815;0,04730533144308574;3243;45483;6917;0,05652639604802181;44;27;2;1;7
253;2024-06-19 07:29:36.738635;0,5018071418244904;;1024;0,13711860280422006;0,6498958431383339;1,5401408879200973;0,0888945793750889;3243;45483;6917;0,0013643928743284164;26;30;2;1;7
254;2024-06-19 07:36:13.374394;0,511637993349718;;1024;0,49270209261981945;0,6972517701345192;1,7288177058923586;0,04453915560912059;3243;45483;6917;0,04268260921937244;41;25;2;1;7
255;2024-06-19 07:40:39.634846;0,5113488506577997;;1024;0,37485475628393294;0,6623158427733008;1,423063231611663;0,01462639699222153;3243;45483;6917;0,05531632700617159;45;26;2;1;7
256;2024-06-19 07:45:21.565304;0,5107705652739627;;2048;0,33804710829124995;0,6771316562763412;1,70572392713779;0,0434498485526885;3243;45483;6917;0,021227791397785013;37;24;2;1;8
257;2024-06-19 07:51:03.782529;0,5132282781552696;;1024;0,44600383672761523;0,769853474626225;1,3972129893189753;0,06646181053213208;3243;45483;6917;0,0017357819071254913;39;28;2;1;7
258;2024-06-19 07:59:48.780774;0,5113488506577997;;1024;0,4656517140991109;0,7222848587480436;1,3959522548489982;0,06635579161329379;3243;45483;6917;0,0015743866840811996;39;28;2;1;7
259;2024-06-19 08:07:23.210429;0,5100477085441666;;1024;0,43764926671099735;0,6211377502192407;1,4295561824288723;0,06644411375568143;3243;45483;6917;0,0018049573377442053;43;27;2;1;7
260;2024-06-19 08:11:39.012779;0,511637993349718;;1024;0,4776013217413981;0,6382097585906034;1,4587792671338422;0,06961379568070472;3243;45483;6917;0,0017797138222816608;41;28;2;1;7
261;2024-06-19 08:17:56.436706;0,5104814225820442;;1024;0,4470556710437015;0,5889624344395323;1,3921956091460683;0,06872387640553845;3243;45483;6917;0,0020653475350965265;62;25;2;1;9
262;2024-06-19 08:24:20.081853;0,5097585658522481;;2048;0,453531035844345;0,8167797506416964;1,3750044836566284;0,06432970025267189;3243;45483;6917;0,0011415578566577632;46;29;2;1;7
263;2024-06-19 08:30:33.465080;0,5097585658522481;;1024;0,5098827232508674;0,464275179851731;1,7842408344187266;0,07194180898712343;3243;45483;6917;0,0014270443977092552;54;31;2;2;7
264;2024-06-19 08:37:29.716306;0,5126499927714327;;1024;0,41790029897684516;0,5047286776720776;1,7616105617165847;0,07609170395353443;3243;45483;6917;0,10123120424850643;52;26;2;3;6
265;2024-06-19 08:47:56.684028;0,5129391354633511;;1024;0,4201829738785267;0,5035917629892038;1,7591635360181632;0,02601171987814428;3243;45483;6917;0,0770774162295615;51;26;2;3;6
266;2024-06-19 08:55:09.991715;0,5120717073875958;;1024;0,41687197575835383;0,5070418284082177;1,7539536452060691;0,02595502291838631;3243;45483;6917;0,08903783217477435;51;26;2;3;5
267;2024-06-19 08:59:39.561894;0,512216278733555;;1024;0,423536286273561;0,8264326017962244;1,73341395901929;0,07536717434354524;3243;45483;6917;0,07624528807945313;39;23;2;3;6
268;2024-06-19 09:07:21.396228;0,5123608500795143;;1024;0,40220948862994366;0,4995914324364257;1,7159274467834997;0,02040023580793259;3243;45483;6917;0,10187980987119974;59;26;2;2;6
269;2024-06-19 09:13:28.306877;0,5127945641173919;;1024;0,4194316660083005;0,7440314400265138;1,6837979596073342;0,08080954566485044;3243;45483;6917;0,12251342742696587;43;25;2;3;4
270;2024-06-19 09:18:04.577726;0,5106259939280035;;1024;0,8669567531769986;0,7364671965569104;1,7044301605592953;0,07955859208911413;3243;45483;6917;0,11544589577262951;44;24;2;3;4
271;2024-06-19 09:24:18.801861;0,5112042793118404;;1024;0,41353424668015293;0,5184591551210982;1,7446226380994265;0,08387106455063552;3243;45483;6917;0,11850996534513254;42;11;2;3;3
272;2024-06-19 09:27:52.652301;0,512216278733555;;1024;0,6429654415748312;0,5587048933986203;1,66274556304791;0,07687383727731323;3243;45483;6917;0,08298193926484426;46;25;2;2;3
273;2024-06-19 09:30:58.405771;0,5093248518143704;;1024;0,21353469661448554;0,5457891567638841;1,681078109566422;0,07210210636110467;3243;45483;6917;0,08966376313667931;40;24;2;3;4
274;2024-06-19 09:36:39.593826;0,5125054214254735;;1024;0,3922566291308627;0,4862666496556516;1,7627919207482892;0,07552343081035767;3243;45483;6917;0,05997633790405596;48;23;2;3;3
275;2024-06-19 09:40:23.337694;0,5123608500795143;;1024;0,5365294537670116;0,770522275574812;1,0496059319721822;0,08088507300269338;3243;45483;6917;0,16722765558093308;43;25;2;3;6
276;2024-06-19 09:46:45.079310;0,5133728495012289;;1024;0,4166613297191925;0,6147616490837879;1,6313177857024483;0,0779035848389065;3243;45483;6917;0,06405808116921012;51;26;2;3;4
277;2024-06-19 09:52:43.993473;0,511637993349718;;1024;0,42578894250134913;0,6048408959583684;1,6289154914607316;0,08281961472978695;3243;45483;6917;0,06223030530846668;52;27;2;3;8
278;2024-06-19 09:59:15.414509;0,5125054214254735;;1024;0,6683097659298499;0,626602196880689;1,5820353969114251;0,07788059585507039;3243;45483;6917;0,06636269999629535;49;41;2;3;6
279;2024-06-19 10:07:08.946967;0,5127945641173919;;1024;0,40652201360525264;0,5787258954126943;1,684507773806556;0,08000481315983418;3243;45483;6917;0,07419049419271798;51;26;2;3;4
280;2024-06-19 10:13:43.362262;0,5127945641173919;;1024;0,40218971724769836;0,5829715212406487;1,6652585504348096;0,08080724163351134;3243;45483;6917;0,07631992894457314;52;29;2;3;4
281;2024-06-19 10:17:27.106352;0,5130837068093104;;1024;0,40010502642768986;0,5835658030994562;1,6835618163588475;0,07994651092727459;3243;45483;6917;0,05259816651394347;46;29;2;3;4
282;2024-06-19 10:22:59.654390;0,5112042793118404;;1024;0,39983813759415365;0,5874829093444217;1,6887511740600119;0,08186260337669976;3243;45483;6917;0,07650298140093573;47;29;2;3;4
283;2024-06-19 10:27:40.536301;0,5126499927714327;;1024;0,4355283374089352;0,6088760543185265;1,654006812092026;0,08113628411322747;3243;45483;6917;0,05278867951685786;45;30;2;3;4
284;2024-06-19 10:32:31.262042;0,5127945641173919;;1024;0,37519027425874346;0,6376060201473362;1,6862240173668708;0,07990217170871002;3243;45483;6917;0,06439069806110367;50;28;2;3;4
285;2024-06-19 10:36:30.097248;0,5123608500795143;;1024;0,3756809264144865;0,6288878529662606;1,6756688822018648;0,0797094723217828;3243;45483;6917;0,06324965957071826;49;31;2;3;4
286;2024-06-19 10:40:57.728911;0,5135174208471881;;8192;0,37704648038942945;0,6140618693606265;1,6393274046992554;0,07985623594498988;3243;45483;6917;0,07603124327484757;47;28;2;3;4
287;2024-06-19 10:47:06.845633;0,5132282781552696;;1024;0,3786818468053989;0,647206286893496;1,662517279946672;0,08507036100181087;3243;45483;6917;0,07119363252261611;46;28;2;3;4
288;2024-06-19 10:51:32.649087;0,5125054214254735;;8192;0,3718280225285148;0,6463790791154818;1,6430476237968925;0,07972750742073786;3243;45483;6917;0,07994748517835987;47;29;2;3;4
289;2024-06-19 10:58:58.305262;0,5126499927714327;;8192;0,4032283973204083;0,6187262396625101;1,6664451280618362;0,08481170633677318;3243;45483;6917;0,07231131156542264;46;28;2;3;4
290;2024-06-19 11:02:26.796093;0,5123608500795143;;8192;0,36041016411737636;0,6563269489833697;1,6346696841333712;0,08133342629170875;3243;45483;6917;0,06863411198468279;50;28;2;3;4
291;2024-06-19 11:10:20.946258;0,5126499927714327;;8192;0,38987297773655866;0,6019298662352255;1,6858171172739433;0,08303044158505901;3243;45483;6917;0,05376754030360178;45;29;2;3;4
292;2024-06-19 11:13:55.069689;0,5107705652739627;;1024;0,3831056750926444;0,6396427048561281;1,6279484593731264;0,07902016195194138;3243;45483;6917;0,0618921081709924;47;31;2;3;4
293;2024-06-19 11:18:15.328514;0,511637993349718;;1024;0,41981048883419986;0,5854641303639359;1,6969353963455496;0,08545495143595945;3243;45483;6917;0,0731657878616945;49;32;2;3;4
294;2024-06-19 11:22:33.445384;0,512216278733555;;1024;0,4056536356012489;0,6125069857719583;1,610970219053465;0,07843262588904718;3243;45483;6917;0,08981256364421386;44;30;2;3;4
295;2024-06-19 11:28:10.749252;0,5119271360416365;;1024;0,3610374284552928;0,5776088228263009;1,6443529266087433;0,08098746887729066;3243;45483;6917;0,055247663156862734;54;27;2;3;4
296;2024-06-19 11:33:22.471097;0,510336851236085;;8192;0,382284296284443;0,6355199607758139;1,6629457468630653;0,08232773776916574;3243;45483;6917;0,06564659743482322;51;27;2;3;4
297;2024-06-19 11:37:41.955849;0,5114934220037588;;1024;0,7926783038891537;0,6694674969064193;1,6812394600597687;0,07859049705259687;3243;45483;6917;0,050830373822654595;49;28;1;3;4
298;2024-06-19 11:42:30.686648;0,5130837068093104;;1024;0,41002546640076554;0,6483642445756748;1,6997625874886586;0,0740319987553967;3243;45483;6917;0,07788757554534634;48;29;2;3;4
299;2024-06-19 11:48:00.731071;0,512216278733555;;1024;0,41390619902653386;0,5657834289853959;1,7118502219525005;0,025616750206645087;3243;45483;6917;0,08446513875938796;46;30;2;3;4
300;2024-06-19 11:54:38.687456;0,5120717073875958;;1024;0,40176498619421036;0,6552968204045636;1,6568722198750214;0,06786399857671631;3243;45483;6917;0,07913548086573713;43;8;2;3;4
301;2024-06-19 12:00:37.940461;0,5123608500795143;;1024;0,42920236857414085;0,602150176499775;1,611738638066609;0,028465589180611352;3243;45483;6917;0,09134768323877646;48;29;2;3;4
302;2024-06-19 12:04:52.182676;0,5123608500795143;;1024;0,3947204264482763;0,671662338872379;1,6524090907403648;0,08396381737891248;3243;45483;6917;0,04671767715242915;23;26;2;3;4
303;2024-06-19 12:10:12.335708;0,5117825646956773;;1024;0,7514490938109413;0,5843073534792098;1,5877894957323138;0,07368080679326343;3243;45483;6917;0,07271653692237343;45;34;2;3;4
304;2024-06-19 12:14:06.430163;0,5126499927714327;;1024;0,3548640801491288;0,6140110543374736;1,7137065389197303;0,07101504233100206;3243;45483;6917;0,05970696483222493;55;27;2;3;4
305;2024-06-19 12:20:10.211930;0,5132282781552696;;1024;0,4123123907400298;0,5536973747885807;1,345592414574833;0,0744933406603835;3243;45483;6917;0,008917641476448945;52;29;2;3;4
306;2024-06-19 12:24:51.830969;0,5112042793118404;;1024;0,4542898647245871;0,5468731912090491;1,3343529652887458;0,07479041751650936;3243;45483;6917;0,007647750012893946;48;28;2;3;4
307;2024-06-19 12:28:55.191402;0,511637993349718;;8192;0,42537382893140935;0,29428036403698576;1,359348753768524;0,07708091479626235;3243;45483;6917;0,04340104772548998;43;31;2;3;4
308;2024-06-19 12:34:52.835223;0,5125054214254735;;1024;0,4156040546098038;0,6994348259171415;1,3810648875917215;0,07303672800329547;3243;45483;6917;0,12694224549414948;46;60;2;3;4
309;2024-06-19 12:39:36.351573;0,5113488506577997;;1024;0,7353362067614019;0,5304615693476472;1,324199398388104;0,07419051632760779;3243;45483;6917;0,010790814998265985;53;27;2;3;4
310;2024-06-19 12:45:37.778301;0,5132282781552696;;1024;0,38215905961278174;0,5597801948729141;1,4024218677746079;0,031619590541253406;3243;45483;6917;0,007352076281549081;56;26;2;3;4
311;2024-06-19 12:51:43.351132;0,5114934220037588;;1024;0,34358820491344316;0,5596988504764244;1,393057548616117;0,022113848888973355;3243;45483;6917;0,006690726961960957;19;32;2;3;4
312;2024-06-19 12:55:37.229587;0,5113488506577997;;1024;0,37513241718892043;0,25839772357973945;1,419012692244461;0,048978784207645495;3243;45483;6917;0,05439295168629612;56;30;2;3;4
313;2024-06-19 13:01:12.584909;0,511637993349718;;1024;0,3855120039898538;0,755382149199404;1,4011632997098642;0,029665791028258885;3243;45483;6917;0,007717372071430555;24;15;2;3;4
314;2024-06-19 13:06:34.041148;0,5129391354633511;;1024;0,3660766220310465;0,540959880496591;1,5050623118761532;0,0279424126115894;3243;45483;6917;0,011725880904381017;56;25;2;3;5
315;2024-06-19 13:15:26.464520;0,5110597079658812;;1024;0,35039408476537454;0,540998919340028;1,523770761158574;0,02600934985222149;3243;45483;6917;0,009457801560713545;60;29;2;3;4
316;2024-06-19 13:20:53.178154;0,5096139945062889;;1024;0,36056611293997143;0,5289239084435865;1,5111335663543597;0,0318956587639691;3243;45483;6917;0,012195592421028552;56;27;2;3;4
317;2024-06-19 13:24:46.201850;0,5119271360416365;;1024;0,36967476896029794;0,5539185832023802;1,3666545715634002;0,027758110828303113;3243;45483;6917;0,006878006435037439;57;26;2;3;8
318;2024-06-19 13:32:22.854802;0,5113488506577997;;1024;0,9159866258508396;0,5198153149112044;1,492281162202778;0,03196520710667436;3243;45483;6917;0,008483621205760287;61;25;2;3;5
319;2024-06-19 13:37:06.985118;0,5035419979760012;;1024;0,3381377687696494;0,6789185343750671;1,4422179546527756;0,023931624070680384;3243;45483;6917;0,6200421994743699;54;28;2;3;5
320;2024-06-19 13:41:19.893382;0,5107705652739627;;1024;0,3214232861336307;0,6243642770445421;1,4682069445920434;0,07070874925592793;3243;45483;6917;0,00918348278982372;59;33;2;3;5
321;2024-06-19 13:47:13.616446;0,5112042793118404;;8192;0,3835885025810048;0,5648638764093578;1,5486309775621225;0,026953251622500778;3243;45483;6917;0,006088401187639685;52;28;2;3;4
322;2024-06-19 13:51:32.329392;0,5119271360416365;;1024;0,4662283784640307;0,6481579275373159;1,3468954585325406;0,029094009841703572;3243;45483;6917;0,01034260812138154;64;26;2;3;5
323;2024-06-19 13:59:15.082531;0,5112042793118404;;1024;0,44236007279448936;0,5959638815281172;1,410651730829498;0,03497439515701743;3243;45483;6917;0,013219120410151056;21;30;5;3;4
324;2024-06-19 14:04:30.438113;0,5109151366199219;;1024;0,36439282915089766;0,5550182314180052;1,379838075495689;0,04574604842978682;3243;45483;6917;0,001629830310797755;55;24;2;1;8
325;2024-06-19 14:11:48.285757;0,5123608500795143;;1024;0,39402395576765475;0,5403003334960599;1,2756775659833826;0,02396989039319031;3243;45483;6917;0,008650256451366065;14;27;2;3;4
326;2024-06-19 14:15:56.052823;0,511637993349718;;1024;0,33056523763275075;0,5208673745963509;1,5026563258542318;0,0687784384400156;3243;45483;6917;0,005630666671317669;49;49;2;1;5
327;2024-06-19 14:21:57.832494;0,5112042793118404;;1024;0,3837702513443687;0,6213906204023371;1,3466248655182544;0,019311311677512998;3243;45483;6917;0,001336314009258791;45;22;2;1;4
328;2024-06-19 14:27:13.309623;0,5125054214254735;;1024;0,5529706747792619;0,6885645459195429;1,4364618745019828;0,06519191721215395;3243;45483;6917;0,010636321681046269;47;23;2;3;7
329;2024-06-19 14:35:29.252269;0,5112042793118404;;1024;0,3526134727892837;0,9259990343025448;1,4001114814254672;0,030919437621820173;3243;45483;6917;0,042847840295853534;58;25;2;1;9
330;2024-06-19 14:40:51.723533;0,5123608500795143;;1024;0,436295961468103;0,7182375201477869;1,526498287445125;0,07520313517355882;3243;45483;6917;0,004337214221164004;53;29;2;1;7
331;2024-06-19 14:47:25.495992;0,5110597079658812;;1024;0,41244682825306106;0,6609842304572011;1,4848353084370454;0,021791382650999218;3243;45483;6917;0,0014923173551769026;31;28;2;3;4
332;2024-06-19 14:52:06.011037;0,5110597079658812;;1024;0,7717387896205826;0,5719941548701271;1,3702520861529564;0,04969085032265025;3243;45483;6917;0,04955290102011729;27;26;2;1;7
333;2024-06-19 14:58:55.921541;0,5106259939280035;;8192;0,3732798705905292;0,22026160552873625;1,5514183377449942;0,07236854602848387;3243;45483;6917;0,011846261664590336;8;30;2;1;7
334;2024-06-19 15:02:57.991026;0,5120717073875958;;1024;0,3969630298465029;0,6008532296443918;1,3060191646070243;0,04619258632893102;3243;45483;6917;0,02053782439093539;50;23;2;3;8
335;2024-06-19 15:13:09.140030;0,512216278733555;;1024;0,4865040489204639;0,5113047303756029;1,592538892965273;0,06668607726858847;3243;45483;6917;0,0018980031629129287;61;32;2;1;4
336;2024-06-19 15:20:03.334562;0,5112042793118404;;1024;0,3166944612699988;0,5367873541448066;1,4480157652846317;0,07700842383487147;3243;45483;6917;0,0016778790763556707;42;24;2;2;6
337;2024-06-19 15:26:16.666108;0,512216278733555;;1024;0,528962169161293;0,6454046560694138;1,425557834742295;0,05253622472713289;3243;45483;6917;0,0012506267944302387;48;13;2;1;7
338;2024-06-19 15:31:35.623356;0,5113488506577997;;1024;0,4590496824826414;0,5675858439923351;1,477895644890318;0,06968413973627813;3243;45483;6917;0,017935556291819636;44;25;2;3;7
339;2024-06-19 15:39:00.194954;0,5133728495012289;;1024;0,4293120012041121;0,6216141760911494;1,6265825968419598;0,06255719987579984;3243;45483;6917;0,014514925886289902;51;27;2;1;4
340;2024-06-19 15:42:22.518997;0,5130837068093104;;1024;0,4300980717502636;0,62760769500288;1,6258136606115376;0,0641505588869757;3243;45483;6917;0,004632069988544611;55;27;1;3;4
341;2024-06-19 15:47:58.262724;0,5015179991325719;;1024;0,059203816238246554;0,6303910533446275;1,5668785497408106;0,06234870273749156;3243;45483;6917;0,014733259569341569;56;27;1;3;4
342;2024-06-19 15:52:14.538975;0,512216278733555;;1024;0,44208397952192224;0,6573580310847151;1,7106191590244813;0,06321738653412441;3243;45483;6917;0,0022217644672975047;54;26;1;3;4
343;2024-06-19 15:58:04.126878;0,5125054214254735;;1024;0,4265972686686603;0,6410546124449464;1,6282939099037848;0,06419479730872943;3243;45483;6917;0,06422685468171556;57;29;2;3;4
344;2024-06-19 16:03:54.046756;0,5117825646956773;;1024;0,46941568894384933;0,6152232378002612;1,6005999653032645;0,061579825544852244;3243;45483;6917;0,09462258260397244;52;28;1;3;4
345;2024-06-19 16:07:41.366160;0,5114934220037588;;1024;0,44457404576212434;0,6956162186301664;1,5644235313049244;0,06547751043763415;3243;45483;6917;0,00983386611039125;60;27;1;3;4
346;2024-06-19 16:12:31.458760;0,5114934220037588;;8192;0,4238154474461977;0,6815753026651433;1,6363538052868685;0,08613542225402364;3243;45483;6917;0,004386427664709916;54;26;2;3;4
347;2024-06-19 16:17:52.307681;0,511637993349718;;1024;0,5783408356581208;0,6167872429512719;1,619234702748722;0,058713127962729525;3243;45483;6917;0,007443762034173355;25;27;1;3;4
348;2024-06-19 16:22:48.136191;0,5119271360416365;;1024;0,8459685415594713;0,6518726792563083;1,6051784143775147;0,04763651453464978;3243;45483;6917;0,003745482451318522;62;28;1;3;4
349;2024-06-19 16:29:23.132598;0,5104814225820442;;1024;0,9822855308123686;0,5998822799667807;1,6609888847833754;0,027333138620577166;3243;45483;6917;0,004821018572163696;58;30;2;3;4
350;2024-06-19 16:34:54.311299;0,5129391354633511;;1024;0,40189121323770105;0,5014378299243838;1,5799950672565661;0,08799523188062564;3243;45483;6917;0,005632098462261594;51;25;2;3;4
351;2024-06-19 16:39:49.180574;0,5127945641173919;;1024;0,3991170413810031;0,4972582399293313;1,5875025297248202;0,0885226627081265;3243;45483;6917;0,004934521890734171;51;25;2;3;4
352;2024-06-19 16:44:40.212233;0,5129391354633511;;1024;0,41983842997567417;0,6284342396287417;1,6178482321794285;0,06706794032649177;3243;45483;6917;0,005777018601048858;51;24;2;3;3
353;2024-06-19 16:48:50.293752;0,5113488506577997;;1024;0,4314248582412706;0,6202188967005506;1,6217979813750967;0,06369742473229761;3243;45483;6917;0,005461286281235316;51;24;2;3;5
354;2024-06-19 16:53:02.943960;0,5129391354633511;;1024;0,4108537888978296;0,6358602748223796;1,6447486779390508;0,06678934124348551;3243;45483;6917;0,006419144691196152;53;36;2;3;5
355;2024-06-19 17:01:32.569074;0,5129391354633511;;1024;0,40617507346550064;0,6691436783674575;1,6348050820781725;0,06719169459267452;3243;45483;6917;0,0047186103308420844;53;34;2;3;3
356;2024-06-19 17:06:02.505853;0,5113488506577997;;1024;0,411090316475604;0,6310665476802175;1,998458254467724;0,06556177796829775;3243;45483;6917;0,05843056676960894;51;39;2;3;3
357;2024-06-19 17:09:57.060438;0,5113488506577997;;1024;0,42300333191072526;0,6433645358721966;1,6426529244063892;0,08688179846606162;3243;45483;6917;0,006400290473231818;50;37;2;3;5
358;2024-06-19 17:16:45.573732;0,5113488506577997;;1024;0,39234036665760985;0,6293878387631485;1,6039150764685077;0,061241081185917305;3243;45483;6917;0,005670672342832722;53;36;2;3;3
359;2024-06-19 17:20:42.969803;0,5110597079658812;;1024;0,4384138385042869;0,6070845737738964;1,5656768362296307;0,06821550587107848;3243;45483;6917;0,009251474617229114;48;33;2;3;5
360;2024-06-19 17:27:43.440981;0,5119271360416365;;1024;0,4121045552355826;0,6539042728573254;1,6559856955863035;0,059319080616078275;3243;45483;6917;0,0064717688908990266;41;32;2;3;3
361;2024-06-19 17:33:45.826773;0,511637993349718;;1024;0,38665764521560275;0,6026575434979722;1,6159750857191881;0,06386469874118945;3243;45483;6917;0,006294777964730157;55;31;1;3;3
362;2024-06-19 17:37:30.941956;0,5130837068093104;;1024;0,4545236208527954;0,6675317150896126;1,6423538579223214;0,06677402487668396;3243;45483;6917;0,008443925051218831;46;25;2;3;5
363;2024-06-19 17:42:31.688049;0,5117825646956773;;1024;0,4511147960498171;0,7802305605345744;1,5409401000514504;0,06529923009501629;3243;45483;6917;0,008428261750186473;46;10;2;3;4
364;2024-06-19 17:48:26.828827;0,5120717073875958;;8192;0,47590515786445475;0,6700177910581089;1,6699932832930153;0,054879554220300476;3243;45483;6917;0,007840473574457161;44;25;2;3;4
365;2024-06-19 17:53:11.107254;0,5110597079658812;;1024;0,45493403969068;0,666924215951189;1,5788203444803655;0,0239919683683711;3243;45483;6917;0,007639395112952866;48;26;2;3;4
366;2024-06-19 17:57:37.179729;0,5104814225820442;;1024;0,4287981738522752;0,588884372030097;1,6244201823542197;0,09078673115542668;3243;45483;6917;0,013750100942631923;29;24;2;3;3
367;2024-06-19 18:00:41.218411;0,511637993349718;;1024;0,388166416858039;0,7040448957069966;1,72656939392521;0,02069368370108792;3243;45483;6917;0,07992160712267814;46;25;2;3;4
368;2024-06-19 18:05:44.101153;0,511637993349718;;1024;0,4458160615197394;0,5215341897194316;1,5953877129913396;0,06246678280364403;3243;45483;6917;0,006945737050345146;39;24;2;3;4
369;2024-06-19 18:11:18.318127;0,5099031371982073;;1024;0,238680252612329;0,6789003504361542;1,6889726961818436;0,03318090767597419;3243;45483;6917;0,010939285550358972;36;27;5;3;5
370;2024-06-19 18:20:56.659743;0,511637993349718;;1024;0,3996327664677182;0,5399049615182635;1,5023555739254268;0,010605553781835572;3243;45483;6917;0,005438174876401332;50;29;2;3;4
371;2024-06-19 18:26:51.103262;0,5125054214254735;;1024;0,46200624073410934;0,6137844821904408;1,4663515042333717;0,02958031017649943;3243;45483;6917;0,06836009437474895;42;23;2;3;4
372;2024-06-19 18:31:50.934098;0,5113488506577997;;1024;0,4272881767512816;0,7103224654050122;1,647193626629258;0,018433133880909388;3243;45483;6917;0,003502692755059803;48;42;2;3;4
373;2024-06-19 18:36:33.179591;0,512216278733555;;1024;0,37238396117790273;0,7235672967468991;1,7043744634420332;0,06810300607212419;3243;45483;6917;0,09701117661134344;46;26;2;3;5
374;2024-06-19 18:40:36.957612;0,5117825646956773;;1024;0,49262786268813663;0,3181536478303746;1,6655821067151264;0,08758781974502197;3243;45483;6917;0,008535793682494418;44;28;2;3;4
375;2024-06-19 18:44:30.116830;0,5119271360416365;;1024;0,6831914333767126;0,6875056227180761;1,517486383421784;0,05997648765880104;3243;45483;6917;0,004072841103792596;40;25;2;3;6
376;2024-06-19 18:53:41.474940;0,5127945641173919;;8192;0,3427486838000559;0,6544742862809435;1,6119863831026229;0,08429477791370203;3243;45483;6917;0,055863924336387136;50;27;2;3;4
377;2024-06-19 19:01:32.771671;0,5126499927714327;;1024;0,40967908494596567;0,5749077382951635;1,6337302204710393;0,05772010189484246;3243;45483;6917;0,08446921568076472;16;12;2;3;4
378;2024-06-19 19:07:14.593408;0,5119271360416365;;1024;0,3878160945749954;0,5037453860607863;1,7328848189945698;0,022376140407669266;3243;45483;6917;0,009651485950653462;38;22;2;3;9
379;2024-06-19 19:17:17.419383;0,512216278733555;;1024;0,4359130539735051;0,5501573252463908;1,5880524604564692;0,06624007074778838;3243;45483;6917;0,016273345836990638;30;24;2;3;3
380;2024-06-19 19:21:13.517192;0,510336851236085;;1024;0,3673508167786058;0,5939168449986938;1,4112817805826856;0,0252101715194184;3243;45483;6917;0,011755095544668703;45;30;2;2;4
381;2024-06-19 19:25:29.359088;0,5127945641173919;;1024;0,4226154455536324;0,6380261090954227;1,5415154106966327;0,07823814437137168;3243;45483;6917;0,06699431804365676;52;29;2;3;4
382;2024-06-19 19:30:52.060886;0,5099031371982073;;1024;0,4590707713060823;0,803153429577657;1,6906410307050597;0,03519968075540077;3243;45483;6917;0,003082751651604434;48;9;2;3;5
383;2024-06-19 19:35:06.239714;0,5119271360416365;;1024;0,4011500719283276;0,8635741661683773;1,4625091310096598;0,027215842799071008;3243;45483;6917;0,04856435374201373;42;23;1;3;6
384;2024-06-19 19:39:58.603010;0,5112042793118404;;1024;0,35424938592315847;0,6222108024792338;1,3049574732141613;0,05187211680031659;3243;45483;6917;0,007017939855328755;55;26;2;3;4
385;2024-06-19 19:45:44.892088;0,5109151366199219;;1024;0,7949120507219709;0,695787117130162;1,5708521821621053;0,06433800119485526;3243;45483;6917;0,005256095309114723;50;25;2;3;8
386;2024-06-19 19:54:25.744641;0,5133728495012289;;1024;0,38052680902757674;0,5243547458953044;1,6614991727649702;0,08272204945999988;3243;45483;6917;0,013518863155890286;47;28;2;3;3
387;2024-06-19 19:59:36.134936;0,5125054214254735;;1024;0,3812745947552464;0,5197784244599067;1,6991668245788674;0,08350980358879306;3243;45483;6917;0,01273863240997741;33;28;2;3;4
388;2024-06-19 20:05:31.417015;0,512216278733555;;8192;0,34131182279643724;0,4901926122188306;1,6712346495837935;0,08322428433756517;3243;45483;6917;0,018658651479210638;44;29;2;3;4
389;2024-06-19 20:11:55.153002;0,5117825646956773;;1024;0,3700557950659873;0,535695263549028;1,724273067619628;0,08564266994492269;3243;45483;6917;0,015699909510094107;46;27;2;3;6
390;2024-06-19 20:22:04.784916;0,5104814225820442;;1024;0,31106395095652645;0,7614442294136374;1,6541034712264875;0,07746145976242853;3243;45483;6917;0,002546279303919923;47;31;2;3;5
391;2024-06-19 20:27:36.927228;0,5123608500795143;;1024;0,3915109261595464;0,5665187421874757;1,966783091844592;0,08187495506280337;3243;45483;6917;0,010798098672116995;44;28;2;2;8
392;2024-06-19 20:34:36.237408;0,5073008529709412;;1024;0,1733456836600773;0,7438906591380474;1,669794037603283;0,031248608144008896;3243;45483;6917;0,07852068115031312;35;30;2;3;4
393;2024-06-19 20:40:40.265832;0,5112042793118404;;1024;0,3534078645454328;0,5101362360012767;1,711938814607503;0,017561894799380987;3243;45483;6917;0,059954792646317354;40;26;2;3;4
394;2024-06-19 20:44:17.453805;0,5109151366199219;;1024;0,301734577727807;0,5503566440389145;1,4332496610589667;0,061278255851696814;3243;45483;6917;0,013979753250800442;10;29;2;3;4
395;2024-06-19 20:49:30.827467;0,5109151366199219;;4096;0,37708342819669854;0,5266443991588292;1,486869840772488;0,054191175604046335;3243;45483;6917;0,0917475157682561;24;27;2;1;5
396;2024-06-19 20:52:52.937920;0,5114934220037588;;1024;0,4025407558711738;0,7290569101359403;1,6392896814307554;0,05624096481601044;3243;45483;6917;0,012529836966985772;20;28;2;3;4
397;2024-06-19 20:58:20.110911;0,5114934220037588;;1024;0,33134024619695707;0,5737938673511245;1,6850050365966183;0,07936721402791051;3243;45483;6917;0,0087378286371303;48;26;2;3;9
398;2024-06-19 21:07:40.559718;0,511637993349718;;1024;0,4997587257630651;0,8503803291111329;1,36198242737943;0,07584994603543516;3243;45483;6917;0,1046331233330005;42;31;2;1;3
399;2024-06-19 21:10:49.295511;0,5075899956628597;;1024;0,9592364686781606;0,147337558668868;1,4520641536949555;0,07160964521813137;3243;45483;6917;0,002257969195700174;45;25;1;3;6
400;2024-06-19 21:15:52.783966;0,5120717073875958;;1024;0,4440848654513709;0,49804166289596785;1,390384909407803;0,05049078066947574;3243;45483;6917;0,017443956384346718;49;27;3;1;4
401;2024-06-19 21:22:28.328034;0,5109151366199219;;8192;0,3597682614469807;0,5944312052657376;1,410231052123108;0,013650714992515203;3243;45483;6917;0,06923201661078762;53;29;2;3;4
402;2024-06-19 21:31:53.248876;0,5120717073875958;;1024;0,38724789790303327;0,5414650212819254;1,2048721065372976;0,02977676481121885;3243;45483;6917;0,01026123863638044;17;22;2;1;4
403;2024-06-19 21:35:19.808723;0,5117825646956773;;512;0,41273633481220184;0,7122000524299952;1,73502889151607;0,024878387587819396;3243;45483;6917;0,04989334089599427;47;28;2;3;4
404;2024-06-19 21:39:59.751715;0,5120717073875958;;1024;0,43515763913112476;0,682356373391153;1,7019047259651754;0,033239730299949845;3243;45483;6917;0,014745027939712607;37;26;2;1;4
405;2024-06-19 21:45:01.045536;0,5113488506577997;;1024;0,4606535383946941;0,3271252527428688;1,526179964518892;0,07853517405464613;3243;45483;6917;0,002779404738747932;55;27;2;3;6
406;2024-06-19 21:51:51.336724;0,5117825646956773;;1024;0,7077177001958534;0,5546840801326395;1,650246331517066;0,06959108006563655;3243;45483;6917;0,022311438284106425;41;31;2;1;9
407;2024-06-19 21:56:04.140454;0,5119271360416365;;1024;0,47748308872367373;0,7473582258003253;1,5521327448545683;0,016213272140891955;3243;45483;6917;0,05624209543009411;43;30;5;3;5
408;2024-06-19 22:02:56.282195;0,507879138354778;;4096;0,37842358116978003;0,7990216151412197;1,5009075068520517;0,03634923555870761;3243;45483;6917;0,0019677347310138845;28;59;2;1;8
409;2024-06-19 22:09:07.451417;0,5119271360416365;;1024;0,4060077906904556;0,30583850361542775;1,6280002950021777;0,07339609085970476;3243;45483;6917;0,042701598264947294;22;25;2;3;4
410;2024-06-19 22:13:17.901750;0,5109151366199219;;1024;0,3542890221432575;0,7850072561474927;1,435928678183765;0,0530282378457403;3243;45483;6917;0,07349166763989154;52;28;2;1;3
411;2024-06-19 22:15:46.549829;0,5114934220037588;;1024;0,3259563023347566;0,6553215500988543;1,5967048527769343;0,08917976149323978;3243;45483;6917;0,007820791022651616;46;23;2;2;4
412;2024-06-19 22:23:38.244009;0,5033974266300419;;1024;0,11244117864971487;0,48568874521785055;1,6749867365182451;0,028543269303730835;3243;45483;6917;0,01269849944789438;49;25;2;3;4
413;2024-06-19 22:28:57.981643;0,510336851236085;;1024;0,5113644715946316;0,5834637906336806;1,9289417251256489;0,08213254300626678;3243;45483;6917;0,003964716196443305;56;24;2;1;8
414;2024-06-19 22:33:00.437516;0,5125054214254735;;1024;0,42773236510973345;0,28254778243715023;1,6520248633723373;0,062343218613146345;3243;45483;6917;0,08499036916658426;34;15;3;3;4
415;2024-06-19 22:38:27.841639;0,5126499927714327;;1024;0,3961641647897146;0,6053495848241159;1,3440949135750595;0,05959646212892407;3243;45483;6917;0,06443546956001739;31;32;2;3;4
416;2024-06-19 22:45:12.844830;0,5101922798901257;;8192;0,8914272550050812;0,5159222812671242;1,758196288169571;0,08713124248629672;3243;45483;6917;0,019628779700460626;50;29;2;1;6
417;2024-06-19 22:49:42.580684;0,48344658088766806;;1024;0,8122450257455591;0,6402219341849058;1,3189379514704769;0,021409178110766203;3243;45483;6917;0,8988960326937558;39;27;2;5;5
418;2024-06-19 22:56:42.132923;0,5120717073875958;;1024;0,3717519968631309;0,5331593216094814;1,0877903949239591;0,08481914331547016;3243;45483;6917;0,010586056141649088;45;26;2;3;4
419;2024-06-19 23:04:36.755085;0,5109151366199219;;1024;0,4171827083871191;0,5758142186496538;1,4787189577608741;0,006255617419685333;3243;45483;6917;0,0022702624749672117;43;16;2;1;4
420;2024-06-19 23:07:55.326303;0,5120717073875958;;1024;0,44613831211872834;0,3430454642307535;1,951377990984261;0,07544115648612602;3243;45483;6917;0,008800437425730185;32;22;2;3;5
421;2024-06-19 23:12:03.644636;0,5125054214254735;;4096;0,3901693392358232;0,9838538836303278;1,7040665750536126;0,04856699192331255;3243;45483;6917;0,2101712165899841;52;8;2;1;8
422;2024-06-19 23:17:26.534954;0,512216278733555;;1024;0,4738636025812983;0,6669584081736233;1,260759605183868;0,03786386604087686;3243;45483;6917;0,05284617163854358;47;26;1;3;9
423;2024-06-19 23:26:58.735433;0,5109151366199219;;1024;0,29216378084624234;0,6157009712619542;1,3726296410035492;0,0263523122455657;3243;45483;6917;0,01487277249399253;54;29;2;1;4
424;2024-06-19 23:31:26.363793;0,5119271360416365;;1024;0,3458869739582591;0,5496691546428698;1,9917550614866624;0,06460589757048656;3243;45483;6917;0,11024252635989207;48;28;2;3;3
425;2024-06-19 23:35:48.725075;0,4535203122741073;;1024;0,40670003170883706;0,598056695740938;1,4065851202412054;0,07977868680502967;3243;45483;6917;0,519404675645237;41;17;2;3;4
426;2024-06-19 23:39:25.138313;0,5112042793118404;;1024;0,37075244626381415;0,56108027582079;1,6186510615495957;0,0771392047408456;3243;45483;6917;0,003050424119199753;27;33;2;1;6
427;2024-06-19 23:44:15.667097;0,5114934220037588;;512;0,6098465632218739;0,5022460320903934;1,5750813907504093;0,055886018833172686;3243;45483;6917;0,07618482955160058;57;47;2;3;4
428;2024-06-19 23:50:15.395360;0,5120717073875958;;1024;0,5692268474341452;0,6526851493471751;1,677631931406144;0,06940953148574343;3243;45483;6917;0,13148760520711858;21;24;2;1;4
429;2024-06-19 23:55:45.851978;0,511637993349718;;1024;0,42863756253547297;0,6228330711468925;1,727712964541251;0,022926296303828815;3243;45483;6917;0,09060916389653617;50;30;2;3;4
430;2024-06-19 23:59:31.442157;0,5113488506577997;;8192;0,3899495097338682;0,4735083333973529;1,3309879015523547;0,06318193067713003;3243;45483;6917;0,007297890199444892;45;27;2;1;7
431;2024-06-20 00:03:53.220096;0,5120717073875958;;1024;0,41667650441860143;0,5257712576808886;1,4633817241583789;0,011560997855703019;3243;45483;6917;0,04024810905368338;52;23;2;3;3
432;2024-06-20 00:07:57.141462;0,5010842850946943;;1024;0,058724885436610974;0,685105102215881;1,4244866461202956;0,049818445810066135;3243;45483;6917;0,004484274110984577;38;34;3;1;5
433;2024-06-20 00:16:14.029803;0,5117825646956773;;1024;0,45018306362468674;0,5880151008799398;1,787935468069095;0,058418989820791765;3243;45483;6917;0,06156577674123709;43;14;2;3;8
434;2024-06-20 00:22:39.579162;0,5112042793118404;;1024;0,36064219086611116;0,7256141446449358;1,642982015343551;0,07299840926627604;3243;45483;6917;0,023447570302981984;47;25;2;1;7
435;2024-06-20 00:27:39.310170;0,512216278733555;;1024;0,2724823960101338;0,3583805166035754;1,5332303692069131;0,08156200031478136;3243;45483;6917;0,0018846830700425016;49;28;2;3;4
436;2024-06-20 00:32:40.521876;0,5127945641173919;;4096;0,6910842867657235;0,5666995950673235;1,6720144072590044;0,020113009787765024;3243;45483;6917;0,016669603050048304;54;27;2;3;4
437;2024-06-20 00:40:41.306520;0,5117825646956773;;1024;0,541355390648045;0,6357450065945347;1,601539892307434;0,09130639704701979;3243;45483;6917;0,04717735344925273;45;26;2;1;7
438;2024-06-20 00:45:15.616490;0,5107705652739627;;1024;0,3351931818836498;0,6109082399085954;1,3566952766228262;0,04078028271482295;3243;45483;6917;0,011840555336884795;36;21;1;2;7
439;2024-06-20 00:49:50.899106;0,5125054214254735;;1024;0,39833635475745605;0,5413518385769114;1,6961356592021168;0,07679103061838005;3243;45483;6917;0,009580400507208165;25;30;2;3;6
440;2024-06-20 00:57:34.809151;0,5135174208471881;;1024;0,3786686511276024;0,8725050186787673;1,389489325821622;0,06087189835380092;3243;45483;6917;0,0010420842179939117;40;24;2;1;4
441;2024-06-20 01:00:42.612775;0,512216278733555;;1024;0,37348401975705103;0,8446728128885425;1,419434031867838;0,060823028169617314;3243;45483;6917;0,0016893948296071808;40;24;2;1;4
442;2024-06-20 01:03:51.656761;0,5120717073875958;;1024;0,34756926483898865;0,8359728574074535;1,3974839564713246;0,0626588248924938;3243;45483;6917;0,0021360290973527507;38;52;2;1;5
443;2024-06-20 01:09:41.581945;0,5114934220037588;;8192;0,7082417690155226;0,7576215024351381;1,3675637084304328;0,06567300774923214;3243;45483;6917;0,0027674278074561625;40;22;2;1;9
444;2024-06-20 01:17:48.337545;0,5127945641173919;;1024;0,48740876275847744;0,6711245154719545;1,745999168729049;0,057806603997213435;3243;45483;6917;0,001032948838181085;42;23;2;1;7
445;2024-06-20 01:26:12.329982;0,5113488506577997;;1024;0,38006999305098144;0,8971874135101793;1,447931028624509;0,015096516123082791;3243;45483;6917;0,0024631187784483577;42;20;2;1;4
446;2024-06-20 01:30:13.455410;0,5110597079658812;;1024;0,9380162103428464;0,9250450353714887;1,3806244823760938;0,03478896384096244;3243;45483;6917;0,0010331691881726684;37;31;2;1;8
447;2024-06-20 01:36:18.065012;0,5119271360416365;;1024;0,5147959478162503;0,8198764272998906;1,401072107396527;0,0673039559290801;3243;45483;6917;0,0013289283593879062;44;24;2;1;7
448;2024-06-20 01:42:35.721572;0,5125054214254735;;1024;0,4363617595489062;0,8441378870192076;1,3870437147190604;0,06045200531928144;3243;45483;6917;0,0012965021393039691;19;29;2;1;4
449;2024-06-20 01:45:42.251725;0,5123608500795143;;1024;0,4611002350441337;0,8252817366231625;1,7239011648911489;0,02779269792371343;3243;45483;6917;0,0035936686964305542;10;26;2;5;4
450;2024-06-20 01:51:54.102892;0,5109151366199219;;1024;0,35934712391271784;0,9599292714194597;1,781533831388222;0,052001641621444154;3243;45483;6917;0,001409937037441645;46;27;2;1;3
451;2024-06-20 01:55:11.543944;0,5099031371982073;;4096;0,311573762572121;0,6441578235314372;1,4322626463255765;0,06467588477524323;3243;45483;6917;0,00107125071310008;27;23;2;1;7
452;2024-06-20 02:00:24.165003;0,5117825646956773;;1024;0,4193342095048642;0,5951006136008754;1,7154033271536917;0,03096215052201248;3243;45483;6917;0,0014683839447911969;39;28;2;1;7
453;2024-06-20 02:10:05.651100;0,5104814225820442;;512;0,38657910956103175;0,90864604691129;1,6667091593427925;0,0717426255397387;3243;45483;6917;0,0019005801945364096;8;21;2;1;6
454;2024-06-20 02:14:04.390340;0,512216278733555;;1024;0,6250517774335675;0,8674854101127929;1,4899540365226451;0,07445401422279355;3243;45483;6917;0,0031348969171697523;41;26;3;1;4
455;2024-06-20 02:18:29.400306;0,5126499927714327;;1024;0,3390612773985665;0,8618318783297364;1,5136182518951737;0,07834355602139782;3243;45483;6917;0,01366163842386545;14;32;2;1;7
456;2024-06-20 02:24:27.966122;0,5117825646956773;;1024;0,41043330796031163;0,6896391430515376;1,3397884156225166;0,0542468807111158;3243;45483;6917;0,0010903560091480157;56;29;2;1;4
457;2024-06-20 02:28:34.736041;0,5125054214254735;;1024;0,3658165932250263;0,8755378800150403;1,132681309911747;0,08037563093545722;3243;45483;6917;0,0016952655916832454;44;11;2;1;5
458;2024-06-20 02:33:09.541386;0,5081682810466965;;8192;0,25374109724769467;0,9459006514907876;1,6871818213752403;0,01859669587096993;3243;45483;6917;0,07137833686468395;48;25;2;1;7
459;2024-06-20 02:37:52.384188;0,5107705652739627;;1024;0,44239226773231666;0,726751574636441;1,0308043233933828;0,06309668732623938;3243;45483;6917;0,0011349395826581543;43;64;2;1;8
460;2024-06-20 02:46:41.260067;0,5127945641173919;;1024;0,3923543000712271;0,8202373602457986;1,451806043978284;0,04408599022746838;3243;45483;6917;0,03365829355193457;58;22;2;3;4
461;2024-06-20 02:51:57.164834;0,5125054214254735;;1024;0,32377488135101234;0,8889849607312508;1,6350176496916378;0,03241448891721417;3243;45483;6917;0,0012248211112191514;36;27;2;1;4
462;2024-06-20 02:55:49.996083;0,5101922798901257;;1024;0,7507526844503525;0,8763362902180684;1,7625802725087798;0,047091592909547446;3243;45483;6917;0,018351056658269936;34;24;1;3;7
463;2024-06-20 03:03:38.239842;0,5106259939280035;;4096;0,4270674756983175;0,21259104039457621;1,945792748265153;0,024715223316144057;3243;45483;6917;0,0026047817729426205;50;30;2;2;4
464;2024-06-20 03:07:14.278915;0,5117825646956773;;1024;0,4645926126675005;0,5737282885605386;1,415288943648455;0,0695299499206403;3243;45483;6917;0,08657885308091263;46;28;2;1;6
465;2024-06-20 03:12:35.301956;0,5106259939280035;;1024;0,37948218828011554;0,8541437138016249;1,8208531433780537;0,038211378068456044;3243;45483;6917;0,0020760544200503174;53;35;2;3;4
466;2024-06-20 03:19:13.532541;0,5117825646956773;;1024;0,4855312662510725;0,8953557260444759;1,3878604862129305;0,056795094421555864;3243;45483;6917;0,10001458598466305;48;25;2;1;7
467;2024-06-20 03:23:47.354429;0,5120717073875958;;1024;0,40765125071916664;0,9902521026636861;1,3112611825672567;0,08281372086504053;3243;45483;6917;0,05924882656000932;29;23;2;3;3
468;2024-06-20 03:27:23.110420;0,5110597079658812;;1024;0,7624158860990982;0,7390635489511547;1,6562286912307072;0,06645992123229047;3243;45483;6917;0,020714337177930794;40;26;2;1;5
469;2024-06-20 03:32:24.398952;0,5125054214254735;;1024;0,3533569884993882;0,797563354597901;1,4745819011277366;0,05041914531287243;3243;45483;6917;0,012749828159234224;51;22;2;3;7
470;2024-06-20 03:42:07.711321;0,5117825646956773;;1024;0,5223279522802937;0,6195585455151309;1,8883579587464001;0,05944701376540662;3243;45483;6917;0,00361826873780575;55;17;2;1;8
471;2024-06-20 03:47:51.516302;0,511637993349718;;1024;0,6018106434147675;0,5576599030306202;1,7303966194206817;0,07591953523297078;3243;45483;6917;0,011292880688183892;44;20;2;3;4
472;2024-06-20 03:54:28.898554;0,5117825646956773;;1024;0,4441388327972425;0,7974858889962092;1,3566590290892713;0,04245485266853461;3243;45483;6917;0,001602382168696632;46;28;2;1;4
473;2024-06-20 03:59:35.282623;0,5130837068093104;;8192;0,392909684495937;0,7663381985274702;1,7007321167035796;0,022849183461107148;3243;45483;6917;0,026477798706022168;42;29;2;3;7
474;2024-06-20 04:06:06.222179;0,5119271360416365;;4096;0,9001710624806607;0,8078828940627335;1,7050149833824655;0,022072471087331548;3243;45483;6917;0,028762706195894962;42;12;2;3;7
475;2024-06-20 04:10:49.919756;0,5113488506577997;;8192;0,4157318348193216;0,7158110432243558;1,6688432322909796;0,019810089291500924;3243;45483;6917;0,024526502711981757;24;30;5;1;7
476;2024-06-20 04:17:14.992543;0,5120717073875958;;8192;0,6424792195864093;0,8447348750249783;1,2849049017440732;0,07902909059838305;3243;45483;6917;0,027209679874563807;38;31;2;3;7
477;2024-06-20 04:23:33.824301;0,5110597079658812;;8192;0,557064702191969;0,6667735883813737;1,696006392933943;0,061394315840029655;3243;45483;6917;0,03585953206490946;41;29;2;1;7
478;2024-06-20 04:28:26.209176;0,5120717073875958;;8192;0,3959463683484708;0,7080151198316301;1,7434761857201353;0,02308180960769948;3243;45483;6917;0,025619609000160377;43;32;2;3;7
479;2024-06-20 04:34:25.302829;0,5110597079658812;;512;0,8631708187049272;0,7861658006326165;1,6332625625075516;0,0849332007684469;3243;45483;6917;0,01986109143040291;45;28;2;1;9
480;2024-06-20 04:47:52.192674;0,5119271360416365;;8192;0,4307968406965812;0,6523720135118113;1,6829142612382826;0,01756545588576605;3243;45483;6917;0,03137302710254393;41;29;3;3;7
481;2024-06-20 04:58:00.631901;0,511637993349718;;8192;0,382716111296462;0,7723858112909637;1,7173708381558341;0,06799350540589676;3243;45483;6917;0,06695196443978352;35;27;2;1;7
482;2024-06-20 05:03:48.566610;0,5114934220037588;;8192;0,40537269100275997;0,7035238754841411;1,6098577833870114;0,03990170750256183;3243;45483;6917;0,022461226413877756;48;31;1;3;7
483;2024-06-20 05:09:42.923402;0,511637993349718;;8192;0,585411206316401;0,7811861958642092;1,761517103501449;0,07435344166580854;3243;45483;6917;0,04477034238580967;47;33;2;1;7
484;2024-06-20 05:15:46.038704;0,5080237097007373;;8192;0,45441808268907313;0,8215027683833419;1,658184590476204;0,04862313663902724;3243;45483;6917;0,0024070488692387584;39;27;2;3;7
485;2024-06-20 05:25:59.961369;0,5123608500795143;;1024;0,4185715894902021;0,7823993907779163;1,3714823553628173;0,07109116030023498;3243;45483;6917;0,0078114732403362416;44;21;2;1;7
486;2024-06-20 05:31:42.306041;0,5127945641173919;;8192;0,3935829354440793;0,7642429107020626;1,79693191542473;0,0642580024042376;3243;45483;6917;0,052024012810433576;23;29;2;3;8
487;2024-06-20 05:37:35.137150;0,5113488506577997;;1024;0,4334295914336405;0,7540845409934563;1,6945897080511532;0,07725424297181246;3243;45483;6917;0,01659041168365705;32;30;2;1;4
488;2024-06-20 05:40:28.042876;0,5129391354633511;;1024;0,3786840672185736;0,6351781446103946;1,3339110350095156;0,03652910942039552;3243;45483;6917;0,0049131586178433545;50;18;2;3;7
489;2024-06-20 05:47:21.107734;0,5127945641173919;;1024;0,47616948276279547;0,8080237515640192;1,9160107253998304;0,08076421440652189;3243;45483;6917;0,08101786017602482;42;28;2;5;4
490;2024-06-20 05:55:14.314839;0,511637993349718;;4096;0,3531726590551429;0,7616470957483733;1,4083949533452595;0,06265194307940301;3243;45483;6917;0,004305207201709089;46;26;2;1;4
491;2024-06-20 05:58:48.629457;0,5104814225820442;;1024;0,4960594724731678;0,83112001767977;1,6428296347033886;0,051861568779558;3243;45483;6917;0,0019454153135531988;40;55;2;3;7
492;2024-06-20 06:06:11.014459;0,5120717073875958;;1024;0,4062121855463589;0,6062110165313596;1,719512330666548;0,046588430918320434;3243;45483;6917;0,07184162272533351;49;19;2;1;4
493;2024-06-20 06:09:03.448460;0,5094694231603296;;1024;0,8014766212190664;0,9278118532394484;1,6724117468943787;0,08225124416337506;3243;45483;6917;0,25676187623547186;20;27;2;3;7
494;2024-06-20 06:15:30.779819;0,5125054214254735;;1024;0,8547677863220311;0,6963332691077686;1,4251595817009362;0,05426012252008558;3243;45483;6917;0,002876376372159904;52;15;2;1;4
495;2024-06-20 06:20:56.398702;0,500939713748735;;1024;0,09503214847263575;0,3347493895524575;1,9722968476513956;0,012508026452499908;3243;45483;6917;0,038451948376464214;33;25;2;4;3
496;2024-06-20 06:25:25.906464;0,5104814225820442;;8192;0,4528897060684704;0,7421651200409918;1,7436866229614751;0,04434902614285087;3243;45483;6917;0,006122190150492543;43;23;2;1;8
497;2024-06-20 06:30:28.965716;0,5107705652739627;;1024;0,3677557311065307;0,5890498123084718;1,6024082604391994;0,019689672355491197;3243;45483;6917;0,0012399928603799024;45;10;2;2;7
498;2024-06-20 06:38:40.427712;0,5119271360416365;;1024;0,4233981131276805;0,62778768514122;1,8609972449699033;0,06585564156641771;3243;45483;6917;0,057755526872677786;38;24;1;3;4
499;2024-06-20 06:43:38.185228;0,5120717073875958;;1024;0,39093430936737966;0,6772902173491693;1,7726812335061375;0,05916942927930552;3243;45483;6917;0,009512822313975947;47;30;2;3;9
500;2024-06-20 06:55:39.798764;0,5055659968194304;;1024;0,43487206163131237;0,6110735550641542;1,6239574289624268;0,07239843394333617;3243;45483;6917;0,3572204582791312;49;29;2;1;7
501;2024-06-20 06:59:18.213394;0,5097585658522481;;1024;0,3350093262988234;0,6438515450149629;1,3911570007002432;0,07807700930097675;3243;45483;6917;0,001566070230150945;37;27;2;3;10
502;2024-06-20 07:08:49.033191;0,5120717073875958;;1024;0,5426710470285916;0,6567115808381763;1,352123974799737;0,06841592033297146;3243;45483;6917;0,096292896636544;51;26;2;1;7
503;2024-06-20 07:16:03.117400;0,5038311406679196;;4096;0,37600036947372206;0,5802077731559787;1,2244451202850226;0,021529121300341927;3243;45483;6917;0,0021724456982201404;9;38;2;3;4
504;2024-06-20 07:19:09.950027;0,5099031371982073;;1024;0,2977537941012861;0,8768444037342986;1,6941797595979997;0,025234000528972275;3243;45483;6917;0,022784147201515056;22;28;3;1;4
505;2024-06-20 07:23:45.382899;0,5129391354633511;;512;0,4090581536880076;0,9566523218222505;1,822727348364502;0,0761161802572683;3243;45483;6917;0,030619714473807225;12;9;2;3;7
506;2024-06-20 07:33:45.583371;0,5087465664305335;;1024;0,21382348851006872;0,36274423819749185;1,6500643781615718;0,08003687855772333;3243;45483;6917;0,0033310401802566537;42;31;2;1;4
507;2024-06-20 07:40:02.132492;0,5119271360416365;;1024;0,4686188654976153;0,8952469834297265;1,566546516242209;0,03447215088751266;3243;45483;6917;0,01809212536703158;53;26;2;3;7
508;2024-06-20 07:50:03.927208;0,510336851236085;;8192;0,39982199636678656;0,736153791956919;1,436323607344434;0,008873492246230102;3243;45483;6917;0,07875989325036889;31;22;2;1;6
509;2024-06-20 07:54:52.675174;0,5114934220037588;;2048;0,6800404974452572;0,7724712591685414;1,894181317877397;0,08350748989540066;3243;45483;6917;0,006848767455255815;45;20;2;3;3
510;2024-06-20 07:57:47.413622;0,5129391354633511;;1024;0,35801683247115784;0,30793330592069434;1,7210678156523254;0,04933036849725412;3243;45483;6917;0,06254000110478267;40;13;2;1;4
511;2024-06-20 08:03:24.376027;0,5117825646956773;;1024;0,44525387323621246;0,8005635345628799;1,9970309598736455;0,056969471609421604;3243;45483;6917;0,1453570427529989;47;35;2;4;8
512;2024-06-20 08:12:04.561425;0,512216278733555;;1024;0,42233213549430604;0,2716553239520009;1,675571966938108;0,01589436359667765;3243;45483;6917;0,10979403594505471;44;25;5;3;7
513;2024-06-20 08:27:28.295381;0,5117825646956773;;1024;0,38383864622948816;0,8359025631322493;1,2946896280835176;0,06178960854405752;3243;45483;6917;0,04345277741453063;16;24;2;1;4
514;2024-06-20 08:30:34.976893;0,5126499927714327;;1024;0,5005437797613693;0,6265696410493237;1,31725074331567;0,07372226975368194;3243;45483;6917;0,00174188660544306;23;28;1;3;7
515;2024-06-20 08:39:23.736227;0,5114934220037588;;1024;0,31841582973760263;0,5970101565139712;1,6151439556538854;0,05296833915503413;3243;45483;6917;0,014677965556604352;59;30;2;1;4
516;2024-06-20 08:44:28.988249;0,5107705652739627;;1024;0,9343909210793114;0,8626362046497378;1,4576772525682082;0,02324864802664063;3243;45483;6917;0,0010186026197778026;49;8;2;5;7
517;2024-06-20 08:56:08.934205;0,5091802804684111;;8192;0,368271329010567;0,9805180424302788;1,3703388198993363;0,06449472734163095;3243;45483;6917;0,05042777067960064;54;27;2;3;9
518;2024-06-20 09:02:12.600335;0,510336851236085;;1024;0,833403234479192;0,6654304039940352;1,1576437319144415;0,06962197390829376;3243;45483;6917;0,025445508199554018;25;45;2;1;4
519;2024-06-20 09:06:45.698611;0,5074454243169004;;4096;0,7468479410374758;0,5645241108820777;1,9344824835640941;0,04240679088700965;3243;45483;6917;0,004066324009360755;29;21;2;3;7
520;2024-06-20 09:14:42.921025;0,5127945641173919;;1024;0,39997254122846343;0,6846811651324984;1,4063436948666965;0,045221174301949635;3243;45483;6917;0,001437495287921984;51;24;2;1;8
521;2024-06-20 09:20:02.351118;0,5110597079658812;;1024;0,34367414687965303;0,9181104157582776;1,2632985038730364;0,06002839235481337;3243;45483;6917;0,008162412935312776;47;29;2;3;4
522;2024-06-20 09:25:34.558700;0,5123608500795143;;1024;0,42911215930393054;0,4811590288636197;1,7008751744938766;0,09311640395343948;3243;45483;6917;0,020370874674665876;42;32;2;2;3
523;2024-06-20 09:28:35.054353;0,5114934220037588;;1024;0,4588790867605015;0,6155210068946196;1,6371686474746368;0,08560989920053641;3243;45483;6917;0,0024016206381278055;56;33;2;1;7
524;2024-06-20 09:34:04.468042;0,5123608500795143;;1024;0,5257026128231798;0,7078091707676659;1,7476278360102355;0,039073362587134355;3243;45483;6917;0,06913249518634501;44;56;2;3;6
525;2024-06-20 09:40:03.743935;0,5107705652739627;;1024;0,2818351755112427;0,5160948303990895;1,6768715235526592;0,06694118994120651;3243;45483;6917;0,005196850990950706;36;23;3;1;4
526;2024-06-20 09:43:40.581911;0,512216278733555;;1024;0,5647654266806618;0,6460244226337443;1,0202594159039247;0,07812023061420026;3243;45483;6917;0,08482438325405425;39;58;2;3;7
