version;datetime;validation;test;batch_size;gamma_scheduler;gamma_tabnet;len_test;len_train;len_val;lr;n_a;n_d;n_independent;n_shared;n_steps
0;2024-05-31 09:04:40.433515;0,48590633130962707;;8192;0,5958304572635063;1,6214310339414881;2631;18443;4612;0,3599618755742262;36;12;1;4;9
1;2024-05-31 09:17:19.711854;0,5071552471812663;;1024;0,12127496378558612;1,0801363452563757;2631;18443;4612;0,125953942457799;50;42;3;3;7
2;2024-05-31 09:36:26.565324;0,5136600173460538;;1024;0,9080434795604269;1,0968257830086345;2631;18443;4612;0,00447105265789505;20;25;3;4;8
3;2024-05-31 09:53:07.197153;0,5112749349522984;;512;0,8006553695559606;1,1831537332785413;2631;18443;4612;0,055539462608842;15;13;5;1;10
4;2024-05-31 10:09:15.264169;0,502601908065915;;1024;0,8506009237990354;1,8811360801686907;2631;18443;4612;0,13106770726931163;22;14;4;1;10
5;2024-05-31 10:25:41.293814;0,5088898525585429;;2048;0,4488269319822227;1,1808511603518752;2631;18443;4612;0,00417593993012031;49;21;4;4;3
6;2024-05-31 10:40:05.603500;0,41912402428447526;;8192;0,2854365877857425;1,321148741037476;2631;18443;4612;0,013210407381571507;59;41;5;3;5
7;2024-05-31 10:46:00.792119;0,51561144839549;;2048;0,4228682279644116;1,0509204449723721;2631;18443;4612;0,12653267138403929;37;11;4;2;3
8;2024-05-31 10:54:54.916409;0,51040763226366;;4096;0,6867281866986626;1,3547338437107603;2631;18443;4612;0,008302019031215377;16;58;2;2;5
9;2024-05-31 11:09:34.305868;0,4336513443191674;;8192;0,7066060961602175;1,3638456988571663;2631;18443;4612;0,0010771698005246823;35;14;5;2;8
10;2024-05-31 11:45:36.173685;0,4735472679965308;;2048;0,4122139623937743;1,0247996854714707;2631;18443;4612;0,7640005472350205;8;8;2;5;3
11;2024-05-31 11:48:32.909666;0,5112749349522984;;1024;0,9787531980114372;1,01862219053742;2631;18443;4612;0,029315897170889917;27;24;3;5;6
12;2024-05-31 11:58:17.558290;0,51040763226366;;2048;0,9887412088388161;1,1466979790380292;2631;18443;4612;0,004007979478368437;30;8;4;2;8
13;2024-05-31 12:27:03.895114;0,5162619254119688;;512;0,5861561666603219;1,006156992721043;2631;18443;4612;0,03343652957531343;19;24;2;4;4
14;2024-05-31 12:38:24.031376;0,5093235039028621;;512;0,520285400225629;1,014570541221054;2631;18443;4612;0,04603546451200646;40;20;1;3;4
15;2024-05-31 12:43:31.061198;0,5153946227233305;;512;0,363925423868396;1,2039835273509532;2631;18443;4612;0,1551735025085016;63;17;2;2;4
16;2024-05-31 12:51:18.098581;0,511925411968777;;4096;0,5676456725300377;1,2485605666164534;2631;18443;4612;0,029276389077309187;25;10;2;4;4
17;2024-05-31 13:03:33.981505;0,5067215958369471;;2048;0,3017296239914731;1,0929323733044312;2631;18443;4612;0,3032975928276939;18;29;4;1;3
18;2024-05-31 13:07:53.717606;0,5110581092801387;;512;0,656293970427686;1,4558302124415847;2631;18443;4612;0,08351685571871091;30;18;3;3;5
19;2024-05-31 13:34:54.083738;0,5149609713790113;;2048;0,5183709903428337;1,0007694444785264;2631;18443;4612;0,030060349329039393;12;10;1;5;6
20;2024-05-31 13:48:36.009105;0,5073720728534259;;512;0,7675377285276402;1,102299521989042;2631;18443;4612;0,07197900626277742;23;17;4;4;4
21;2024-05-31 13:59:52.415230;0,5093235039028621;;512;0,3863483415451176;1,2279821153864148;2631;18443;4612;0,17629626020331624;62;16;2;2;4
22;2024-05-31 14:10:29.463603;0,5065047701647876;;512;0,4775505441116756;1,134057403590194;2631;18443;4612;0,19532242589019866;47;17;2;2;3
23;2024-05-31 14:15:03.896829;0,5110581092801387;;512;0,5982243965055237;1,0604308128122102;2631;18443;4612;0,099028025279595;42;11;2;2;5
24;2024-05-31 14:25:56.375550;0,46509106678230705;;512;0,3569394885235117;1,070852967531481;2631;18443;4612;0,30856177366286514;63;28;1;1;4
25;2024-05-31 14:30:16.929413;0,49522983521248914;;4096;0,5008837549418804;1,1612920849465362;2631;18443;4612;0,06300996425476624;54;15;3;3;3
26;2024-05-31 14:34:27.833791;0,4666088464874241;;2048;0,418611349770616;1,050268750730453;2631;18443;4612;0,4773459375098857;42;20;3;3;6
27;2024-05-31 14:41:53.286696;0,5086730268863834;;512;0,3225943846164154;1,2271930845390477;2631;18443;4612;0,19931132065806054;54;14;2;2;4
28;2024-05-31 14:47:06.302582;0,4616218560277537;;512;0,24679415948292832;1,1211649466705667;2631;18443;4612;0,9129548306388628;31;12;1;1;5
29;2024-05-31 14:52:28.140050;0,5075888985255854;;8192;0,591995563696756;1,0536556124960617;2631;18443;4612;0,12389034080313734;37;12;1;3;3
30;2024-05-31 14:57:35.300598;0,5153946227233305;;2048;0,4507759390399507;1,0035977119882182;2631;18443;4612;0,04926624454181584;35;18;2;4;7
31;2024-05-31 15:12:35.480754;0,511925411968777;;2048;0,44726218690047803;1,0145354699194566;2631;18443;4612;0,0497870391946676;34;18;2;4;7
32;2024-05-31 15:26:16.212743;0,5065047701647876;;2048;0,5457596060858834;1,0046172028586091;2631;18443;4612;0,08300685695614787;41;23;3;5;7
33;2024-05-31 15:46:02.387110;0,5078057241977451;;2048;0,4772618106176382;1,0857115311300165;2631;18443;4612;0,019632935754095308;46;16;2;4;9
34;2024-05-31 15:52:36.583467;0,5065047701647876;;2048;0,3675328816906268;1,119030832675042;2631;18443;4612;0,042503772929059436;25;19;3;4;7
35;2024-05-31 15:59:54.084146;0,5106244579358196;;512;0,2322964198360038;1,0644528998488567;2631;18443;4612;0,1203088028608351;54;22;2;3;6
36;2024-05-31 16:07:14.220538;0,5106244579358196;;1024;0,45013379424402566;1,1852210587449212;2631;18443;4612;0,06578288159319752;21;26;3;4;9
37;2024-05-31 16:25:01.469185;0,48612315698178665;;8192;0,15222608081446715;1,051736741361761;2631;18443;4612;0,1396603692768984;36;30;1;2;8
38;2024-05-31 16:28:43.029167;0,5069384215091067;;4096;0,4018492632456924;1,109729730251736;2631;18443;4612;0,043494121186697966;47;15;4;3;5
39;2024-05-31 16:32:41.326240;0,5121422376409367;;1024;0,3457554857472401;1,1744721300982595;2631;18443;4612;0,08707757656752674;56;21;5;4;4
40;2024-05-31 16:43:16.792434;0,5114917606244579;;2048;0,6319336424254127;1,0404693794198598;2631;18443;4612;0,017496180958595654;51;13;2;5;3
41;2024-05-31 16:45:59.533313;0,5147441457068517;;2048;0,5357267862851732;1,0161693959370244;2631;18443;4612;0,036000619467846155;13;10;1;5;6
42;2024-05-31 16:52:29.175169;0,5134431916738942;;2048;0,5026896487070166;1,0034190955563937;2631;18443;4612;0,05539707697413219;19;10;1;5;6
43;2024-05-31 16:59:53.303734;0,5099739809193409;;2048;0,5608491208641372;1,0020948181367844;2631;18443;4612;0,03278394650205143;13;9;1;5;8
44;2024-05-31 17:07:05.703720;0,5134431916738942;;2048;0,43529776008296384;1,0776219730973031;2631;18443;4612;0,10404401537066134;64;11;2;4;5
45;2024-05-31 17:12:15.389902;0,5071552471812663;;2048;0,3927970886011325;1,031547348786552;2631;18443;4612;0,02292494948092709;28;9;3;5;7
46;2024-05-31 17:17:11.890271;0,51561144839549;;512;0,5073673966917526;1,0891181628299003;2631;18443;4612;0,013730753582158646;32;14;1;2;4
47;2024-05-31 17:21:42.849691;0,51561144839549;;512;0,47125221267090733;1,0950772726674596;2631;18443;4612;0,010119475605242791;32;13;5;2;4
48;2024-05-31 17:24:59.493197;0,5132263660017347;;512;0,48750667970442063;1,1388901164302327;2631;18443;4612;0,010910770263044144;31;14;5;2;4
49;2024-05-31 17:30:12.510547;0,514093668690373;;512;0,5930253820073369;1,1004934524123737;2631;18443;4612;0,007802254261488114;24;13;5;2;3
50;2024-05-31 17:33:03.080139;0,5095403295750217;;512;0,5301222220351879;1,1851451189703206;2631;18443;4612;0,01358353791854656;28;13;4;1;4
51;2024-05-31 17:36:34.703933;0,5151777970511708;;512;0,4583831740615278;1,0825493779600321;2631;18443;4612;0,023563924964420422;38;19;5;2;4
52;2024-05-31 17:43:55.558493;0,5117085862966175;;512;0,4073392949446378;1,0384209010909058;2631;18443;4612;0,006573546019846756;22;16;4;2;3
53;2024-05-31 17:46:51.515780;0,516695576756288;;512;0,4332596285652385;1,1460926807153908;2631;18443;4612;0,015038099056124082;33;22;2;2;5
54;2024-05-31 17:51:40.664880;0,5173460537727667;;512;0,36270179382212114;1,1417078042293138;2631;18443;4612;0,014411972327539891;33;23;4;2;5
55;2024-05-31 17:55:18.137806;0,5145273200346921;;512;0,4237962316675196;1,1456723155552375;2631;18443;4612;0,014588095265623695;32;24;4;2;5
56;2024-05-31 18:03:28.562247;0,5136600173460538;;512;0,4870158823004453;1,275485903907384;2631;18443;4612;0,010159783674418998;27;26;4;1;5
57;2024-05-31 18:06:38.214822;0,5169124024284475;;512;0,37589733955611104;1,1395364353356783;2631;18443;4612;0,0168554055038039;33;22;5;2;4
58;2024-05-31 18:09:30.955985;0,5078057241977451;;512;0,3240322132560689;1,1542082632070931;2631;18443;4612;0,01678052742181721;34;21;4;2;5
59;2024-05-31 18:13:57.519900;0,5171292281006071;;8192;0,37948790210554284;1,1192758179579596;2631;18443;4612;0,025263810947275478;29;22;5;3;3
60;2024-05-31 18:21:01.104309;0,51561144839549;;8192;0,362345660282294;1,126967800904871;2631;18443;4612;0,023264317949885736;38;23;5;3;3
61;2024-05-31 18:28:26.933490;0,514093668690373;;8192;0,39177043548882856;1,2000181522409192;2631;18443;4612;0,013952161569167074;29;22;5;2;3
62;2024-05-31 18:35:08.950117;0,5069384215091067;;8192;0,41629035138478515;1,1596423647514313;2631;18443;4612;0,026544537845699958;33;26;5;3;4
63;2024-05-31 18:40:55.588144;0,5143104943625325;;512;0,29709355584289576;1,0710018002181338;2631;18443;4612;0,01934595881444981;29;31;5;1;4
64;2024-05-31 18:44:22.476611;0,5112749349522984;;4096;0,5163141102256193;1,1230576972397768;2631;18443;4612;0,03159467323716044;27;24;3;2;3
65;2024-05-31 18:48:38.603825;0,4835212489158716;;8192;0,3769241094291442;1,1022377348107328;2631;18443;4612;0,03707166541026652;26;20;4;2;5
66;2024-05-31 18:51:59.178280;0,5123590633130962;;512;0,432654916165892;1,0383252440416622;2631;18443;4612;0,0169901070469387;35;28;5;3;4
67;2024-05-31 18:55:21.199354;0,514093668690373;;1024;0,33747849583439216;1,2126377764381995;2631;18443;4612;0,027108758091651856;30;33;4;2;3
68;2024-05-31 18:58:33.128682;0,5136600173460538;;512;0,37226051162552654;1,252692755133482;2631;18443;4612;0,01189565299600669;39;25;3;2;3
69;2024-05-31 19:01:32.601888;0,5162619254119688;;512;0,5634666450554421;1,062848461838077;2631;18443;4612;0,008104006171418383;33;21;5;1;4
70;2024-05-31 19:06:14.904632;0,4455767562879445;;8192;0,6259588780813512;1,0592574405001036;2631;18443;4612;0,005313969325977347;36;22;5;1;5
71;2024-05-31 19:08:41.173619;0,5117085862966175;;512;0,5491526453334209;1,0834670427781568;2631;18443;4612;0,009877442012000607;33;19;5;1;4
72;2024-05-31 19:11:51.540963;0,5147441457068517;;512;0,5120716923433141;1,1306223857210376;2631;18443;4612;0,012605387058760456;42;21;5;1;4
73;2024-05-31 19:15:47.406659;0,5132263660017347;;512;0,5748164305809694;1,0293374627145775;2631;18443;4612;0,008675792508631182;31;23;5;2;4
74;2024-05-31 19:20:40.317758;0,519297484822203;;512;0,4593421487276302;1,168472485251444;2631;18443;4612;0,019548225611991387;34;18;4;3;3
75;2024-05-31 19:24:40.990415;0,5095403295750217;;512;0,4603175195182324;1,1694109453651347;2631;18443;4612;0,019252396285755438;39;20;4;3;3
76;2024-05-31 19:28:02.218854;0,5112749349522984;;4096;0,4330952133081537;1,1183510461929025;2631;18443;4612;0,015572051551915019;35;18;4;3;3
77;2024-05-31 19:34:55.470247;0,5112749349522984;;512;0,4030936403345217;1,1470273300926797;2631;18443;4612;0,021560659494452364;37;25;4;3;3
78;2024-05-31 19:38:25.187615;0,5162619254119688;;512;0,3387748933610199;1,0611424867941488;2631;18443;4612;0,04022693518037321;45;17;4;3;3
79;2024-05-31 19:43:24.541152;0,5121422376409367;;512;0,3376031084138584;1,1050773832487302;2631;18443;4612;0,038507687052742275;41;17;5;3;10
80;2024-05-31 19:53:11.283285;0,514093668690373;;512;0,38071451167461823;1,0664710665721808;2631;18443;4612;0,027870610036338832;43;20;3;3;3
81;2024-05-31 20:00:38.990631;0,5110581092801387;;512;0,2788575985331473;1,0427171690992145;2631;18443;4612;0,04552759740943325;45;22;4;3;3
82;2024-05-31 20:04:04.549895;0,5123590633130962;;1024;0,3579381098398469;1,0568661565655426;2631;18443;4612;0,01874414548920095;34;21;4;3;3
83;2024-05-31 20:07:53.208599;0,5147441457068517;;512;0,4465267344428194;1,0238555005564942;2631;18443;4612;0,05469950773157675;37;23;4;3;4
84;2024-05-31 20:12:45.954254;0,5151777970511708;;512;0,4163773605835275;1,1703266809719333;2631;18443;4612;0,03312404182781162;40;19;5;4;3
85;2024-05-31 20:17:44.554824;0,5101908065915004;;8192;0,3253327655963393;1,086912596324245;2631;18443;4612;0,015803713311809076;30;17;4;3;5
86;2024-05-31 20:26:42.967470;0,5160450997398092;;512;0,4707732996328667;1,1406940442186198;2631;18443;4612;0,021481673162149408;44;18;2;2;4
87;2024-05-31 20:30:55.121784;0,5158282740676496;;512;0,47961132460067557;1,1431955874220705;2631;18443;4612;0,02446092518083135;49;18;2;1;4
88;2024-05-31 20:36:10.391038;0,516695576756288;;512;0,5390002745887401;1,1962456707189526;2631;18443;4612;0,02131454077026585;25;20;2;3;4
89;2024-05-31 20:39:08.462429;0,51561144839549;;512;0,5476018456365359;1,1896084411425958;2631;18443;4612;0,030087167049223124;23;21;2;3;5
90;2024-05-31 20:43:52.764841;0,516695576756288;;512;0,531886927048444;1,1125939441339816;2631;18443;4612;0,02561738601794016;25;24;2;3;6
91;2024-05-31 20:53:22.034640;0,5125758889852559;;512;0,5779557831408705;1,1145223035276384;2631;18443;4612;0,011922881910041053;25;24;2;3;6
92;2024-05-31 20:58:25.362201;0,514093668690373;;512;0,5411918621883569;1,1730109769137436;2631;18443;4612;0,040006982417078576;28;22;2;3;6
93;2024-05-31 21:04:14.115614;0,5164787510841283;;512;0,527078977431765;1,155290223788465;2631;18443;4612;0,020345288984446187;26;26;2;3;5
94;2024-05-31 21:09:37.794028;0,5110581092801387;;512;0,5243465195708642;1,2076632980649287;2631;18443;4612;0,020756023636858707;21;27;2;4;5
95;2024-05-31 21:15:12.242245;0,5143104943625325;;512;0,49510056951450326;1,1597708588826277;2631;18443;4612;0,025457798861943194;25;25;2;3;6
96;2024-05-31 21:21:08.406971;0,511925411968777;;512;0,5672365316870933;1,1879317698478635;2631;18443;4612;0,016694286122640907;26;23;2;3;5
97;2024-05-31 21:26:22.400779;0,5134431916738942;;512;0,6055573789076861;1,1221825108057673;2631;18443;4612;0,014791122935644406;24;24;2;3;5
98;2024-05-31 21:31:06.598038;0,5049869904596704;;4096;0,49846435058396643;1,0943977816844566;2631;18443;4612;0,018957697506748118;29;20;2;4;4
99;2024-05-31 21:35:04.026311;0,5123590633130962;;512;0,5287562971127989;1,151825072813818;2631;18443;4612;0,023956028636881756;31;27;2;3;6
100;2024-05-31 21:39:40.272068;0,5125758889852559;;8192;0,4655304624900138;1,1356425041610994;2631;18443;4612;0,03366637059892951;27;23;3;3;5
101;2024-05-31 21:46:58.625481;0,5138768430182133;;512;0,38409364390176404;1,073508484674708;2631;18443;4612;0,028681648748881697;33;21;2;3;4
102;2024-05-31 21:50:16.821606;0,516695576756288;;512;0,555434273522638;1,1033320123039525;2631;18443;4612;0,013008258878834594;23;19;2;3;4
103;2024-05-31 21:53:44.287139;0,5136600173460538;;512;0,5773658633787471;1,1047174788513923;2631;18443;4612;0,013601432021237115;23;19;2;3;4
104;2024-05-31 21:58:18.309775;0,5138768430182133;;512;0,5569304945928504;1,1615116395390692;2631;18443;4612;0,017406549640895514;19;25;2;3;4
105;2024-05-31 22:01:23.640864;0,5125758889852559;;512;0,5152276419961903;1,110908341951539;2631;18443;4612;0,020865079265384025;26;20;2;3;4
106;2024-05-31 22:04:28.912298;0,5110581092801387;;1024;0,6035000899872967;1,1324249179431998;2631;18443;4612;0,011099840830029389;29;22;2;4;5
107;2024-05-31 22:10:24.796630;0,5186470078057241;;512;0,5394466260984256;1,2261044889320039;2631;18443;4612;0,015328373346455362;22;22;2;3;5
108;2024-05-31 22:17:20.932622;0,514093668690373;;512;0,5361518888375012;1,2019979255086135;2631;18443;4612;0,01419349117070644;21;24;2;3;5
109;2024-05-31 22:22:59.553627;0,5114917606244579;;512;0,4425874322187758;1,222276947669417;2631;18443;4612;0,025984570639161132;24;27;2;3;5
110;2024-05-31 22:25:21.230464;0,5145273200346921;;8192;0,4890499044055947;1,1812774980928469;2631;18443;4612;0,015744457718577323;22;23;2;2;5
111;2024-05-31 22:33:18.847020;0,5125758889852559;;512;0,5611115001380523;1,1269653599583003;2631;18443;4612;0,012246413956205597;20;21;2;3;6
112;2024-05-31 22:39:56.898436;0,5160450997398092;;512;0,5089836362287643;1,0910987676388495;2631;18443;4612;0,021845110891179003;32;26;2;3;4
113;2024-05-31 22:42:46.211558;0,5151777970511708;;512;0,5414803932132534;1,238500869854682;2631;18443;4612;0,008698880843067858;23;19;5;3;5
114;2024-05-31 22:48:04.982330;0,5117085862966175;;512;0,5936845421122954;1,1587831147311458;2631;18443;4612;0,01826317458843621;28;22;3;3;4
115;2024-05-31 22:51:15.373258;0,516695576756288;;512;0,6189280431132934;1,1929556038146543;2631;18443;4612;0,013033954162370258;30;20;2;1;5
116;2024-05-31 22:55:54.220797;0,5117085862966175;;512;0,6233943098425693;1,1931843915763236;2631;18443;4612;0,01283807617086512;30;25;2;2;6
117;2024-05-31 22:59:33.757096;0,5177797051170858;;512;0,6544672697694414;1,2141885065292597;2631;18443;4612;0,010287110358319957;26;20;2;3;5
118;2024-05-31 23:03:31.190778;0,511925411968777;;512;0,6597974707760074;1,1774683341422036;2631;18443;4612;0,010805875452896284;27;20;2;3;5
119;2024-05-31 23:09:35.517178;0,5127927146574154;;512;0,40118635689822224;1,2137457113961327;2631;18443;4612;0,009900308521313756;26;20;2;3;5
120;2024-05-31 23:14:34.823380;0,51040763226366;;4096;0,6574390501438572;1,2323397503638103;2631;18443;4612;0,015487871961891712;31;19;2;3;5
121;2024-05-31 23:21:12.226384;0,5123590633130962;;512;0,585869548560316;1,19427090283504;2631;18443;4612;0,017881683658217955;25;22;2;3;5
122;2024-05-31 23:24:39.439007;0,5049869904596704;;512;0,6013544714257548;1,2718850846259537;2631;18443;4612;0,012597730493389813;34;18;2;3;5
123;2024-05-31 23:27:35.704735;0,5136600173460538;;512;0,6820347081005924;1,1521236448535035;2631;18443;4612;0,021878307562663814;24;23;2;2;6
124;2024-05-31 23:34:48.439872;0,5125758889852559;;512;0,5578665059083512;1,1765045892564927;2631;18443;4612;0,014527660082316181;29;21;2;3;7
125;2024-05-31 23:40:31.715519;0,5101908065915004;;512;0,6287518109335706;1,203681166864083;2631;18443;4612;0,02721211985697657;22;24;2;3;5
126;2024-05-31 23:43:44.755288;0,49414570685169124;;8192;0,4309587835823334;1,1414745546606206;2631;18443;4612;0,01923527470278437;28;22;1;1;5
127;2024-05-31 23:45:54.725858;0,5145273200346921;;512;0,4660435962281719;1,2202062735894246;2631;18443;4612;0,032816922511888315;36;16;3;3;6
128;2024-05-31 23:50:02.134695;0,5197311361665221;;512;0,4843889430804308;1,1131806977599799;2631;18443;4612;0,017270531698540786;17;29;2;2;4
129;2024-05-31 23:56:31.921117;0,5147441457068517;;1024;0,4798591278801066;1,115142958081647;2631;18443;4612;0,0113815678221;30;30;2;2;5
130;2024-06-01 00:03:43.891336;0,5138768430182133;;512;0,5248444079162247;1,1670998252564349;2631;18443;4612;0,01591918314666025;18;32;2;2;4
131;2024-06-01 00:08:37.492122;0,5125758889852559;;512;0,5002047600321956;1,1069217227668307;2631;18443;4612;0,02405866362359837;17;24;2;2;4
132;2024-06-01 00:11:37.190764;0,5127927146574154;;512;0,4146123924356063;1,1267446829891978;2631;18443;4612;0,01981628687759309;24;26;2;2;4
133;2024-06-01 00:14:33.747358;0,5173460537727667;;512;0,5821705361170699;1,0799998630798129;2631;18443;4612;0,017584070167532013;20;28;2;3;4
134;2024-06-01 00:17:39.776883;0,5136600173460538;;512;0,4459875509819361;1,1409797924965581;2631;18443;4612;0,013069447398170366;26;28;2;3;5
135;2024-06-01 00:22:28.530975;0,5117085862966175;;512;0,5434165036654465;1,090486258611748;2631;18443;4612;0,017060575283398646;21;29;2;3;4
136;2024-06-01 00:25:56.562545;0,51561144839549;;512;0,5779402754674056;1,1537651337030614;2631;18443;4612;0,014425589711757485;27;23;2;3;3
137;2024-06-01 00:28:31.669347;0,5123590633130962;;512;0,5209956057062916;1,2486020266580273;2631;18443;4612;0,009562165909776193;20;21;2;3;4
138;2024-06-01 00:31:12.496903;0,5125758889852559;;512;0,6137425238451202;1,0773267732870337;2631;18443;4612;0,02292660123995391;23;34;2;2;4
139;2024-06-01 00:33:23.512575;0,513009540329575;;8192;0,49288452421766116;1,1181908058993857;2631;18443;4612;0,018651105757593465;32;19;2;3;5
140;2024-06-01 00:40:23.171843;0,5134431916738942;;512;0,3547222198765032;1,1660840144167879;2631;18443;4612;0,010590909187579073;35;18;2;2;5
141;2024-06-01 00:43:23.019476;0,5099739809193409;;512;0,6443730638671963;1,0432005543341178;2631;18443;4612;0,02983216058450989;16;27;2;3;4
142;2024-06-01 00:46:29.533864;0,513009540329575;;512;0,5832408609032773;1,0989979626146478;2631;18443;4612;0,016508609866222632;25;20;2;3;3
143;2024-06-01 00:50:08.457563;0,5114917606244579;;512;0,5707473055280431;1,1355521964735704;2631;18443;4612;0,025042289386256845;19;25;2;4;4
144;2024-06-01 00:52:40.831878;0,5117085862966175;;512;0,5523027785463697;1,0214074619561184;2631;18443;4612;0,020618703335786696;22;22;2;2;4
145;2024-06-01 00:55:07.931967;0,513009540329575;;512;0,3894778023542797;1,080051459187679;2631;18443;4612;0,013552434970817028;21;24;2;3;4
146;2024-06-01 00:58:02.310602;0,5127927146574154;;512;0,6029118521749599;1,1896512717373033;2631;18443;4612;0,03594865002593726;28;26;2;3;5
147;2024-06-01 01:03:42.545431;0,5134431916738942;;512;0,6191356847267229;1,1496958282579788;2631;18443;4612;0,011556588811926933;31;28;2;3;3
148;2024-06-01 01:06:48.905976;0,5127927146574154;;4096;0,5121022356299247;1,1086148607284971;2631;18443;4612;0,02862358613179413;33;21;3;3;5
149;2024-06-01 01:12:46.558653;0,5125758889852559;;512;0,5304554030338273;1,0476075332673218;2631;18443;4612;0,007427872755123294;18;23;1;1;4
150;2024-06-01 01:17:02.253867;0,5158282740676496;;512;0,46281906208417967;1,1264226672784097;2631;18443;4612;0,009185987186150296;24;20;5;3;6
151;2024-06-01 01:27:40.452555;0,5151777970511708;;512;0,5615400687990004;1,0683183327807784;2631;18443;4612;0,015570385273016442;33;23;5;1;4
152;2024-06-01 01:31:47.146422;0,5173460537727667;;512;0,5310259174334302;1,0562352579043235;2631;18443;4612;0,012230845822897388;36;21;5;1;4
153;2024-06-01 01:37:56.950488;0,5138768430182133;;512;0,5917333912035416;1,0134459970237364;2631;18443;4612;0,012131224784752719;39;21;5;1;4
154;2024-06-01 01:41:37.308891;0,5175628794449263;;512;0,5382148202585311;1,178240404119669;2631;18443;4612;0,017101026223605795;36;19;5;1;4
155;2024-06-01 01:45:41.941594;0,5145273200346921;;512;0,5422084446699749;1,1767039352337618;2631;18443;4612;0,017783916273446183;34;19;5;1;4
156;2024-06-01 01:49:15.255431;0,513009540329575;;512;0,507119499827433;1,2092308792884074;2631;18443;4612;0,014376070965856424;37;18;5;1;5
157;2024-06-01 01:54:23.203457;0,5073720728534259;;8192;0,5286693158571295;1,2251854497352004;2631;18443;4612;0,02109112419014113;36;20;5;1;3
158;2024-06-01 01:56:54.590563;0,5121422376409367;;512;0,48033264891888955;1,1619464158871051;2631;18443;4612;0,010706648006944514;38;22;5;1;4
159;2024-06-01 02:03:05.684456;0,5121422376409367;;512;0,3734705321950889;1,1820769160541553;2631;18443;4612;0,016273332127346694;32;19;5;1;4
160;2024-06-01 02:06:39.722558;0,5123590633130962;;1024;0,4941438860046049;1,2011720596234303;2631;18443;4612;0,013610463581545312;29;20;5;1;5
161;2024-06-01 02:10:53.470218;0,5164787510841283;;512;0,5519550788775579;1,094833632595513;2631;18443;4612;0,023501806415224008;36;25;5;4;4
162;2024-06-01 02:17:00.162663;0,5160450997398092;;512;0,5528745897871664;1,0985137388462483;2631;18443;4612;0,023449226095813902;37;21;5;1;4
163;2024-06-01 02:21:09.270845;0,5123590633130962;;512;0,5698371686462486;1,1406546778325792;2631;18443;4612;0,020598144909219487;35;17;5;3;4
164;2024-06-01 02:25:11.491865;0,5134431916738942;;512;0,5227259617944773;1,1156452868611186;2631;18443;4612;0,018255616676908122;34;25;5;2;4
165;2024-06-01 02:30:58.667753;0,5173460537727667;;512;0,4262474154753809;1,0816929631213386;2631;18443;4612;0,025481387906783188;30;29;5;1;5
166;2024-06-01 02:36:21.041370;0,5153946227233305;;512;0,453106117794692;1,0785193583626635;2631;18443;4612;0,01274554776776718;26;30;5;1;5
167;2024-06-01 02:41:40.226697;0,5179965307892455;;512;0,42641813064447387;1,1537999804778274;2631;18443;4612;0,0154738540971468;30;28;5;1;5
168;2024-06-01 02:50:11.099194;0,5164787510841283;;512;0,4198304151888689;1,300697401510359;2631;18443;4612;0,014900675230722069;30;29;5;1;5
169;2024-06-01 02:56:53.069745;0,5125758889852559;;512;0,3954214214512487;1,127451594140955;2631;18443;4612;0,00903334115707972;32;31;5;1;5
170;2024-06-01 03:01:39.860499;0,5149609713790113;;512;0,43009820627768575;1,40432405535568;2631;18443;4612;0,011659245400426838;30;33;5;1;5
171;2024-06-01 03:06:34.021339;0,5123590633130962;;512;0,36891022778098603;1,1715093637615912;2631;18443;4612;0,017985606427174904;31;27;5;1;5
172;2024-06-01 03:12:11.166776;0,5097571552471812;;512;0,4095089804531356;1,150784311880243;2631;18443;4612;0,01622218511230373;27;29;5;1;5
173;2024-06-01 03:15:51.695169;0,5117085862966175;;512;0,45316528611454954;1,1907819025992459;2631;18443;4612;0,025911253275382986;29;22;5;1;5
174;2024-06-01 03:19:00.837043;0,511925411968777;;512;0,42836258327463705;1,1333165319616896;2631;18443;4612;0,019179631500167046;33;19;2;1;5
175;2024-06-01 03:23:01.978310;0,5091066782307025;;8192;0,4711807701709214;1,2377651171196657;2631;18443;4612;0,01383727041087743;25;26;2;1;6
176;2024-06-01 03:30:15.147512;0,5151777970511708;;512;0,44450842529351103;1,1538566422737808;2631;18443;4612;0,020208273817393926;28;21;2;3;3
177;2024-06-01 03:34:07.250794;0,5162619254119688;;2048;0,5024841277535492;1,0606002385644577;2631;18443;4612;0,0161871094868177;23;28;5;3;5
178;2024-06-01 03:39:49.758552;0,5114917606244579;;512;0,40575361425574896;1,1128869031016773;2631;18443;4612;0,010408918885338157;27;55;2;2;5
179;2024-06-01 03:43:58.254343;0,5136600173460538;;512;0,34900397056611165;1,1685039704449314;2631;18443;4612;0,027716782439383348;31;24;2;1;9
180;2024-06-01 03:49:14.105669;0,5134431916738942;;512;0,6390048546901836;1,210534622349455;2631;18443;4612;0,022124633941220502;35;20;5;3;5
181;2024-06-01 03:55:34.132898;0,5121422376409367;;512;0,5561546177951683;1,0951248377155;2631;18443;4612;0,023805033448127854;36;27;5;3;4
182;2024-06-01 04:02:12.780635;0,5153946227233305;;512;0,540767394344726;1,0959231703974697;2631;18443;4612;0,03096207382684997;34;25;5;3;4
183;2024-06-01 04:07:13.998845;0,5138768430182133;;512;0,48416268012083796;1,0826151970812936;2631;18443;4612;0,018196422137347873;32;22;5;5;4
184;2024-06-01 04:10:38.450026;0,5179965307892455;;512;0,5852245468403208;1,1185893003928706;2631;18443;4612;0,02280703316111796;14;23;5;3;4
185;2024-06-01 04:16:19.096526;0,5123590633130962;;512;0,5885144325754801;1,123702380270845;2631;18443;4612;0,014488177981543249;14;23;5;3;7
186;2024-06-01 04:27:23.575011;0,5136600173460538;;512;0,37706794075020866;1,1477963279552685;2631;18443;4612;0,012499835626161589;16;23;2;3;4
187;2024-06-01 04:33:43.269594;0,5097571552471812;;4096;0,5171352013937903;1,1106683971252695;2631;18443;4612;0,02015246096802429;15;21;2;3;3
188;2024-06-01 04:37:09.553320;0,5127927146574154;;512;0,6122628210559439;1,139228645650016;2631;18443;4612;0,01653422537782469;10;24;5;3;4
189;2024-06-01 04:40:26.582236;0,5199479618386817;0,491828202204485;512;0,5731041771717666;1,1827804213037698;2631;18443;4612;0,025643829550559615;23;18;5;2;5
190;2024-06-01 04:46:35.503071;0,514093668690373;;512;0,5768033367657036;1,1893837571071961;2631;18443;4612;0,027083949104116666;22;18;5;2;5
191;2024-06-01 04:52:15.337065;0,5143104943625325;;512;0,5365399774460193;1,1692921399280682;2631;18443;4612;0,022820441115221524;24;19;5;2;5
192;2024-06-01 04:57:51.543760;0,5125758889852559;;512;0,5703189654763291;1,22189420872707;2631;18443;4612;0,03166610670872353;20;17;5;2;5
193;2024-06-01 05:02:12.231111;0,5121422376409367;;512;0,7128134867478686;1,200322701993957;2631;18443;4612;0,017586916947866984;23;29;5;2;5
194;2024-06-01 05:06:34.831012;0,5121422376409367;;512;0,3891809576380128;1,5068235258803504;2631;18443;4612;0,025601808508117344;26;20;2;3;5
195;2024-06-01 05:09:29.978049;0,5127927146574154;;512;0,5939242574194646;1,183045152387436;2631;18443;4612;0,014479724212952716;25;18;5;2;5
196;2024-06-01 05:15:40.075846;0,511925411968777;;8192;0,6158195985511121;1,1547864577036981;2631;18443;4612;0,021131265125154355;17;22;2;3;4
197;2024-06-01 05:20:24.908080;0,5114917606244579;;1024;0,533862442826308;1,125843429377364;2631;18443;4612;0,012550734959923713;21;21;4;1;6
198;2024-06-01 05:24:31.535626;0,5099739809193409;;512;0,46764862670827945;1,262155494442763;2631;18443;4612;0,018615539758560166;23;31;5;2;4
199;2024-06-01 05:30:26.413148;0,5190806591500433;;512;0,5123264019203903;1,2391990715139134;2631;18443;4612;0,011370684257360576;29;19;2;3;4
200;2024-06-01 05:34:33.712418;0,5088898525585429;;512;0,5065826505714072;1,2339167053266815;2631;18443;4612;0,010090965047190655;29;19;5;3;4
201;2024-06-01 05:39:30.408900;0,5149609713790113;;512;0,556870424146075;1,219369795428885;2631;18443;4612;0,011440958695808422;30;20;2;3;4
202;2024-06-01 05:42:03.362043;0,5101908065915004;;512;0,5223630191593324;1,2563828878822287;2631;18443;4612;0,01544682209869882;28;18;2;3;8
203;2024-06-01 05:51:13.148858;0,5093235039028621;;512;0,48472447848056793;1,1628959231578138;2631;18443;4612;0,007718591623840267;26;17;2;3;4
204;2024-06-01 05:53:51.182426;0,5153946227233305;;512;0,42676369786656454;1,1967656210910642;2631;18443;4612;0,013458924630936092;31;23;2;3;5
205;2024-06-01 06:00:06.241787;0,511925411968777;;512;0,3586972707625953;1,1347974925504822;2631;18443;4612;0,016080076328957745;25;19;2;3;4
206;2024-06-01 06:04:46.837407;0,5138768430182133;;512;0,5422920990605301;1,1057054798365316;2631;18443;4612;0,02119174170273305;22;20;2;3;5
207;2024-06-01 06:07:53.305772;0,5108412836079792;;512;0,5763918083047668;1,1791504474042016;2631;18443;4612;0,008928767608668235;33;16;2;1;4
208;2024-06-01 06:10:16.734097;0,516695576756288;;512;0,5103857318069792;1,0715779050109588;2631;18443;4612;0,025424653682280245;24;21;2;2;4
209;2024-06-01 06:13:50.576129;0,5138768430182133;;512;0,5015793745550188;1,0702468410214674;2631;18443;4612;0,025066183121050852;24;22;5;2;4
210;2024-06-01 06:17:50.993254;0,5162619254119688;;512;0,44210105759093365;1,0550459212721635;2631;18443;4612;0,029569783889944707;22;21;3;2;4
211;2024-06-01 06:23:02.947345;0,514093668690373;;512;0,5289496481368279;1,0827989865089993;2631;18443;4612;0,03461600729802556;23;22;2;2;4
212;2024-06-01 06:26:49.867421;0,5186470078057241;;512;0,3212224816178757;1,114815064158149;2631;18443;4612;0,018847689177562514;26;28;2;2;4
213;2024-06-01 06:31:56.941806;0,5147441457068517;;512;0,3050975467622388;1,1182040819486416;2631;18443;4612;0,01755016462283873;24;30;2;2;4
214;2024-06-01 06:35:12.832698;0,514093668690373;;512;0,33451983842990995;1,0327266962211896;2631;18443;4612;0,011611188966468877;28;20;2;2;4
215;2024-06-01 06:39:41.289214;0,50520381613183;;512;0,3642130524748371;1,1039397299416143;2631;18443;4612;0,014054327079406232;19;28;2;2;4
216;2024-06-01 06:42:26.102810;0,5114917606244579;;2048;0,39974686118741326;1,0747220048909016;2631;18443;4612;0,02342239945851084;27;21;2;2;3
217;2024-06-01 06:44:14.155102;0,5149609713790113;;512;0,33552532041924227;1,2447322924082702;2631;18443;4612;0,017385854790520797;30;19;2;2;4
218;2024-06-01 06:47:26.346570;0,5123590633130962;;512;0,3113631070605626;1,140661957826813;2631;18443;4612;0,0027363515059488706;32;24;5;2;4
219;2024-06-01 06:53:16.686705;0,5114917606244579;;8192;0,2724845293676082;1,0864796854396228;2631;18443;4612;0,020141488711384818;25;21;2;1;3
220;2024-06-01 06:58:07.875960;0,5108412836079792;;512;0,4118536427504144;1,0490658057870876;2631;18443;4612;0,02703766571697496;40;29;5;2;4
221;2024-06-01 07:01:29.697306;0,5132263660017347;;512;0,5546285456607654;1,1226870864719203;2631;18443;4612;0,019865289850894557;26;26;2;3;5
222;2024-06-01 07:06:48.151599;0,5101908065915004;;512;0,5171990816170792;1,1580185981930127;2631;18443;4612;0,022509715923863135;27;28;2;3;5
223;2024-06-01 07:11:17.143391;0,514093668690373;;512;0,49126784317887867;1,211516404935668;2631;18443;4612;0,015320991196621666;21;27;2;1;5
224;2024-06-01 07:17:08.191271;0,5147441457068517;;512;0,4590122574435158;1,1424856792106994;2631;18443;4612;0,013161497154823046;29;18;2;3;4
225;2024-06-01 07:22:16.831936;0,5162619254119688;;512;0,5103192007935103;1,1803508198944839;2631;18443;4612;0,019617142527680115;13;23;2;2;5
226;2024-06-01 07:27:47.214445;0,4746313963573287;;512;0,5670235994487653;1,942368889181597;2631;18443;4612;0,6577917844803991;20;22;2;3;4
227;2024-06-01 07:30:27.704193;0,5106244579358196;;4096;0,5346845127793808;1,2812259598527624;2631;18443;4612;0,03939343143749292;24;26;2;1;4
228;2024-06-01 07:33:51.704462;0,5145273200346921;;512;0,5977519882125034;1,1107697937053675;2631;18443;4612;0,02486372958785191;35;19;5;3;5
229;2024-06-01 07:40:50.356151;0,5169124024284475;;512;0,47604393758168123;1,1665256409555576;2631;18443;4612;0,016792681748247423;23;20;2;3;7
230;2024-06-01 07:48:51.618182;0,5084562012142237;;512;0,48332966673429495;1,1996204188489956;2631;18443;4612;0,01624615822059527;23;20;2;2;7
231;2024-06-01 07:54:28.338449;0,5134431916738942;;512;0,9107138396991412;1,1649320867164472;2631;18443;4612;0,018604263331367703;22;21;2;3;5
232;2024-06-01 07:59:33.875169;0,5145273200346921;;512;0,4587188274027116;1,149489911748119;2631;18443;4612;0,015109541668487195;25;20;2;3;7
233;2024-06-01 08:09:00.728220;0,5084562012142237;;512;0,3162759687214332;1,3184215903701417;2631;18443;4612;0,012524861120269378;26;30;2;3;7
234;2024-06-01 08:15:12.577352;0,514093668690373;;512;0,47218173443923356;1,1298163079590722;2631;18443;4612;0,0221866452179795;14;19;2;3;4
235;2024-06-01 08:19:01.293064;0,5147441457068517;;512;0,3814147923460234;1,175262252919313;2631;18443;4612;0,017720626127709242;27;8;2;3;7
236;2024-06-01 08:26:49.162073;0,5160450997398092;;512;0,43866460436901006;1,0946373513984549;2631;18443;4612;0,02852735343485267;24;22;5;3;4
237;2024-06-01 08:34:23.874115;0,5127927146574154;;512;0,4996617924729955;1,2252118623966062;2631;18443;4612;0,010683345269540177;34;24;2;3;4
238;2024-06-01 08:38:39.005257;0,5160450997398092;;1024;0,5461739715155529;1,1582686912109164;2631;18443;4612;0,014502887577333343;29;27;5;1;6
239;2024-06-01 08:43:32.951682;0,5145273200346921;;512;0,3485901667925446;1,0664167855168023;2631;18443;4612;0,02118980506610641;25;21;2;3;5
240;2024-06-01 08:48:11.093890;0,4141370338248049;;8192;0,6389301746666655;1,1912252805468668;2631;18443;4612;0,01668715259204819;38;18;2;2;3
241;2024-06-01 08:49:00.351064;0,5123590633130962;;512;0,5540818566110847;1,094548957992035;2631;18443;4612;0,025247229843734655;36;23;5;3;4
242;2024-06-01 08:52:59.239833;0,5136600173460538;;512;0,5371621816216664;1,106250027342203;2631;18443;4612;0,02191595549958353;37;25;5;4;4
243;2024-06-01 08:59:05.614649;0,5151777970511708;;512;0,5211428036603624;1,121370203353764;2631;18443;4612;0,02454998260669668;33;25;5;3;4
244;2024-06-01 09:08:16.725937;0,5179965307892455;;512;0,5776484993991374;1,08936800095857;2631;18443;4612;0,03222618023569199;31;15;5;1;4
245;2024-06-01 09:14:02.339731;0,5125758889852559;;512;0,5747214444893788;1,082019136241224;2631;18443;4612;0,03437555519625955;31;15;5;1;4
246;2024-06-01 09:17:34.447206;0,5060711188204683;;512;0,5886681859852159;1,7697579107330312;2631;18443;4612;0,24053060539503343;32;12;4;1;5
247;2024-06-01 09:24:42.254942;0,5132263660017347;;512;0,42205671702125575;1,1393019304805705;2631;18443;4612;0,027838322908882236;30;16;5;1;5
248;2024-06-01 09:31:59.540883;0,5134431916738942;;512;0,5670964434905672;1,1687567274196595;2631;18443;4612;0,013261400416344923;21;15;5;1;4
249;2024-06-01 09:36:08.674510;0,5136600173460538;;512;0,6064485658631238;1,0725948573642554;2631;18443;4612;0,019136790896915685;28;20;2;1;4
250;2024-06-01 09:39:41.843686;0,5134431916738942;;512;0,66796327188233;1,115787530500623;2631;18443;4612;0,032452791192007856;23;17;5;2;4
251;2024-06-01 09:42:18.507468;0,5153946227233305;;512;0,6200416413121109;1,2111567904254632;2631;18443;4612;0,011460710680284227;12;14;2;1;5
252;2024-06-01 09:45:59.746252;0,513009540329575;;512;0,3894620596767727;1,0562734148938226;2631;18443;4612;0,016000787000725984;23;19;4;3;4
253;2024-06-01 09:49:04.945075;0,5145273200346921;;512;0,11189752522688673;1,1335133394637629;2631;18443;4612;0,04655287904532877;31;18;5;1;3
254;2024-06-01 09:53:47.307745;0,51040763226366;;512;0,49549754627394366;1,147256363193744;2631;18443;4612;0,029713472919011347;34;21;3;2;5
255;2024-06-01 09:57:54.876825;0,5147441457068517;;512;0,5162077936971862;1,1897446690182982;2631;18443;4612;0,019466267136066594;57;22;2;3;4
256;2024-06-01 10:02:40.003550;0,5125758889852559;;2048;0,5443815326799026;1,1067913640648874;2631;18443;4612;0,014547034758091954;26;28;2;3;4
257;2024-06-01 10:08:28.914927;0,5121422376409367;;512;0,5890028466468115;1,2434395216949716;2631;18443;4612;0,01713473379094884;17;23;2;1;5
258;2024-06-01 10:11:35.322346;0,4230268863833478;;8192;0,4467374277790558;1,0864376567532268;2631;18443;4612;0,010245383030745164;22;17;5;2;4
259;2024-06-01 10:13:36.618513;0,5082393755420642;;512;0,47013452050025195;1,1751012730161914;2631;18443;4612;0,0391072909386709;24;13;2;3;5
260;2024-06-01 10:16:27.155463;0,5175628794449263;;512;0,6467880406690358;1,3742287593305031;2631;18443;4612;0,1446003717271682;32;20;5;3;4
261;2024-06-01 10:21:07.932840;0,5114917606244579;;512;0,649521884747176;1,2712689179811618;2631;18443;4612;0,07550563190659426;32;36;5;2;4
262;2024-06-01 10:24:53.751127;0,5123590633130962;;512;0,6423573485967152;1,228347956848936;2631;18443;4612;0,05486743264516009;31;20;5;3;4
263;2024-06-01 10:31:52.968769;0,4761491760624458;;4096;0,6855815895378893;1,32129381603007;2631;18443;4612;0,14805550555020286;33;19;5;1;4
264;2024-06-01 10:33:26.699229;0,5138768430182133;;512;0,633525806382955;1,3644989933306197;2631;18443;4612;0,045907609427481906;29;20;5;2;4
265;2024-06-01 10:38:59.487281;0,5114917606244579;;512;0,4106336743853043;1,4789404385191116;2631;18443;4612;0,009273333273189972;30;21;5;3;7
266;2024-06-01 10:47:31.282039;0,5106244579358196;;512;0,6694237857706753;1,4286729052545821;2631;18443;4612;0,011527798219888754;33;22;5;3;4
267;2024-06-01 10:50:25.202931;0,5106244579358196;;512;0,28917873167645486;1,2055088269546899;2631;18443;4612;0,16521097811693666;19;19;5;2;4
268;2024-06-01 10:53:38.958038;0,5097571552471812;;512;0,325173548136159;1,1311120400154806;2631;18443;4612;0,08008292518803907;28;32;5;1;3
269;2024-06-01 10:56:11.298023;0,4614050303555941;;1024;0,21695050541892993;1,0960771737773858;2631;18443;4612;0,40357098389379437;35;30;5;3;4
270;2024-06-01 10:59:21.386724;0,5125758889852559;;512;0,3534776189546327;1,039585836873415;2631;18443;4612;0,013012375770606458;31;21;2;3;6
271;2024-06-01 11:03:40.580455;0,5136600173460538;;512;0,707135170234879;1,2485419587717275;2631;18443;4612;0,10129904870581546;34;29;5;1;4
272;2024-06-01 11:07:38.637154;0,49392888117953165;;512;0,37112528565328395;1,0733404805341173;2631;18443;4612;0,22658909883839576;32;20;2;2;8
273;2024-06-01 11:10:45.463011;0,5099739809193409;;8192;0,6085438221097748;1,1202822810780184;2631;18443;4612;0,11806597656500872;17;18;5;3;3
274;2024-06-01 11:14:27.464296;0,518213356461405;;512;0,43909162500423826;1,1809991296542601;2631;18443;4612;0,1030042623785866;24;22;4;3;4
275;2024-06-01 11:21:57.313095;0,5099739809193409;;512;0,43083823739473925;1,1900586942250417;2631;18443;4612;0,145537392863401;21;24;4;3;4
276;2024-06-01 11:29:31.323361;0,4854726799653079;;512;0,44803246625567994;1,16221713921836;2631;18443;4612;0,1993121591684483;30;23;4;3;4
277;2024-06-01 11:33:51.355204;0,5151777970511708;;512;0,4110951894383551;1,1825615431236727;2631;18443;4612;0,015050266361535537;20;19;4;3;4
278;2024-06-01 11:38:05.473119;0,5082393755420642;;512;0,39377428509318546;1,3653363468146356;2631;18443;4612;0,10291427725607283;18;22;4;3;4
279;2024-06-01 11:44:25.330864;0,518213356461405;;512;0,5827885554858878;1,219614684659139;2631;18443;4612;0,11289268935152436;22;22;4;3;5
280;2024-06-01 11:52:26.980895;0,514093668690373;;512;0,5739435047563766;1,2083034237399861;2631;18443;4612;0,12850466116916828;23;23;4;3;4
281;2024-06-01 11:56:53.077473;0,5136600173460538;;512;0,5579879860000464;1,5322059123495348;2631;18443;4612;0,1831300870307829;22;22;4;3;10
282;2024-06-01 12:11:09.998440;0,5071552471812663;;2048;0,5861364987224654;1,2322022432558515;2631;18443;4612;0,13333217577495912;25;31;4;3;5
283;2024-06-01 12:18:06.949318;0,5067215958369471;;512;0,4362829072487987;1,2171257343240878;2631;18443;4612;0,1712573216213636;23;24;4;3;4
284;2024-06-01 12:21:27.310071;0,5164787510841283;;512;0,4629312503041503;1,1431187999935242;2631;18443;4612;0,08928541869423484;16;23;4;3;3
285;2024-06-01 12:24:15.748834;0,5151777970511708;;512;0,4846143537712241;1,265802049118333;2631;18443;4612;0,08845783600082867;22;22;4;3;6
286;2024-06-01 12:32:51.720062;0,5127927146574154;;512;0,5603072787845396;1,1582793665464985;2631;18443;4612;0,14982768983852027;24;21;3;3;5
287;2024-06-01 12:39:12.884442;0,5095403295750217;;512;0,6038744246891631;1,1095347043032704;2631;18443;4612;0,06397303073520097;15;29;4;3;7
288;2024-06-01 12:43:56.002556;0,48438855160451;;8192;0,5372555723503407;1,2297362122684934;2631;18443;4612;0,12036682436834299;51;27;5;3;4
289;2024-06-01 12:47:38.662373;0,5110581092801387;;512;0,6990092906066627;1,2972362066658842;2631;18443;4612;0,13073022867887582;20;12;5;3;5
290;2024-06-01 12:54:20.176595;0,5112749349522984;;4096;0,4229547708244097;1,17189953820148;2631;18443;4612;0,09742208732622448;21;15;5;3;4
291;2024-06-01 12:57:20.947397;0,5062879444926279;;512;0,5826658896673049;1,195859936074417;2631;18443;4612;0,04215098482927053;42;9;5;3;3
292;2024-06-01 13:00:34.490448;0,5086730268863834;;512;0,3669743659306411;1,2546264176847284;2631;18443;4612;0,11431270154029342;22;20;4;3;5
293;2024-06-01 13:04:44.737708;0,5173460537727667;;512;0,6262703626961927;1,1267086346285324;2631;18443;4612;0,017794928210423527;35;21;5;3;4
294;2024-06-01 13:11:11.301548;0,5158282740676496;;512;0,6329472756607414;1,1321838787923955;2631;18443;4612;0,0548424882672829;36;21;5;3;4
295;2024-06-01 13:16:41.655659;0,5164787510841283;;512;0,6674269198977326;1,144690202983746;2631;18443;4612;0,019267279416574353;38;14;5;3;4
296;2024-06-01 13:19:56.657335;0,4984822202948829;;512;0,6202635821589891;1,1543475454670615;2631;18443;4612;0,278288000729451;35;64;5;3;5
297;2024-06-01 13:28:40.410005;0,5106244579358196;;512;0,39844837777766;1,1219545061540743;2631;18443;4612;0,021452069179661082;33;22;5;3;8
298;2024-06-01 13:36:16.969044;0,5117085862966175;;512;0,6556897955577445;1,3964657050770954;2631;18443;4612;0,017413195279309717;27;23;5;3;4
299;2024-06-01 13:42:52.676716;0,5071552471812663;;1024;0,33440419566483803;1,178709131847108;2631;18443;4612;0,0754149317827953;39;24;5;3;5
300;2024-06-01 13:47:27.038386;0,5175628794449263;;512;0,7861466850477459;1,212274128242913;2631;18443;4612;0,05903114865590519;34;16;5;2;4
301;2024-06-01 13:54:15.721474;0,5121422376409367;;512;0,8190467086812433;1,2139961939472865;2631;18443;4612;0,06047953386670944;35;17;5;2;4
302;2024-06-01 13:58:22.850154;0,5162619254119688;;512;0,7785308171289317;1,2422945567618915;2631;18443;4612;0,095052242735111;34;16;5;2;4
303;2024-06-01 14:03:16.166870;0,5084562012142237;;8192;0,8639813643329335;1,20590290960294;2631;18443;4612;0,1101491369073858;37;18;5;2;4
304;2024-06-01 14:06:12.844169;0,5114917606244579;;512;0,6040332895285034;1,184382446819057;2631;18443;4612;0,06927004874448933;32;17;5;2;3
305;2024-06-01 14:10:10.306447;0,5093235039028621;;512;0,7430082120898723;1,1996514645958238;2631;18443;4612;0,06524845804661726;34;21;5;2;4
306;2024-06-01 14:13:05.566829;0,513009540329575;;512;0,7403560695841043;1,2843837806586034;2631;18443;4612;0,03825392005437375;62;15;1;2;4
307;2024-06-01 14:16:19.117930;0,5151777970511708;;512;0,4543198310425389;1,2275630915484173;2631;18443;4612;0,08215946199014941;33;16;5;2;4
308;2024-06-01 14:21:05.059750;0,5177797051170858;;512;0,6318957878098104;1,1694217180499455;2631;18443;4612;0,016959926612218578;18;28;5;1;4
309;2024-06-01 14:26:28.888933;0,5117085862966175;;512;0,6323350146769351;1,168348781725292;2631;18443;4612;0,015961271869962212;19;28;5;1;4
310;2024-06-01 14:29:19.683516;0,5125758889852559;;2048;0,6541760716034904;1,165418490662417;2631;18443;4612;0,017673460270780254;18;31;5;1;3
311;2024-06-01 14:32:01.394425;0,51561144839549;;512;0,6744880361004735;1,1520147908149354;2631;18443;4612;0,054287089998599866;36;29;5;1;4
312;2024-06-01 14:35:29.163886;0,5112749349522984;;512;0,6962005244707332;1,5667848121977381;2631;18443;4612;0,10944238775108354;9;33;5;1;5
313;2024-06-01 14:39:34.119684;0,5134431916738942;;512;0,6460950012743902;1,3762463390796074;2631;18443;4612;0,014560236935472901;31;35;5;1;4
314;2024-06-01 14:42:41.813381;0,514093668690373;;512;0,6169313563148893;1,3307521200766883;2631;18443;4612;0,04809040169384827;32;26;5;1;4
315;2024-06-01 14:47:53.030437;0,5153946227233305;;512;0,9609664381629103;1,4330539356752539;2631;18443;4612;0,07032775924100172;16;37;5;1;4
316;2024-06-01 14:50:35.012645;0,5114917606244579;;512;0,5930851300543935;1,3410134778303582;2631;18443;4612;0,13782490926134772;12;28;5;2;5
317;2024-06-01 14:56:15.059992;0,5112749349522984;;4096;0,6803985739457378;1,1342979986369932;2631;18443;4612;0,018498763414443807;11;30;4;1;4
318;2024-06-01 14:59:44.648652;0,4978317432784042;;512;0,3806839158765919;1,1446707940012577;2631;18443;4612;0,0010596208134286533;18;25;5;1;5
319;2024-06-01 15:05:30.987703;0,5169124024284475;;512;0,47576064397132295;1,09160748566738;2631;18443;4612;0,023035902588906604;34;27;3;2;4
320;2024-06-01 15:09:35.790860;0,49501300954032956;;8192;0,4789506824921198;1,0951252100836297;2631;18443;4612;0,02276692337780648;35;28;3;2;4
321;2024-06-01 15:12:13.269858;0,5132263660017347;;512;0,6319811720344711;1,0565695140015352;2631;18443;4612;0,0317991446066591;20;27;3;2;4
322;2024-06-01 15:17:03.785944;0,5173460537727667;;512;0,7703274532717925;1,3019488932378276;2631;18443;4612;0,0352580095512978;37;27;4;1;4
323;2024-06-01 15:23:02.849334;0,5158282740676496;;512;0,7764912769987647;1,2466760182837504;2631;18443;4612;0,036273916633331856;39;29;4;1;3
324;2024-06-01 15:26:00.565094;0,511925411968777;;512;0,6502625116729533;1,3491231026113397;2631;18443;4612;0,029804671491292723;17;26;4;1;4
325;2024-06-01 15:28:51.997115;0,38898525585429317;;512;0,8404526751392144;1,3161851709098276;2631;18443;4612;0,918105994527337;41;31;4;1;4
326;2024-06-01 15:30:34.720398;0,5095403295750217;;512;0,5911461843947451;1,3028557443738058;2631;18443;4612;0,160142487490631;37;28;4;1;4
327;2024-06-01 15:33:30.638960;0,5123590633130962;;512;0,7510741895918103;1,273161629023029;2631;18443;4612;0,027951744862925194;14;32;4;1;4
328;2024-06-01 15:36:47.477690;0,513009540329575;;512;0,8257069639096797;1,2213721822913364;2631;18443;4612;0,04146124480881173;15;30;4;1;4
329;2024-06-01 15:40:28.567370;0,5123590633130962;;1024;0,8029156471894914;1,1854597577799086;2631;18443;4612;0,03485952037626104;29;16;5;1;4
330;2024-06-01 15:43:40.690169;0,5171292281006071;;512;0,7078002325602566;1,2932246854841747;2631;18443;4612;0,04730423202714074;37;20;5;1;3
331;2024-06-01 15:49:53.462001;0,5127927146574154;;512;0,7680022494535724;1,3305455311686192;2631;18443;4612;0,049407812358732206;38;19;5;1;3
332;2024-06-01 15:53:56.850390;0,5143104943625325;;512;0,7178477948780496;1,2958874829592597;2631;18443;4612;0,04136312029901648;36;18;5;1;3
333;2024-06-01 15:56:08.463718;0,4614050303555941;;8192;0,7991486062373997;1,2272290866847084;2631;18443;4612;0,04532172022987469;36;22;5;1;3
334;2024-06-01 15:57:58.027890;0,5136600173460538;;512;0,7291706621891662;1,2644600558002612;2631;18443;4612;0,034826006448348164;39;44;5;1;3
335;2024-06-01 16:01:14.224782;0,5143104943625325;;512;0,6809166302372327;1,315033927709818;2631;18443;4612;0,031033438017762278;37;14;5;1;3
336;2024-06-01 16:05:32.883792;0,5132263660017347;;512;0,7565021629790079;1,288710397955981;2631;18443;4612;0,05705440726216762;44;25;5;1;3
337;2024-06-01 16:07:56.280620;0,5175628794449263;;512;0,7907319175514153;1,2578389357858073;2631;18443;4612;0,1267529849404514;41;21;5;1;4
338;2024-06-01 16:11:28.621163;0,5030355594102341;;2048;0,7295672489545193;1,261163390273155;2631;18443;4612;0,09891463447109186;40;15;5;1;4
339;2024-06-01 16:14:10.262892;0,5071552471812663;;512;0,7952099646676778;1,2707998356234562;2631;18443;4612;0,12088308032704155;42;20;4;1;4
340;2024-06-01 16:18:12.194387;0,5095403295750217;;512;0,7638353459304791;1,3588864700052958;2631;18443;4612;0,006679124839733106;38;27;5;1;3
341;2024-06-01 16:22:49.434174;0,5173460537727667;;512;0,6972825982268726;1,248513436999051;2631;18443;4612;0,13563333517483428;40;19;5;1;4
342;2024-06-01 16:28:17.952087;0,5123590633130962;;512;0,7768626168434474;1,2258314550383225;2631;18443;4612;0,13278924573240647;45;18;5;1;4
343;2024-06-01 16:32:12.015409;0,5097571552471812;;512;0,6660737527908136;1,236324053819816;2631;18443;4612;0,1650335328255114;43;17;4;1;4
344;2024-06-01 16:37:03.599890;0,5125758889852559;;512;0,7898009577271079;1,3932104643160403;2631;18443;4612;0,11429117138506625;42;26;5;1;4
345;2024-06-01 16:43:48.315526;0,5075888985255854;;4096;0,6948237598879252;1,2481822758858832;2631;18443;4612;0,18624426910262382;40;29;5;1;4
346;2024-06-01 16:48:44.889820;0,5145273200346921;;512;0,6110760438223087;1,2596292542828937;2631;18443;4612;0,09061612518519313;19;19;5;1;4
347;2024-06-01 16:53:53.181420;0,5106244579358196;;512;0,6331682964988865;1,250088936190756;2631;18443;4612;0,10615007926009039;29;21;5;1;4
348;2024-06-01 16:57:00.318985;0,5186470078057241;;512;0,7577153080315847;1,379711926252894;2631;18443;4612;0,13827419041210703;40;28;5;1;4
349;2024-06-01 17:04:49.782403;0,5093235039028621;;512;0,7556234928633548;1,3357186322763346;2631;18443;4612;0,14893891003815682;41;30;4;1;4
350;2024-06-01 17:11:02.244285;0,5134431916738942;;512;0,7863663946394241;1,4115562693968216;2631;18443;4612;0,13737419487505112;38;28;5;1;4
351;2024-06-01 17:18:07.980278;0,5127927146574154;;512;0,777945824843372;1,3434836880182603;2631;18443;4612;0,127981392138409;41;28;5;1;4
352;2024-06-01 17:21:20.308332;0,5065047701647876;;512;0,7323108971641501;1,3879598443123105;2631;18443;4612;0,14439168718807316;39;27;5;1;4
353;2024-06-01 17:24:57.690246;0,51561144839549;;512;0,8002785800436321;1,4527928561413535;2631;18443;4612;0,08611906561903221;40;29;4;1;4
354;2024-06-01 17:27:24.771214;0,5179965307892455;;512;0,7562935477739979;1,3616771538287653;2631;18443;4612;0,16138315286153687;45;26;5;1;4
355;2024-06-01 17:30:36.008689;0,5073720728534259;;512;0,7675282767817361;1,375081473615499;2631;18443;4612;0,1565759240759161;50;26;5;1;4
356;2024-06-01 17:35:01.749613;0,5041196877710321;;512;0,7560568021191862;1,3755034622899764;2631;18443;4612;0,18957391857225206;20;26;4;1;4
357;2024-06-01 17:39:03.331313;0,5045533391153513;;512;0,580192692308282;1,3800254353156274;2631;18443;4612;0,20764230522118304;43;27;5;1;4
358;2024-06-01 17:41:28.723184;0,5112749349522984;;512;0,7418222495109194;1,362903072761633;2631;18443;4612;0,11314452563559067;47;25;1;1;5
359;2024-06-01 17:43:45.257010;0,5136600173460538;;512;0,8117647226970757;1,419558216921856;2631;18443;4612;0,1589954412627982;52;11;5;1;4
360;2024-06-01 17:49:14.835138;0,5099739809193409;;512;0,7220682730014777;1,3866387612396405;2631;18443;4612;0,17401611557782182;21;29;5;1;4
361;2024-06-01 17:53:52.741273;0,5075888985255854;;512;0,7910083683087905;1,9986175123993641;2631;18443;4612;0,07835026464560213;18;27;4;1;5
362;2024-06-01 17:56:52.389594;0,5132263660017347;;1024;0,3108327496756579;1,2078391183607124;2631;18443;4612;0,008601403609511105;49;30;5;1;4
363;2024-06-01 18:00:09.524212;0,5123590633130962;;512;0,5657816400724822;1,2096168666716616;2631;18443;4612;0,012231165199431019;35;24;5;3;4
364;2024-06-01 18:04:07.142121;0,5121422376409367;;512;0,8288782857592261;1,4093527074260315;2631;18443;4612;0,01031013276350406;46;8;5;1;5
365;2024-06-01 18:11:52.742167;0,5117085862966175;;512;0,603135738777369;1,3969360921786513;2631;18443;4612;0,0618397847983425;48;28;5;3;4
366;2024-06-01 18:19:43.557095;0,4991326973113617;;512;0,7632195729568473;1,0429550552468392;2631;18443;4612;0,25757973879358653;32;31;5;4;4
367;2024-06-01 18:24:21.434116;0,5145273200346921;;512;0,28058386553471654;1,3480695427236904;2631;18443;4612;0,09812280980653473;46;10;5;1;4
368;2024-06-01 18:28:27.643429;0,4893755420641804;;512;0,8186494702007723;1,2778545897394937;2631;18443;4612;0,49146031228369313;34;23;5;3;5
369;2024-06-01 18:32:51.693826;0,514093668690373;;512;0,2607881474089223;1,367894412968231;2631;18443;4612;0,01349347394639572;45;25;4;5;4
370;2024-06-01 18:37:47.093217;0,5125758889852559;;2048;0,6231747772940999;1,6381099424998424;2631;18443;4612;0,020140786688961576;28;26;5;3;5
371;2024-06-01 18:42:44.701965;0,5123590633130962;;512;0,8459673111840088;1,1940189044357736;2631;18443;4612;0,20515390038182324;13;21;5;1;4
372;2024-06-01 18:45:15.655924;0,5095403295750217;;512;0,5683133776391187;1,0137719181545986;2631;18443;4612;0,06953092297889313;15;16;5;1;4
373;2024-06-01 18:49:27.617230;0,5143104943625325;;512;0,7432175594762915;1,064359519306632;2631;18443;4612;0,12255980979590536;14;28;4;3;4
374;2024-06-01 18:59:21.788810;0,51561144839549;;512;0,7818197282381604;1,079846582493372;2631;18443;4612;0,001935138220487666;19;18;5;1;4
375;2024-06-01 19:05:26.089696;0,518213356461405;;512;0,30250915992898697;1,3492328692031794;2631;18443;4612;0,014943218662539977;44;17;4;3;5
376;2024-06-01 19:13:34.327866;0,5058542931483088;;512;0,31414723806851086;1,3553501325588062;2631;18443;4612;0,014766038815635579;44;17;5;3;5
377;2024-06-01 19:19:25.562822;0,5143104943625325;;512;0,29433334993105587;1,0330957008450865;2631;18443;4612;0,011599802569901577;47;15;5;3;5
378;2024-06-01 19:26:34.505649;0,5078057241977451;;4096;0,33944142868907473;1,340911807284598;2631;18443;4612;0,016499298625682553;43;23;4;3;5
379;2024-06-01 19:34:06.700674;0,5108412836079792;;512;0,22539096147583532;1,1802536261275929;2631;18443;4612;0,013477563980593328;21;17;5;3;5
380;2024-06-01 19:38:51.387144;0,511925411968777;;512;0,29364313543846;1,2143035820263033;2631;18443;4612;0,009385957272869694;44;32;5;3;5
381;2024-06-01 19:43:53.361355;0,511925411968777;;512;0,5924006368543401;1,4103795476415808;2631;18443;4612;0,22341134227159504;30;22;5;3;5
382;2024-06-01 19:49:01.634563;0,5084562012142237;;512;0,6477726085016442;1,3888693544692263;2631;18443;4612;0,018722517933238404;17;24;5;3;5
383;2024-06-01 19:53:50.668833;0,5086730268863834;;512;0,550942520475994;1,3194545439744738;2631;18443;4612;0,007896217664924082;16;16;3;3;5
384;2024-06-01 19:58:40.137150;0,5179965307892455;;512;0,5094520650445404;1,4278718693675443;2631;18443;4612;0,004928690239136105;31;18;4;3;5
385;2024-06-01 20:09:30.967230;0,5095403295750217;;1024;0,5033661769848226;1,454537082179784;2631;18443;4612;0,005928972070795649;31;18;4;3;5
386;2024-06-01 20:18:22.945206;0,5112749349522984;;512;0,5359531119593584;1,4387062260766579;2631;18443;4612;0,005875246727452656;30;18;4;3;5
387;2024-06-01 20:23:58.874073;0,50520381613183;;512;0,5084716286552977;1,4436153153977562;2631;18443;4612;0,0037376849237533306;27;17;4;3;5
388;2024-06-01 20:28:09.480631;0,5145273200346921;;512;0,5162774313921975;1,4304253174011106;2631;18443;4612;0,007342760473554397;32;9;4;3;5
389;2024-06-01 20:36:35.521941;0,5108412836079792;;512;0,48897546363935424;1,3938533041558183;2631;18443;4612;0,009001838672790892;11;19;4;3;5
390;2024-06-01 20:41:08.822089;0,5136600173460538;;512;0,3237693094841423;1,3538296620475891;2631;18443;4612;0,010976696166697015;30;18;4;2;5
391;2024-06-01 20:47:00.525680;0,5138768430182133;;512;0,4407709477036666;1,4781895752739278;2631;18443;4612;0,015405982536284656;47;13;4;3;5
392;2024-06-01 20:50:59.617542;0,5136600173460538;;512;0,529553019890175;1,2013354742991635;2631;18443;4612;0,005953845434398406;33;19;4;3;5
393;2024-06-01 21:00:13.043579;0,51561144839549;;512;0,46058049704367116;1,423195720713472;2631;18443;4612;0,012503865481346908;28;16;4;2;5
394;2024-06-01 21:07:48.012528;0,5030355594102341;;2048;0,2666501832015314;1,410536189373698;2631;18443;4612;0,00474843507924435;31;29;4;3;5
395;2024-06-01 21:14:50.224191;0,514093668690373;;512;0,5752628547645459;1,2186815614559845;2631;18443;4612;0,0048360542319913925;26;17;4;3;6
396;2024-06-01 21:24:45.071985;0,5127927146574154;;512;0,5514599914121048;1,2350796106567554;2631;18443;4612;0,00789638695175673;42;20;5;1;5
397;2024-06-01 21:33:11.701848;0,5114917606244579;;512;0,5223627499104719;1,3660717047373647;2631;18443;4612;0,0038913517572451845;22;30;5;2;5
398;2024-06-01 21:39:11.476745;0,5143104943625325;;512;0,428526878562907;1,1952201353452494;2631;18443;4612;0,02436655964312235;29;33;4;3;4
399;2024-06-01 21:44:55.061582;0,514093668690373;;512;0,30126705731446923;1,176963978543877;2631;18443;4612;0,1790805571303923;20;15;1;1;4
400;2024-06-01 21:47:59.806986;0,5125758889852559;;512;0,8071851093434638;1,3755359480841918;2631;18443;4612;0,020849378439153445;55;25;5;3;5
401;2024-06-01 21:54:59.742660;0,5171292281006071;;512;0,7089781670080438;1,0538900173192665;2631;18443;4612;0,014512255133950724;53;20;5;1;4
402;2024-06-01 22:00:05.763130;0,5149609713790113;;4096;0,49597273695617433;1,10381024452566;2631;18443;4612;0,007152824274293007;17;18;5;2;4
403;2024-06-01 22:06:22.657692;0,5127927146574154;;512;0,8821354934072673;1,0250644939191262;2631;18443;4612;0,0022735383157896786;33;19;5;3;5
404;2024-06-01 22:15:38.413255;0,5114917606244579;;512;0,155342830373101;1,3373694981927982;2631;18443;4612;0,010833254730653377;45;17;4;1;4
405;2024-06-01 22:20:39.285856;0,5149609713790113;;512;0,6656849439965858;1,0766065654057155;2631;18443;4612;0,10662104415514065;18;44;5;3;4
406;2024-06-01 22:25:30.407944;0,5097571552471812;;512;0,5639428739315689;1,1596726494371665;2631;18443;4612;0,0014260798972610257;49;16;3;3;4
407;2024-06-01 22:33:29.316157;0,5162619254119688;;512;0,6019860597075521;1,229186649889678;2631;18443;4612;0,003195443755636423;15;22;5;1;5
408;2024-06-01 22:42:02.325068;0,5162619254119688;;512;0,5463480841432293;1,1861080893582756;2631;18443;4612;0,006370254787420773;19;28;5;3;4
409;2024-06-01 22:49:31.000992;0,5065047701647876;;512;0,35173273148490203;1,4012916062698637;2631;18443;4612;0,004423186583137882;9;21;4;2;5
410;2024-06-01 22:53:51.208663;0,5147441457068517;;1024;0,6827922581713658;1,2410512181468025;2631;18443;4612;0,0165261911210095;23;23;5;4;4
411;2024-06-01 22:57:15.434913;0,5065047701647876;;512;0,4572736434102938;1,204031385152266;2631;18443;4612;0,004875496769846231;21;31;4;1;9
412;2024-06-01 23:06:46.723103;0,5171292281006071;;512;0,5829955879978108;1,0865571704867858;2631;18443;4612;0,022511206216602686;16;27;5;3;4
413;2024-06-01 23:13:51.923392;0,5054206418039896;;512;0,5185419334455409;1,166565710248853;2631;18443;4612;0,14688228772482145;13;51;5;1;4
414;2024-06-01 23:16:13.158202;0,5186470078057241;;512;0,4179490912210911;1,3141565914791098;2631;18443;4612;0,009776515905710449;25;30;5;2;5
415;2024-06-01 23:26:08.622087;0,5080225498699046;;512;0,7305282093945537;1,343614814153212;2631;18443;4612;0,00963991166354725;25;32;5;2;5
416;2024-06-01 23:30:37.968668;0,5149609713790113;;512;0,40984779115806785;1,3819436054115153;2631;18443;4612;0,011951581744588961;24;30;4;2;4
417;2024-06-01 23:34:32.029610;0,5117085862966175;;512;0,9877963027522928;1,305923975896291;2631;18443;4612;0,008491722860580449;24;20;2;2;6
418;2024-06-01 23:42:33.169501;0,5078057241977451;;512;0,6139997038578152;1,3282976954174721;2631;18443;4612;0,009699900896252963;25;29;5;2;4
419;2024-06-01 23:46:00.823146;0,5049869904596704;;512;0,8110376807136607;1,3080040599114835;2631;18443;4612;0,013459463486467304;26;34;5;2;5
420;2024-06-01 23:51:25.976213;0,5091066782307025;;2048;0,5642576522843776;1,2184981566944038;2631;18443;4612;0,005466998690850236;22;19;3;2;5
421;2024-06-01 23:55:47.065188;0,5162619254119688;;512;0,6536822935528427;1,3496055304420238;2631;18443;4612;0,003506090068437763;8;14;5;2;4
422;2024-06-02 00:02:03.817543;0,5143104943625325;;512;0,4938548657831751;1,2719466263222297;2631;18443;4612;0,004009822799918729;44;18;2;2;4
423;2024-06-02 00:06:02.708594;0,5023850823937555;;512;0,5357576140265581;1,8714474321689056;2631;18443;4612;0,12392331449679168;42;24;4;3;5
424;2024-06-02 00:11:04.565896;0,5195143104943626;;512;0,2480725284646365;1,3170172184793663;2631;18443;4612;0,01497328813672963;20;26;5;3;4
425;2024-06-02 00:16:16.266648;0,51040763226366;;512;0,2728303035514599;1,2911016404541078;2631;18443;4612;0,015327225687885868;20;25;4;3;4
426;2024-06-02 00:19:48.241843;0,5153946227233305;;512;0,24712846521504547;1,3342716213975916;2631;18443;4612;0,01818011475534192;21;28;5;3;4
427;2024-06-02 00:26:11.568203;0,51561144839549;;512;0,36915374651137434;1,31793492133516;2631;18443;4612;0,08527424061355192;23;26;2;3;5
428;2024-06-02 00:29:34.306151;0,5080225498699046;;4096;0,2407733867824471;1,3610396006787082;2631;18443;4612;0,019317044498494154;22;38;5;3;4
429;2024-06-02 00:34:48.523741;0,5151777970511708;;512;0,32874988444855086;1,3291764191560553;2631;18443;4612;0,014600409115675754;25;26;5;3;4
430;2024-06-02 00:41:35.656092;0,5151777970511708;;512;0,3121084665117175;1,2809069725226931;2631;18443;4612;0,005439118608816527;20;31;4;3;4
431;2024-06-02 00:47:09.647948;0,5097571552471812;;512;0,8289586689788127;1,3074522151609274;2631;18443;4612;0,007256108039070395;19;27;5;3;5
432;2024-06-02 00:50:49.492509;0,5088898525585429;;512;0,7486442986337375;1,1799151981212082;2631;18443;4612;0,15387426149293956;28;17;2;3;4
433;2024-06-02 00:56:48.042567;0,513009540329575;;512;0,7141702692080167;1,356916718260936;2631;18443;4612;0,017169226888628073;18;24;5;3;6
434;2024-06-02 01:06:29.757904;0,5149609713790113;;512;0,44383847906827817;1,1524345523213662;2631;18443;4612;0,012584240074603598;26;15;4;2;5
435;2024-06-02 01:14:10.017635;0,5121422376409367;;512;0,2541632823880703;1,247134822631084;2631;18443;4612;0,010667529579786802;27;25;5;2;4
436;2024-06-02 01:18:54.772081;0,5143104943625325;;512;0,29204051883332144;1,2019825549359595;2631;18443;4612;0,0964270512419489;21;29;2;3;5
437;2024-06-02 01:22:43.870484;0,5058542931483088;;1024;0,2758358654688466;1,1189284185322832;2631;18443;4612;0,05369180073651569;63;48;5;4;4
438;2024-06-02 01:27:03.705088;0,51040763226366;;512;0,22466715832412548;1,3761381159378818;2631;18443;4612;0,12715189553525819;17;26;5;3;4
439;2024-06-02 01:30:17.972745;0,5147441457068517;;512;0,34135478324071256;1,2808611881497454;2631;18443;4612;0,16958959087657505;23;54;2;3;5
440;2024-06-02 01:36:23.274258;0,5117085862966175;;512;0,18745903952631823;1,231984750813462;2631;18443;4612;0,020427675817737218;12;30;1;3;4
441;2024-06-02 01:40:56.725513;0,5153946227233305;;512;0,2609741433870173;1,1690069413319557;2631;18443;4612;0,015484388674813304;20;37;5;2;4
442;2024-06-02 01:46:53.312154;0,5075888985255854;;512;0,39455038273331805;1,2563334395010293;2631;18443;4612;0,0611135132334196;22;11;4;3;5
443;2024-06-02 01:53:12.463401;0,5143104943625325;;512;0,7877962037144328;1,1885936889769586;2631;18443;4612;0,004199201273940782;32;32;5;3;4
444;2024-06-02 01:58:02.481838;0,5114917606244579;;512;0,8615146686377939;1,2139921501442414;2631;18443;4612;0,07741077086616574;24;28;2;2;5
445;2024-06-02 02:02:51.975503;0,5179965307892455;;512;0,2160118790797141;1,1460122546383242;2631;18443;4612;0,006388592295593874;47;35;5;3;4
446;2024-06-02 02:09:11.530323;0,5021682567215958;;512;0,27792300760009836;1,1378510003030478;2631;18443;4612;0,11070880863241025;14;35;5;3;10
447;2024-06-02 02:15:40.214132;0,5149609713790113;;2048;0,30495448076244225;1,1433539491424713;2631;18443;4612;0,005257794975975522;47;34;5;2;4
448;2024-06-02 02:21:05.087472;0,514093668690373;;512;0,19707095079068138;1,155905176819705;2631;18443;4612;0,007810202329546772;50;38;5;3;5
449;2024-06-02 02:26:49.923123;0,514093668690373;;512;0,24193294847674704;1,172178273620767;2631;18443;4612;0,07122200059590841;47;41;5;3;4
450;2024-06-02 02:34:10.196156;0,5082393755420642;;512;0,1887149151768615;1,135023331956062;2631;18443;4612;0,18717193202286278;45;35;5;3;4
451;2024-06-02 02:37:30.194033;0,5162619254119688;;512;0,222910024698513;1,32424885425526;2631;18443;4612;0,004495485189212129;53;39;5;2;5
452;2024-06-02 02:42:51.770792;0,5127927146574154;;512;0,21553518719387293;1,1973411375363054;2631;18443;4612;0,006523424566216112;49;33;5;3;4
453;2024-06-02 02:50:13.582786;0,5114917606244579;;512;0,2101746763100862;1,4118952063792944;2631;18443;4612;0,01005221094760351;41;23;5;3;5
454;2024-06-02 02:57:33.282877;0,5125758889852559;;512;0,23943244979847633;1,1556447482166112;2631;18443;4612;0,13324092478789915;58;12;5;3;4
455;2024-06-02 03:02:50.423284;0,5097571552471812;;512;0,14340173892121982;1,296506342370958;2631;18443;4612;0,013513900018019921;31;36;5;2;6
456;2024-06-02 03:07:10.513479;0,5114917606244579;;512;0,46943012356279545;1,2631866926018032;2631;18443;4612;0,20959980835763214;51;33;4;3;4
457;2024-06-02 03:10:17.811754;0,5091066782307025;;4096;0,3542056089531081;1,1212772325003517;2631;18443;4612;0,00692759081385925;43;40;5;5;5
458;2024-06-02 03:19:21.729485;0,5101908065915004;;512;0,6908300932683342;1,3549447548755948;2631;18443;4612;0,008974727308298607;27;41;4;2;4
459;2024-06-02 03:23:40.316431;0,51040763226366;;512;0,42378557351439916;1,4700526686005637;2631;18443;4612;0,39191905411445577;44;22;5;3;5
460;2024-06-02 03:32:36.615748;0,5039028620988725;;512;0,25687086234287765;1,181353963139646;2631;18443;4612;0,1138351693111666;34;18;5;3;4
461;2024-06-02 03:37:53.916255;0,5034692107545533;;512;0,7705357494703597;1,2174946213589395;2631;18443;4612;0,24116063468400017;29;16;5;2;4
462;2024-06-02 03:42:23.515378;0,4614050303555941;;1024;0,6281585463153444;1,3796234080679497;2631;18443;4612;0,9524336897885028;48;27;4;3;4
463;2024-06-02 03:44:15.994631;0,513009540329575;;512;0,3247112100537313;1,195158855272025;2631;18443;4612;0,006160969476218576;33;34;5;3;5
464;2024-06-02 03:52:03.410457;0,5158282740676496;;512;0,7974897545520582;1,236375639207951;2631;18443;4612;0,09135014684647277;45;24;5;2;4
465;2024-06-02 03:56:42.551717;0,5073720728534259;;512;0,4496934874592907;1,424661591942779;2631;18443;4612;0,011352287819756186;11;32;5;3;5
466;2024-06-02 04:04:10.683621;0,5069384215091067;;512;0,6672221607019553;1,1664876326125635;2631;18443;4612;0,14907939128584788;55;19;3;3;4
467;2024-06-02 04:06:32.585158;0,5158282740676496;;512;0,4061201307452993;1,151628844948109;2631;18443;4612;0,025185319533303618;40;39;4;2;4
468;2024-06-02 04:12:05.302940;0,5151777970511708;;512;0,9209421973666699;1,6776841211135782;2631;18443;4612;0,05205326610085804;31;17;5;3;5
469;2024-06-02 04:16:56.651892;0,514093668690373;;512;0,7505529572821369;1,1141337721121627;2631;18443;4612;0,016593971835733905;24;37;4;3;4
470;2024-06-02 04:22:24.874265;0,5147441457068517;;512;0,6433951034813931;1,4455116685560803;2631;18443;4612;0,020944091855432306;42;44;5;1;4
471;2024-06-02 04:25:40.362119;0,5084562012142237;;2048;0,48045579868298494;1,3309059461131476;2631;18443;4612;0,013617443767411608;26;23;5;2;5
472;2024-06-02 04:29:06.334078;0,4217259323503903;;512;0,7145403193866966;1,760151662597864;2631;18443;4612;0,7182442557782728;16;20;5;3;4
473;2024-06-02 04:31:29.955074;0,5110581092801387;;512;0,383871965976068;1,4029248128822582;2631;18443;4612;0,005094035795209906;15;31;4;3;5
474;2024-06-02 04:38:26.144641;0,5004336513443192;;512;0,2929267508970647;1,1345214112799886;2631;18443;4612;0,2861831978427531;25;48;5;1;4
475;2024-06-02 04:41:52.980686;0,5136600173460538;;512;0,8456432569801602;1,210335125812727;2631;18443;4612;0,008406356424411328;29;21;5;3;4
476;2024-06-02 04:48:59.965505;0,5158282740676496;;512;0,6063439256194076;1,3175088357927742;2631;18443;4612;0,0633350905072264;18;25;5;2;5
477;2024-06-02 04:55:04.938306;0,46183868169991327;;8192;0,5055624962215872;1,1840059132994647;2631;18443;4612;0,2999498620861361;23;26;4;3;4
478;2024-06-02 04:56:47.059009;0,5127927146574154;;512;0,5833940837053239;1,348613623796701;2631;18443;4612;0,16652738845042833;34;19;5;1;5
479;2024-06-02 05:03:07.147163;0,5153946227233305;;512;0,42437346969603285;1,236462353082184;2631;18443;4612;0,02739348859369253;46;22;4;3;4
480;2024-06-02 05:08:13.184134;0,5132263660017347;;4096;0,20046734411179845;1,4662996528652972;2631;18443;4612;0,012205290864239814;32;43;5;3;3
481;2024-06-02 05:12:19.865284;0,511925411968777;;512;0,819373321338057;1,3932591288678364;2631;18443;4612;0,044145490183294424;28;18;5;2;4
482;2024-06-02 05:16:54.772986;0,513009540329575;;512;0,24177743700048762;1,2877016441175733;2631;18443;4612;0,01854023757951201;31;14;5;4;4
483;2024-06-02 05:20:19.720688;0,5158282740676496;;512;0,34140366080057505;1,3680164435930333;2631;18443;4612;0,08081574917450862;39;29;5;1;5
484;2024-06-02 05:24:42.034590;0,5034692107545533;;512;0,7265794327963898;1,2675000212961294;2631;18443;4612;0,0965699334072986;35;46;3;3;6
485;2024-06-02 05:31:31.015071;0,514093668690373;;512;0,5480759560033954;1,1038490713908171;2631;18443;4612;0,015536320831618641;24;24;4;1;5
486;2024-06-02 05:34:03.801984;0,5127927146574154;;512;0,4590411721184104;1,1672926749723171;2631;18443;4612;0,11727413303071224;30;42;5;2;4
487;2024-06-02 05:37:52.529911;0,5121422376409367;;512;0,6841302578415963;1,5910128186235477;2631;18443;4612;0,023160863579596028;19;20;5;3;4
488;2024-06-02 05:41:23.469430;0,5162619254119688;;512;0,36920203007698;1,1491482127988821;2631;18443;4612;0,01081492006820857;17;35;5;1;4
489;2024-06-02 05:46:29.553030;0,5112749349522984;;1024;0,9717359320269832;1,219975987697716;2631;18443;4612;0,13582929017925677;27;16;5;3;5
490;2024-06-02 05:55:18.734994;0,5149609713790113;;512;0,7918780882568253;1,4827576983432367;2631;18443;4612;0,01417393721484629;33;30;4;2;4
491;2024-06-02 05:59:07.638815;0,5067215958369471;;512;0,4751484960088457;1,1970282621668076;2631;18443;4612;0,00315925508305188;9;17;5;3;3
492;2024-06-02 06:02:27.029446;0,513009540329575;;512;0,5935606123635668;1,1193840383844695;2631;18443;4612;0,017926907431541447;21;26;5;3;5
493;2024-06-02 06:06:09.434471;0,46617519514310496;;512;0,16635105748539336;1,2510716194217986;2631;18443;4612;0,18916810555678376;22;22;2;1;4
494;2024-06-02 06:07:30.474427;0,5008673026886383;;512;0,43563551890024;1,5348029745061984;2631;18443;4612;0,0013436060327262583;38;36;5;2;4
495;2024-06-02 06:13:59.921411;0,513009540329575;;512;0,764924144996475;1,1773414433411074;2631;18443;4612;0,03195080525682591;26;21;4;3;5
496;2024-06-02 06:20:14.131042;0,5184301821335646;;512;0,5177417858944543;1,138102739498812;2631;18443;4612;0,03996379501560025;13;23;5;1;4
497;2024-06-02 06:26:00.711720;0,5101908065915004;;512;0,5189813629596963;1,30741314138044;2631;18443;4612;0,03803403746408549;14;15;5;1;4
498;2024-06-02 06:31:31.658690;0,5151777970511708;;2048;0,49830731295108127;1,3410845941735896;2631;18443;4612;0,041690270805326245;12;27;5;1;4
499;2024-06-02 06:36:35.616004;0,5153946227233305;;512;0,22958718201695374;1,1398003085746176;2631;18443;4612;0,03150411321955397;43;13;5;1;4
500;2024-06-02 06:42:19.778408;0,5134431916738942;;512;0,528123364434294;1,2192862315829776;2631;18443;4612;0,03549718163673763;23;25;5;1;4
501;2024-06-02 06:46:22.429669;0,5071552471812663;;512;0,5058090340999528;1,1230138268996988;2631;18443;4612;0,00449143000565099;13;40;5;1;4
502;2024-06-02 06:50:13.012067;0,5145273200346921;;512;0,12019515716355461;1,4226128805396243;2631;18443;4612;0,051760658044099725;14;23;5;1;4
503;2024-06-02 06:53:18.082497;0,4789679098005204;;8192;0,21199904936799535;1,4980130343505473;2631;18443;4612;0,027449525201159588;16;28;5;1;4
504;2024-06-02 06:56:29.240775;0,5149609713790113;;512;0,5670611925238005;1,3666465092884288;2631;18443;4612;0,006527195958208118;15;30;5;1;4
505;2024-06-02 07:00:02.125316;0,5028187337380746;;512;0,5436401776481662;1,1978727632549468;2631;18443;4612;0,14386594635795633;18;19;5;1;4
506;2024-06-02 07:02:47.629283;0,5127927146574154;;512;0,48701259777231365;1,162535008063367;2631;18443;4612;0,0055349089773959305;41;20;5;1;4
507;2024-06-02 07:06:57.697667;0,5060711188204683;;4096;0,2774502667855198;1,4393191290945941;2631;18443;4612;0,10574232907414285;13;18;1;3;4
508;2024-06-02 07:09:03.776073;0,5041196877710321;;512;0,26785095914063867;1,3878420554055075;2631;18443;4612;0,16897206084809377;25;8;5;1;4
509;2024-06-02 07:12:08.401005;0,514093668690373;;512;0,16888641672486376;1,2860337618282087;2631;18443;4612;0,007663481640355068;13;17;2;3;4
510;2024-06-02 07:16:16.331370;0,5153946227233305;;512;0,5151917128118778;1,2373692123860496;2631;18443;4612;0,2403716363568435;47;16;5;1;3
511;2024-06-02 07:21:56.963790;0,5110581092801387;;512;0,24672713492170423;1,1025626815447302;2631;18443;4612;0,06925264152700263;12;24;5;3;4
512;2024-06-02 07:26:26.527974;0,5162619254119688;;512;0,6342712666623306;1,1820761464317147;2631;18443;4612;0,04509897364131017;22;10;5;3;6
513;2024-06-02 07:33:31.517282;0,514093668690373;;512;0,5550932876141196;1,2647139820672395;2631;18443;4612;0,02203548445239653;45;32;2;1;4
514;2024-06-02 07:36:08.080923;0,5158282740676496;;512;0,47093091901356576;1,148836345572391;2631;18443;4612;0,00974962874547919;8;21;5;3;4
515;2024-06-02 07:40:15.430050;0,5106244579358196;;1024;0,6643921479874072;1,2069581928703061;2631;18443;4612;0,027213364093031277;28;19;3;1;4
516;2024-06-02 07:43:05.187136;0,5080225498699046;;512;0,2043390975510499;1,31046408433267;2631;18443;4612;0,08290812988046307;49;22;5;3;4
517;2024-06-02 07:46:50.994230;0,5153946227233305;;512;0,6092267387055956;1,1335506628142515;2631;18443;4612;0,0605767045508564;52;27;5;3;3
518;2024-06-02 07:49:37.360026;0,5147441457068517;;512;0,1366976496493225;1,3571109587966517;2631;18443;4612;0,12778014889247571;24;38;2;1;4
519;2024-06-02 07:54:09.203392;0,519297484822203;;512;0,535203920183571;1,2302267207587592;2631;18443;4612;0,019787068941138592;20;29;5;3;4
520;2024-06-02 08:00:35.155689;0,4932784041630529;;512;0,5314061501186162;1,1869229138263382;2631;18443;4612;0,3161195083240392;19;29;5;3;4
521;2024-06-02 08:03:17.982721;0,5164787510841283;;512;0,5732309360192643;1,2285770155107845;2631;18443;4612;0,020063781833809854;62;31;5;3;4
522;2024-06-02 08:09:58.854571;0,51040763226366;;512;0,49395069080569864;1,1699311865016127;2631;18443;4612;0,02342876341034421;20;28;5;3;4
523;2024-06-02 08:14:25.163413;0,5117085862966175;;512;0,542135727746318;1,4012318027390833;2631;18443;4612;0,016261636004738532;23;30;2;3;4
524;2024-06-02 08:19:58.783133;0,511925411968777;;2048;0,521107042973514;1,2115930136962036;2631;18443;4612;0,019158131145845043;21;28;5;3;4
525;2024-06-02 08:24:07.305171;0,45945359930615787;;512;0,5511044003580106;1,1109225365787854;2631;18443;4612;0,6177998032027979;17;26;5;3;4
526;2024-06-02 08:26:33.708146;0,5138768430182133;;512;0,5730318740260532;1,1949509039213468;2631;18443;4612;0,028782719797979184;21;29;5;3;4
527;2024-06-02 08:33:27.620875;0,5158282740676496;;512;0,23191765472881146;1,1486163763835118;2631;18443;4612;0,03704570845993024;19;25;2;3;3
528;2024-06-02 08:36:42.065385;0,5138768430182133;;512;0,45246838276825885;1,0027126743897194;2631;18443;4612;0,024556253631349625;20;33;5;3;5
529;2024-06-02 08:41:09.763814;0,5143104943625325;;512;0,5063301599196792;1,1660127246878735;2631;18443;4612;0,01688126816102099;55;31;3;3;5
530;2024-06-02 08:46:49.213093;0,5136600173460538;;8192;0,590262536803184;1,3355467151736364;2631;18443;4612;0,012109456181126134;22;27;5;3;4
531;2024-06-02 08:54:14.539302;0,5147441457068517;;512;0,3004737498229043;1,130981643188194;2631;18443;4612;0,02013214562546845;30;18;5;3;4
532;2024-06-02 08:57:15.075046;0,5097571552471812;;512;0,5290656326564779;1,375994295679216;2631;18443;4612;0,008627056014974387;27;55;2;3;5
533;2024-06-02 09:02:39.893348;0,5034692107545533;;512;0,48577927129849097;1,2334476325828065;2631;18443;4612;0,3347024515486934;16;18;5;3;6
534;2024-06-02 09:10:08.339258;0,5123590633130962;;4096;0,6226526423741156;1,215933789550793;2631;18443;4612;0,014949749935545346;18;30;5;4;4
535;2024-06-02 09:15:01.001137;0,492194275802255;;512;0,4024278407138976;1,4563400287024164;2631;18443;4612;0,20891826417271456;25;34;5;3;5
536;2024-06-02 09:18:22.960174;0,514093668690373;;512;0,6515629549100793;1,1820680373914325;2631;18443;4612;0,0049431296289216085;21;27;5;3;4
537;2024-06-02 09:23:39.501583;0,5123590633130962;;512;0,1825540813590767;1,1594501677807805;2631;18443;4612;0,04850191582955945;19;23;2;3;8
538;2024-06-02 09:30:40.359818;0,5136600173460538;;512;0,443911667108242;1,5137068272767946;2631;18443;4612;0,03182476736836783;13;16;5;3;3
539;2024-06-02 09:33:32.536473;0,513009540329575;;512;0,9420075986807102;1,1019440537105587;2631;18443;4612;0,00405855898237051;24;29;5;3;4
540;2024-06-02 09:38:35.115244;0,5062879444926279;;512;0,1727104006843639;1,8828344753291013;2631;18443;4612;0,013354557155037859;36;36;2;3;4
541;2024-06-02 09:40:49.486095;0,5097571552471812;;512;0,1987716101443745;1,3243960340389447;2631;18443;4612;0,02101663498077861;29;9;5;3;5
542;2024-06-02 09:45:59.106299;0,5138768430182133;;1024;0,5601949125229245;1,4226759156701214;2631;18443;4612;0,00665861029043344;58;17;5;3;4
543;2024-06-02 09:53:29.873014;0,513009540329575;;512;0,4159856951010507;1,2481784529776667;2631;18443;4612;0,0034468685247647794;26;25;5;3;4
544;2024-06-02 09:59:05.962389;0,511925411968777;;512;0,4661368100791516;1,197812098101008;2631;18443;4612;0,018166182562261518;23;28;2;3;5
545;2024-06-02 10:04:23.419871;0,46183868169991327;;512;0,2519389157362559;1,347364574548913;2631;18443;4612;0,4898365896939172;14;24;5;3;4
546;2024-06-02 10:06:40.778578;0,5114917606244579;;512;0,7369925915295209;1,4005682563688169;2631;18443;4612;0,039439997370843326;32;14;5;5;4
547;2024-06-02 10:12:09.086285;0,5123590633130962;;512;0,7044629850229461;1,124081236359155;2631;18443;4612;0,0243330726081774;50;26;3;3;5
548;2024-06-02 10:16:30.458710;0,514093668690373;;512;0,8612716669857304;1,2957427965514003;2631;18443;4612;0,011487755263847214;30;58;5;3;4
549;2024-06-02 10:24:04.462829;0,5080225498699046;;512;0,5104611144565722;1,1415878118257392;2631;18443;4612;0,0161062514972894;18;32;2;3;5
550;2024-06-02 10:26:47.779272;0,46509106678230705;;2048;0,53888606311167;1,3701991758461565;2631;18443;4612;0,7710355683303253;15;18;5;1;4
551;2024-06-02 10:29:20.539883;0,5153946227233305;;512;0,8824275335846995;1,1751410500834496;2631;18443;4612;0,0028300473649360437;20;20;5;3;3
552;2024-06-02 10:34:13.107292;0,51040763226366;;512;0,6147343682316868;1,0915172949763994;2631;18443;4612;0,0288184956605731;28;23;5;2;4
553;2024-06-02 10:37:26.549871;0,5169124024284475;;512;0,5827856588624684;1,2235389784909825;2631;18443;4612;0,009801685700368795;22;19;4;3;4
554;2024-06-02 10:42:04.607629;0,51040763226366;;512;0,2916891497822948;1,1567303823810482;2631;18443;4612;0,013134495350450385;35;43;5;1;5
555;2024-06-02 10:46:22.512059;0,5095403295750217;;512;0,4895293832944902;1,2069128816879169;2631;18443;4612;0,005644574925381117;31;59;2;2;4
556;2024-06-02 10:50:16.474207;0,5134431916738942;;512;0,22521346042143986;1,5599759706044258;2631;18443;4612;0,007485580425671646;21;40;5;3;4
557;2024-06-02 11:01:16.034526;0,5125758889852559;;8192;0,6778481205866138;1,1913561354851159;2631;18443;4612;0,021984637353865612;10;29;5;3;5
558;2024-06-02 11:10:55.625994;0,5134431916738942;;512;0,5966093901950107;1,2764535993909398;2631;18443;4612;0,01790342982183051;17;27;4;1;4
559;2024-06-02 11:15:54.142321;0,5138768430182133;;512;0,555488301594246;1,113031361734286;2631;18443;4612;0,015715392602335357;12;31;5;3;5
560;2024-06-02 11:23:05.193349;0,5160450997398092;;512;0,8916285370083947;1,38618865752294;2631;18443;4612;0,014672109352945745;33;25;2;2;4
561;2024-06-02 11:28:17.440871;0,5067215958369471;;4096;0,12899736296997855;1,4345637759331487;2631;18443;4612;0,09564839996452884;46;19;5;3;5
562;2024-06-02 11:35:39.633261;0,5069384215091067;;512;0,6412590048578369;1,2555027599875928;2631;18443;4612;0,15562372024325843;27;28;5;1;4
563;2024-06-02 11:39:00.038529;0,5145273200346921;;512;0,5120597188654566;1,3567604244171485;2631;18443;4612;0,07463521579847339;25;15;4;3;9
564;2024-06-02 11:48:44.903145;0,5121422376409367;;512;0,39430378875708316;1,1303650287006972;2631;18443;4612;0,02558176034073821;20;17;5;2;3
565;2024-06-02 11:51:20.181059;0,5173460537727667;;512;0,3163390196652422;1,1742529133513806;2631;18443;4612;0,00889387733155983;48;16;2;3;4
566;2024-06-02 11:56:39.631451;0,5023850823937555;;512;0,26888035639180563;1,3219847555378674;2631;18443;4612;0,0522554810040781;34;52;5;1;4
567;2024-06-02 12:00:14.689900;0,5071552471812663;;512;0,34924695446008897;1,7054416172398843;2631;18443;4612;0,020520272969135268;23;26;3;3;4
568;2024-06-02 12:03:49.056673;0,5114917606244579;;1024;0,435514946171361;1,2362188435667267;2631;18443;4612;0,010242600580474093;29;20;5;4;5
569;2024-06-02 12:08:19.704885;0,514093668690373;;512;0,5256528894486776;1,4674961260904074;2631;18443;4612;0,06487342766837242;37;24;1;1;4
570;2024-06-02 12:10:47.716916;0,5088898525585429;;512;0,47492842841799476;1,2057058780550174;2631;18443;4612;0,2512372309765454;52;22;4;3;5
571;2024-06-02 12:15:40.483255;0,5149609713790113;;512;0,18790325111629166;1,1494252674764494;2631;18443;4612;0,0021438364916513747;24;30;5;1;4
572;2024-06-02 12:20:55.928094;0,5145273200346921;;512;0,6974367974322796;1,223183775783846;2631;18443;4612;0,03398499626742796;57;34;2;3;4
573;2024-06-02 12:25:57.365658;0,5047701647875108;;512;0,10568810219519645;1,3029496393188618;2631;18443;4612;0,004403498789813747;19;13;5;2;5
574;2024-06-02 12:31:33.027389;0,5153946227233305;;512;0,9285213493874965;1,1878962318150765;2631;18443;4612;0,043376260054342045;32;42;4;3;6
575;2024-06-02 12:41:03.152122;0,5164787510841283;;512;0,5707283860699193;1,774458102402687;2631;18443;4612;0,018755266368122497;43;18;5;3;3
576;2024-06-02 12:46:31.614097;0,5065047701647876;;512;0,7552280739992655;1,0916727060731364;2631;18443;4612;0,17990868048680617;25;45;5;1;4
577;2024-06-02 12:49:47.065177;0,513009540329575;;2048;0,3751487195375017;1,4086699650468193;2631;18443;4612;0,012433241778286828;22;33;4;2;4
578;2024-06-02 12:54:36.288762;0,5145273200346921;;512;0,8399604626430492;1,159525201259477;2631;18443;4612;0,11021594613792327;15;21;5;3;5
579;2024-06-02 13:04:44.267437;0,4984822202948829;;512;0,5420453621087773;1,9945812290588583;2631;18443;4612;0,3852260947792132;17;23;2;1;4
580;2024-06-02 13:07:08.005675;0,4640069384215091;;512;0,10092417991893754;1,1145563743043687;2631;18443;4612;0,571372343621017;18;29;5;3;4
581;2024-06-02 13:09:30.975443;0,46227233304423243;;512;0,497246930797166;1,3445189824075536;2631;18443;4612;0,9785376488302607;38;27;5;3;4
582;2024-06-02 13:13:48.939422;0,5112749349522984;;512;0,4552913478565077;1,375182453271615;2631;18443;4612;0,013953906304375112;28;39;2;1;5
583;2024-06-02 13:18:10.107636;0,5032523850823938;;8192;0,7249921096408073;1,0221192809998096;2631;18443;4612;0,022841090709034492;26;48;5;2;5
584;2024-06-02 13:25:24.838956;0,5143104943625325;;512;0,6668099993068688;1,1329933805439472;2631;18443;4612;0,003789348620434823;30;17;5;3;4
585;2024-06-02 13:29:38.815764;0,5106244579358196;;512;0,16046838679885375;1,1701276794731592;2631;18443;4612;0,006183024800326173;36;28;5;3;4
586;2024-06-02 13:33:31.589189;0,5138768430182133;;512;0,5995931861725502;1,2009767944653786;2631;18443;4612;0,017784577478004597;31;36;2;1;4
587;2024-06-02 13:36:26.094494;0,5067215958369471;;4096;0,6340100769951726;1,2449674857202546;2631;18443;4612;0,05681868854423115;16;22;4;3;5
588;2024-06-02 13:41:48.996480;0,514093668690373;;512;0,32955776930591707;1,146226964020506;2631;18443;4612;0,011088832251034495;45;61;5;3;4
589;2024-06-02 13:47:49.313305;0,5101908065915004;;512;0,901428302264915;1,284808648284125;2631;18443;4612;0,027844240113562308;21;26;5;1;5
590;2024-06-02 13:54:43.404303;0,5023850823937555;;512;0,4175667654576941;1,0029322612779445;2631;18443;4612;0,20574530615326764;39;19;5;2;4
591;2024-06-02 13:57:46.614867;0,5082393755420642;;512;0,5603196768676886;1,4410599181966244;2631;18443;4612;0,01629979698999017;23;31;4;4;3
592;2024-06-02 14:01:33.796442;0,5071552471812663;;512;0,27973141331112467;1,225578471227129;2631;18443;4612;0,08289346659072501;33;20;5;3;6
593;2024-06-02 14:06:44.417748;0,5101908065915004;;512;0,21488796667542265;1,1809576451816357;2631;18443;4612;0,14314671309424895;29;24;2;2;4
594;2024-06-02 14:09:51.052310;0,5054206418039896;;512;0,6169821821134238;1,3142987283640077;2631;18443;4612;0,03102786732093087;26;16;3;3;5
595;2024-06-02 14:14:22.534578;0,5149609713790113;;1024;0,53415075641382;1,6496584883846943;2631;18443;4612;0,005105079087809989;14;21;5;1;4
596;2024-06-02 14:20:14.319723;0,5123590633130962;;512;0,5809268036579275;1,264563827686218;2631;18443;4612;0,0077214278754812;20;15;5;3;4
597;2024-06-02 14:23:48.830469;0,5138768430182133;;512;0,8082579442110175;1,3466200255283935;2631;18443;4612;0,0382428553162646;13;18;5;3;4
598;2024-06-02 14:29:40.396982;0,5065047701647876;;512;0,6523701777403;1,1025421306957026;2631;18443;4612;0,00160511853827843;24;25;2;1;4
599;2024-06-02 14:33:21.854188;0,5110581092801387;;512;0,2547164836206841;1,1243248079588564;2631;18443;4612;0,02129180318762653;50;28;5;2;5
600;2024-06-02 14:37:39.596128;0,5134431916738942;;512;0,95916867890972;1,490549414908997;2631;18443;4612;0,014577294228536724;10;23;4;3;5
601;2024-06-02 14:43:29.143415;0,5138768430182133;;512;0,5203378222658731;1,210415898934565;2631;18443;4612;0,012513827691042178;22;32;5;1;4
602;2024-06-02 14:48:08.894663;0,5123590633130962;;512;0,30575490455260346;1,457034811933583;2631;18443;4612;0,02417442397054745;27;19;5;3;3
603;2024-06-02 14:55:35.185086;0,5101908065915004;;2048;0,46840337984052605;1,3902226978491303;2631;18443;4612;0,0183146758839547;34;62;4;2;4
604;2024-06-02 15:00:28.436341;0,5021682567215958;;512;0,6873817984720111;1,4188279543830917;2631;18443;4612;0,10097812519312198;63;17;5;3;5
605;2024-06-02 15:04:49.178027;0,5143104943625325;;512;0,8659296522492193;1,162084151166391;2631;18443;4612;0,01074360747234501;41;37;2;1;4
606;2024-06-02 15:08:05.406165;0,5114917606244579;;512;0,7439845440195136;1,3610603943188606;2631;18443;4612;0,1653369435736928;48;10;1;3;8
607;2024-06-02 15:16:16.789162;0,4954466608846487;;512;0,4417128505912569;1,0673340892810739;2631;18443;4612;0,0010641392917773494;19;30;5;3;4
608;2024-06-02 15:24:35.392024;0,4694275802254987;;8192;0,7824029109725221;1,1924257539018166;2631;18443;4612;0,12204105596164609;32;50;5;1;4
609;2024-06-02 15:26:14.345896;0,5114917606244579;;512;0,4959169435000109;1,1398725004407244;2631;18443;4612;0,016466000668396243;14;15;5;3;5
610;2024-06-02 15:33:13.014794;0,5145273200346921;;512;0,5523716061059586;1,3339582787648232;2631;18443;4612;0,04632644034428633;17;27;5;2;4
611;2024-06-02 15:36:44.430253;0,4934952298352125;;512;0,2290627981789026;1,2369613954040968;2631;18443;4612;0,4124818349972372;43;18;4;3;4
612;2024-06-02 15:39:27.582422;0,5082393755420642;;4096;0,5808185048554689;1,0843797120236984;2631;18443;4612;0,06748603953746922;35;22;2;1;5
613;2024-06-02 15:43:26.603913;0,5121422376409367;;512;0,9919918359850467;1,216240713076599;2631;18443;4612;0,008766768893202437;11;20;5;3;4
614;2024-06-02 15:49:10.178261;0,5117085862966175;;512;0,4070219478069562;1,5877408106427713;2631;18443;4612;0,014444668901401688;31;26;4;2;4
615;2024-06-02 15:52:45.156409;0,5127927146574154;;512;0,3648889287339499;1,1759670105657665;2631;18443;4612;0,0195553798905686;21;41;5;3;5
616;2024-06-02 16:01:06.704210;0,5112749349522984;;512;0,7664307973167667;1,2543768804052338;2631;18443;4612;0,003106773264174587;18;14;2;1;3
617;2024-06-02 16:03:05.145100;0,5127927146574154;;512;0,6040770237279723;1,156182674053122;2631;18443;4612;0,006804414060723391;54;8;5;3;10
618;2024-06-02 16:19:25.120440;0,5132263660017347;;512;0,4797561574054038;1,3832868719804734;2631;18443;4612;0,08681222820135744;8;21;5;3;4
619;2024-06-02 16:22:52.221423;0,5162619254119688;;512;0,38361008599294016;1,795785216969494;2631;18443;4612;0,02661419576030924;12;29;4;1;5
620;2024-06-02 16:27:08.586055;0,5091066782307025;;1024;0,5139796020778483;1,6226476002558239;2631;18443;4612;0,14254726024009304;30;25;2;3;6
621;2024-06-02 16:34:33.611628;0,5147441457068517;;512;0,8267151926580134;1,1104426544619843;2631;18443;4612;0,03427420646928005;59;38;5;2;4
622;2024-06-02 16:41:00.809005;0,5112749349522984;;512;0,31742512590053434;1,3019738369897387;2631;18443;4612;0,012556465782292756;24;23;5;3;4
623;2024-06-02 16:43:58.910525;0,5143104943625325;;512;0,42764537510801004;1,9141080127367622;2631;18443;4612;0,2989990836378213;16;47;3;1;4
624;2024-06-02 16:51:53.644198;0,5134431916738942;;512;0,5381483865061193;1,4990449199202904;2631;18443;4612;0,019798703696125217;28;29;5;3;5
625;2024-06-02 17:00:15.095459;0,5149609713790113;;512;0,6281913483536661;1,3276617746867447;2631;18443;4612;0,022488780531885112;19;55;5;1;4
626;2024-06-02 17:03:41.742001;0,5097571552471812;;512;0,5599099594019008;1,6857140949017948;2631;18443;4612;0,0036989399649595186;9;27;4;3;4
627;2024-06-02 17:08:51.656330;0,5136600173460538;;512;0,4620904652161264;1,8134796902366936;2631;18443;4612;0,05805588301267394;46;35;5;2;5
628;2024-06-02 17:18:10.936102;0,5179965307892455;;512;0,20409088803326608;1,1906637935119067;2631;18443;4612;0,22964238458166342;40;20;2;3;4
629;2024-06-02 17:24:40.786761;0,5127927146574154;;512;0,20277412113466797;1,188114083168793;2631;18443;4612;0,2572237501131572;42;19;2;3;4
630;2024-06-02 17:32:20.831899;0,5049869904596704;;2048;0,15837369366151277;1,171104090052503;2631;18443;4612;0,36125222946784097;43;20;2;3;3
631;2024-06-02 17:35:55.202354;0,5153946227233305;;512;0,21380743133914235;1,0379833254527717;2631;18443;4612;0,27728959474528125;40;21;2;3;5
632;2024-06-02 17:39:31.587160;0,5023850823937555;;512;0,23317848543264985;1,1368214033276716;2631;18443;4612;0,2565840063034014;39;19;2;3;4
633;2024-06-02 17:41:50.590036;0,5084562012142237;;512;0,18480273210047563;1,1526889103420355;2631;18443;4612;0,18997371333334356;23;20;2;3;5
634;2024-06-02 17:46:56.436583;0,4165221162185603;;8192;0,19684927071922956;1,4008725474469785;2631;18443;4612;0,0024981842795129333;13;18;2;5;4
635;2024-06-02 17:48:11.544438;0,5058542931483088;;512;0,2876126874478954;1,1190598072281512;2631;18443;4612;0,23296408416971623;40;22;2;3;4
636;2024-06-02 17:53:45.834937;0,5173460537727667;;512;0,18144236513865664;1,3622579195864966;2631;18443;4612;0,33795798650309317;22;24;2;3;4
637;2024-06-02 17:58:26.498561;0,5101908065915004;;512;0,5029071529045783;1,1965055046978907;2631;18443;4612;0,23592482018417202;38;13;2;3;5
638;2024-06-02 18:04:34.368512;0,5043365134431916;;512;0,34372146787028196;1,5307712031002387;2631;18443;4612;0,2223816531172246;25;19;2;3;4
639;2024-06-02 18:06:36.068034;0,5145273200346921;;4096;0,5298242496811428;1,2776275488071913;2631;18443;4612;0,16623213341401732;20;20;2;3;4
640;2024-06-02 18:11:19.730296;0,5021682567215958;;512;0,23964562236048656;1,1763600387339945;2631;18443;4612;0,19431410429955412;45;21;2;3;5
641;2024-06-02 18:14:27.127890;0,5008673026886383;;512;0,7045818108829051;1,1022888938858846;2631;18443;4612;0,331251211060996;60;31;2;3;4
642;2024-06-02 18:17:04.651171;0,44644405897658285;;512;0,5879270224234925;1,5701780766715308;2631;18443;4612;0,753091474940403;41;22;2;1;5
643;2024-06-02 18:19:17.992040;0,5164787510841283;;512;0,6691789629443682;1,1627865985593469;2631;18443;4612;0,017079787123107665;27;46;4;3;3
644;2024-06-02 18:25:31.824441;0,46313963573287076;;512;0,13524388450289704;1,1318199287719222;2631;18443;4612;0,8487143977056946;48;28;2;3;4
645;2024-06-02 18:27:32.430992;0,514093668690373;;512;0,25027375528997275;1,0164209693998636;2631;18443;4612;0,12057891132260687;29;12;4;1;4
646;2024-06-02 18:30:24.617778;0,48980919340849954;;1024;0,15155306910198157;1,8321484708312499;2631;18443;4612;0,2707356831635739;25;19;2;3;6
647;2024-06-02 18:34:03.511416;0,5145273200346921;;512;0,6473319944165264;1,2029245948844856;2631;18443;4612;0,2181657008303473;43;33;2;3;4
648;2024-06-02 18:38:10.009086;0,51561144839549;;512;0,2690447395818417;1,337543253626574;2631;18443;4612;0,00982338992756242;37;11;4;1;5
649;2024-06-02 18:46:09.984907;0,5136600173460538;;512;0,9101260746392226;1,143576668932075;2631;18443;4612;0,005649801392144691;23;20;3;3;4
650;2024-06-02 18:49:15.671218;0,511925411968777;;512;0,5643406076557972;1,4277987639407277;2631;18443;4612;0,013970523885078629;11;30;5;3;4
651;2024-06-02 18:55:33.219423;0,5099739809193409;;512;0,21513546244835127;1,1837421162370532;2631;18443;4612;0,01581431559750049;15;18;4;1;4
652;2024-06-02 18:59:05.258836;0,4683434518647008;;512;0,446768683591779;1,9640105069917717;2631;18443;4612;0,48872244710865986;21;12;5;3;5
653;2024-06-02 19:02:37.313859;0,5125758889852559;;512;0,48460939614741;1,3720981871414808;2631;18443;4612;0,17730452892042545;51;17;2;3;4
654;2024-06-02 19:08:51.128629;0,5114917606244579;;512;0,35900499847759937;1,8615076015842826;2631;18443;4612;0,0017646232107759242;26;26;5;1;3
655;2024-06-02 19:16:01.542148;0,45967042497831745;;512;0,609892144001717;1,0580778054318865;2631;18443;4612;0,4238242429786909;44;21;5;3;4
656;2024-06-02 19:24:08.026924;0,518213356461405;;2048;0,517751515658866;1,471279375435688;2631;18443;4612;0,025406829509714714;47;9;3;3;4
657;2024-06-02 19:29:51.232990;0,5091066782307025;;2048;0,5208774741816156;1,4605657980694604;2631;18443;4612;0,025621300780037312;47;11;3;4;6
658;2024-06-02 19:35:54.469726;0,51040763226366;;2048;0,5437982258765565;1,4776400389776045;2631;18443;4612;0,03069823459117161;47;14;3;3;5
659;2024-06-02 19:43:15.919987;0,46530789245446663;;8192;0,5031558651443627;1,5173298003741018;2631;18443;4612;0,023281712813617052;50;9;3;1;5
660;2024-06-02 19:45:26.179936;0,5145273200346921;;2048;0,531564298346246;1,091928709412411;2631;18443;4612;0,02093970043911166;45;13;3;3;4
661;2024-06-02 19:50:46.347160;0,513009540329575;;2048;0,5096083128807529;1,4717225145855863;2631;18443;4612;0,026996498523412033;49;14;4;1;4
662;2024-06-02 19:55:02.402122;0,5099739809193409;;2048;0,47823601343581584;1,4951873650451182;2631;18443;4612;0,01815944379029763;24;11;3;3;4
663;2024-06-02 19:59:56.004443;0,5114917606244579;;2048;0,5446084126497381;1,4937090385550715;2631;18443;4612;0,011896609029021264;41;8;2;3;5
664;2024-06-02 20:04:31.418622;0,5097571552471812;;2048;0,5722689561081789;1,4625373430332382;2631;18443;4612;0,022843787493372944;45;24;1;1;7
665;2024-06-02 20:08:52.998404;0,46335646140503034;;2048;0,3946893941024396;1,247564325632202;2631;18443;4612;0,529719533526552;19;9;4;3;4
666;2024-06-02 20:11:13.458225;0,47267996530789247;;2048;0,42196072716874383;1,2179185046845196;2631;18443;4612;0,0011643678811199274;22;13;2;3;4
667;2024-06-02 20:16:08.134513;0,5147441457068517;;2048;0,7252270132272995;1,4368338387776591;2631;18443;4612;0,02874493485672169;18;11;4;1;5
668;2024-06-02 20:22:15.871941;0,45793581960104074;;2048;0,4933306166260111;1,072540677353409;2631;18443;4612;0,6836905608398569;27;8;2;3;4
669;2024-06-02 20:24:15.672557;0,5086730268863834;;4096;0,4581091272936654;1,5065515803396137;2631;18443;4612;0,008145373954448714;47;12;2;3;4
670;2024-06-02 20:29:23.990598;0,49132697311361667;;2048;0,2609349419658387;1,288028850690154;2631;18443;4612;0,0023588844199362046;37;11;4;1;5
671;2024-06-02 20:34:04.667961;0,5127927146574154;;512;0,9452429657095418;1,447845482010946;2631;18443;4612;0,015979302551871227;20;9;4;3;3
672;2024-06-02 20:37:08.310267;0,4772333044232437;;512;0,3288289021154003;1,164191120129205;2631;18443;4612;0,30634516188365724;39;23;2;3;4
673;2024-06-02 20:39:31.413712;0,5125758889852559;;512;0,5217045278565005;1,1252622330009012;2631;18443;4612;0,00472119752186517;52;9;2;1;5
674;2024-06-02 20:43:02.188430;0,5136600173460538;;1024;0,5520898919029141;1,2337039945002655;2631;18443;4612;0,01343964187569322;43;12;4;3;4
675;2024-06-02 20:46:43.651750;0,513009540329575;;512;0,17116066300048677;1,1844667189595488;2631;18443;4612;0,010270365932027343;26;8;2;3;4
676;2024-06-02 20:49:46.893329;0,5108412836079792;;512;0,5822442803676847;1,3138172684760705;2631;18443;4612;0,018972158059674452;14;12;3;1;4
677;2024-06-02 20:52:06.631265;0,5134431916738942;;512;0,2045609338266674;1,1420245935407791;2631;18443;4612;0,024625680187540622;56;9;4;3;5
678;2024-06-02 20:57:25.450615;0,5153946227233305;;512;0,48908787056647685;1,203856899146724;2631;18443;4612;0,020327904962690373;23;11;1;1;4
679;2024-06-02 20:59:55.987264;0,5017346053772767;;512;0,5162062029412932;1,8470879675907608;2631;18443;4612;0,002656322317145197;17;10;2;3;5
