;matchId;draw_pred;home_pred;away_pred;prediction;label;config.;mode;epoch;HomeTeam;AwayTeam;FTR;FTHG;FTAG
0;2576138,0;-0,03462378308176994;0,04940813407301903;-0,014765449799597263;1,0;1,0;0,0;1,0;249,0;Udinese;Verona;1;4,0;0,0
1;2500059,0;-0,03464221581816673;0,04936857521533966;-0,014695517718791962;1,0;2,0;0,0;1,0;249,0;Bournemouth;Man United;2;0,0;2,0
2;2576196,0;-0,04470784217119217;0,07117222249507904;-0,026410648599267006;1,0;1,0;0,0;1,0;249,0;Napoli;Lazio;1;4,0;1,0
3;2565923,0;-0,03462647274136543;0,049402277916669846;-0,014755122363567352;1,0;2,0;0,0;1,0;249,0;Las Palmas;Girona;2;1,0;2,0
4;2500896,0;-0,03465085104107857;0,049350131303071976;-0,014662886038422585;1,0;1,0;0,0;1,0;249,0;Amiens;Guingamp;1;3,0;1,0
5;2576094,0;-0,045083947479724884;0,07197877019643784;-0,026839017868041992;1,0;1,0;0,0;1,0;249,0;Juventus;Crotone;1;3,0;0,0
6;2500909,0;-0,04521847888827324;0,07226728647947311;-0,02699222043156624;1,0;2,0;0,0;1,0;249,0;Guingamp;Nantes;2;0,0;3,0
7;2565892,0;-0,04493454098701477;0,07165838778018951;-0,026668846607208252;1,0;0,0;0,0;1,0;249,0;Getafe;Girona;0;1,0;1,0
8;2575987,0;-0,0462806411087513;0,07454505562782288;-0,02820199355483055;1,0;0,0;0,0;1,0;249,0;Sampdoria;Roma;0;1,0;1,0
9;2516934,0;-0,03462227061390877;0,049411412328481674;-0,014771239832043648;1,0;2,0;0,0;1,0;249,0;Leverkusen;Hertha;2;0,0;2,0
10;2565893,0;-0,05553615838289261;0,09439318627119064;-0,03874361142516136;1,0;1,0;0,0;1,0;249,0;Betis;Malaga;1;2,0;1,0
11;2499981,0;-0,0346660390496254;0,049317482858896255;-0,014605183154344559;1,0;1,0;0,0;1,0;249,0;Huddersfield;Bournemouth;1;4,0;1,0
12;2565742,0;-0,03462669998407364;0,04940185695886612;-0,014754361473023891;1,0;2,0;0,0;1,0;249,0;Sociedad;Celta;2;1,0;2,0
13;2576079,0;-0,0346313901245594;0,04939168691635132;-0,014736410230398178;1,0;2,0;0,0;1,0;249,0;Benevento;Sassuolo;2;1,0;2,0
14;2576074,0;-0,03465679660439491;0,049337368458509445;-0,014640324749052525;1,0;2,0;0,0;1,0;249,0;Genoa;Sampdoria;2;0,0;2,0
15;2565748,0;-0,038984641432762146;0,05889904871582985;-0,019892117008566856;1,0;0,0;0,0;1,0;249,0;La Coruna;Levante;0;2,0;2,0
16;2500927,0;-0,05640715733170509;0,09626099467277527;-0,03973568230867386;1,0;1,0;0,0;1,0;249,0;Bordeaux;Amiens;1;3,0;2,0
17;2576150,0;-0,034644629806280136;0,04936341941356659;-0,014686395414173603;1,0;1,0;0,0;1,0;249,0;Torino;Bologna;1;3,0;0,0
18;2500920,0;-0,03463849052786827;0,04937659576535225;-0,01470969058573246;1,0;1,0;0,0;1,0;249,0;Monaco;Lyon;1;3,0;2,0
19;2565640,0;-0,034710582345724106;0,04922207444906235;-0,014436460100114346;1,0;1,0;0,0;1,0;249,0;Malaga;Celta;1;2,0;1,0
20;2565683,0;-0,03718995675444603;0,05505039170384407;-0,017848080024123192;1,0;2,0;0,0;1,0;249,0;Girona;Alaves;2;2,0;3,0
21;2501003,0;-0,03462246432900429;0,04941094294190407;-0,014770422130823135;1,0;0,0;0,0;1,0;249,0;Nice;Rennes;0;1,0;1,0
22;2516822,0;-0,03464842960238457;0,04935538023710251;-0,014672152698040009;1,0;1,0;0,0;1,0;249,0;Hertha;Hamburg;1;2,0;1,0
23;2565779,0;-0,0510922446846962;0,08486337959766388;-0,03368218615651131;1,0;1,0;0,0;1,0;249,0;Girona;Leganes;1;3,0;0,0
24;2576325,0;-0,03463004529476166;0,049394719302654266;-0,014741731807589531;1,0;2,0;0,0;1,0;249,0;Sampdoria;Napoli;2;0,0;2,0
25;2565664,0;-0,036214858293533325;0,05295930802822113;-0,01673751510679722;1,0;0,0;0,0;1,0;249,0;Ath Madrid;Real Madrid;0;0,0;0,0
26;2565636,0;-0,062365785241127014;0,10903911292552948;-0,04652223363518715;1,0;0,0;0,0;1,0;249,0;Sociedad;Espanol;0;1,0;1,0
27;2516990,0;-0,05397752299904823;0,09105078876018524;-0,03696835786104202;1,0;0,0;0,0;1,0;249,0;Stuttgart;Hamburg;0;1,0;1,0
28;2500071,0;-0,03460013121366501;0,04945875331759453;-0,01485497783869505;1,0;2,0;0,0;1,0;249,0;Huddersfield;Everton;2;0,0;2,0
29;2565751,0;-0,034625157713890076;0,04940522834658623;-0,014760302379727364;1,0;0,0;0,0;1,0;249,0;Ath Bilbao;Eibar;0;1,0;1,0
30;2500795,0;-0,03462632745504379;0,049402669072151184;-0,014755790121853352;1,0;0,0;0,0;1,0;249,0;Toulouse;St Etienne;0;0,0;0,0
31;2500969,0;-0,03459986299276352;0,04945928603410721;-0,01485593430697918;1,0;0,0;0,0;1,0;249,0;Lille;Montpellier;0;1,0;1,0
32;2516839,0;-0,034619901329278946;0,04941641539335251;-0,014780104160308838;1,0;0,0;0,0;1,0;249,0;Hoffenheim;Ein Frankfurt;0;1,0;1,0
33;2499837,0;-0,034603118896484375;0,04945209249854088;-0,014843273907899857;1,0;1,0;0,0;1,0;249,0;Watford;West Ham;1;2,0;0,0
34;2565717,0;-0,03466876223683357;0,0493118055164814;-0,01459510251879692;1,0;1,0;0,0;1,0;249,0;Espanol;Ath Madrid;1;1,0;0,0
35;2516955,0;-0,03462658450007439;0,04940209165215492;-0,014754780568182468;1,0;0,0;0,0;1,0;249,0;RB Leipzig;Dortmund;0;1,0;1,0
36;2499819,0;-0,03461519628763199;0,04942641779780388;-0,014797814190387726;1,0;1,0;0,0;1,0;249,0;Chelsea;Man United;1;1,0;0,0
37;2500004,0;-0,06910973787307739;0,12350129336118698;-0,0542033314704895;1,0;1,0;0,0;1,0;249,0;Man City;Chelsea;1;1,0;0,0
38;2565880,0;-0,037147730588912964;0,05495983734726906;-0,017800012603402138;1,0;2,0;0,0;1,0;249,0;Girona;Espanol;2;0,0;2,0
39;2499891,0;-0,03461465612053871;0,04942768067121506;-0,014800016768276691;1,0;0,0;0,0;1,0;249,0;Brighton;Burnley;0;0,0;0,0
40;2565791,0;-0,05184931308031082;0,08648690581321716;-0,03454442694783211;1,0;1,0;0,0;1,0;249,0;Barcelona;Girona;1;6,0;1,0
41;2576055,0;-0,034603554755449295;0,049451448023319244;-0,014842054806649685;1,0;1,0;0,0;1,0;249,0;Inter;Sampdoria;1;3,0;2,0
42;2500089,0;-0,03462328389286995;0,049409132450819016;-0,014767237938940525;1,0;2,0;0,0;1,0;249,0;Burnley;Bournemouth;2;1,0;2,0
43;2499801,0;-0,03463035076856613;0,04939408227801323;-0,014740598388016224;1,0;1,0;0,0;1,0;249,0;Huddersfield;Man United;1;2,0;1,0
44;2576236,0;-0,034648068249225616;0,04935599863529205;-0,014673286117613316;1,0;0,0;0,0;1,0;249,0;Sassuolo;Spal;0;1,0;1,0
45;2500977,0;-0,03459318354725838;0,04947351664304733;-0,01488112099468708;1,0;1,0;0,0;1,0;249,0;Angers;Caen;1;3,0;0,0
46;2576169,0;-0,03462061285972595;0,049414873123168945;-0,01477738469839096;1,0;2,0;0,0;1,0;249,0;Sassuolo;Atalanta;2;0,0;3,0
47;2517010,0;-0,03465013951063156;0,049351610243320465;-0,014665513299405575;1,0;2,0;0,0;1,0;249,0;RB Leipzig;Hoffenheim;2;2,0;5,0
48;2501002,0;-0,034625548869371414;0,04940441623330116;-0,014758856035768986;1,0;1,0;0,0;1,0;249,0;Monaco;Nantes;1;2,0;1,0
49;2500970,0;-0,0346219465136528;0,04941205307841301;-0,014772387221455574;1,0;1,0;0,0;1,0;249,0;Lyon;Caen;1;1,0;0,0
50;2576163,0;-0,03460180014371872;0,049455150961875916;-0,014848615042865276;1,0;1,0;0,0;1,0;249,0;Juventus;Genoa;1;1,0;0,0
51;2499901,0;-0,03465662896633148;0,0493377186357975;-0,014640946872532368;1,0;2,0;0,0;1,0;249,0;Burnley;Tottenham;2;0,0;3,0
52;2500964,0;-0,03460552543401718;0,04944710433483124;-0,014834404923021793;1,0;0,0;0,0;1,0;249,0;St Etienne;Dijon;0;2,0;2,0
53;2500756,0;-0,03466379642486572;0,049322351813316345;-0,014613772742450237;1,0;1,0;0,0;1,0;249,0;Amiens;Lille;1;3,0;0,0
54;2576102,0;-0,03461715206503868;0,049422334879636765;-0,014790568500757217;1,0;1,0;0,0;1,0;249,0;Fiorentina;Sassuolo;1;3,0;0,0
55;2565837,0;-0,03462157025933266;0,049412887543439865;-0,01477385126054287;1,0;1,0;0,0;1,0;249,0;Betis;Espanol;1;3,0;0,0
56;2500882,0;-0,03464733809232712;0,04935767501592636;-0,01467621885240078;1,0;2,0;0,0;1,0;249,0;Rennes;Marseille;2;0,0;3,0
57;2576072,0;-0,03468574956059456;0,04927533119916916;-0,014530620537698269;1,0;0,0;0,0;1,0;249,0;Chievo;Napoli;0;0,0;0,0
58;2500049,0;-0,034591224044561386;0,04947750270366669;-0,014888226985931396;1,0;1,0;0,0;1,0;249,0;Burnley;Leicester;1;2,0;1,0
59;2576271,0;-0,04119357094168663;0,06363601237535477;-0,022408034652471542;1,0;1,0;0,0;1,0;249,0;Bologna;Verona;1;2,0;0,0
60;2517001,0;-0,06301169097423553;0,11042425781488419;-0,04725788161158562;1,0;1,0;0,0;1,0;249,0;Hoffenheim;Hamburg;1;2,0;0,0
61;2565691,0;-0,03463568165898323;0,04938260838389397;-0,014720323495566845;1,0;2,0;0,0;1,0;249,0;Levante;Ath Bilbao;2;1,0;2,0
62;2516919,0;-0,034659139811992645;0,04933231696486473;-0,014631402678787708;1,0;2,0;0,0;1,0;249,0;FC Koln;Dortmund;2;2,0;3,0
63;2499848,0;-0,03463238105177879;0,04938969761133194;-0,014732852578163147;1,0;0,0;0,0;1,0;249,0;West Ham;Leicester;0;1,0;1,0
64;2500983,0;-0,03463839739561081;0,04937673732638359;-0,01470995508134365;1,0;2,0;0,0;1,0;249,0;Nice;Paris SG;2;1,0;2,0
65;2500001,0;-0,034667763859033585;0,049313876777887344;-0,014598779380321503;1,0;2,0;0,0;1,0;249,0;Crystal Palace;Man United;2;2,0;3,0
66;2565905,0;-0,034610673785209656;0,049436092376708984;-0,014814925380051136;1,0;1,0;0,0;1,0;249,0;Sevilla;Sociedad;1;1,0;0,0
67;2565887,0;-0,034591224044561386;0,04947750270366669;-0,014888226985931396;1,0;0,0;0,0;1,0;249,0;Leganes;La Coruna;0;0,0;0,0
68;2565731,0;-0,0346912145614624;0,0492636077105999;-0,0145098976790905;1,0;2,0;0,0;1,0;249,0;Levante;Celta;2;0,0;1,0
69;2500068,0;-0,034625109285116196;0,04940520599484444;-0,014760295860469341;1,0;0,0;0,0;1,0;249,0;West Brom;Liverpool;0;2,0;2,0
70;2499860,0;-0,0739654004573822;0,13391411304473877;-0,059733688831329346;1,0;2,0;0,0;1,0;249,0;Arsenal;Man United;2;1,0;3,0
71;2499880,0;-0,03466195985674858;0,04932626709342003;-0,014620705507695675;1,0;2,0;0,0;1,0;249,0;Huddersfield;Chelsea;2;1,0;3,0
72;2576141,0;-0,034640487283468246;0,04937233030796051;-0,014702143147587776;1,0;2,0;0,0;1,0;249,0;Bologna;Udinese;2;1,0;2,0
73;2565741,0;-0,04632237181067467;0,07463455945253372;-0,028249496594071388;1,0;0,0;0,0;1,0;249,0;Eibar;Malaga;0;1,0;1,0
74;2517016,0;-0,034661971032619476;0,049326274544000626;-0,0146207045763731;1,0;2,0;0,0;1,0;249,0;Hannover;Bayern Munich;2;0,0;3,0
75;2501015,0;-0,0346662700176239;0,04931709170341492;-0,014604462310671806;1,0;2,0;0,0;1,0;249,0;Troyes;Marseille;2;2,0;3,0
76;2576078,0;-0,03468369320034981;0,049279630184173584;-0,014538254588842392;1,0;2,0;0,0;1,0;249,0;Sassuolo;Milan;2;0,0;2,0
77;2499994,0;-0,03459865599870682;0,04946170747280121;-0,014860258437693119;1,0;0,0;0,0;1,0;249,0;Leicester;Stoke;0;1,0;1,0
78;2500771,0;-0,03462621942162514;0,04940294474363327;-0,014756270684301853;1,0;1,0;0,0;1,0;249,0;Lyon;Monaco;1;3,0;2,0
79;2516982,0;-0,060785308480262756;0,10564983636140823;-0,04472216218709946;1,0;1,0;0,0;1,0;249,0;Bayern Munich;Dortmund;1;6,0;0,0
80;2500846,0;-0,034657515585422516;0,04933581128716469;-0,01463757362216711;1,0;2,0;0,0;1,0;249,0;Amiens;Lyon;2;1,0;2,0
81;2500898,0;-0,03466001898050308;0,04933054372668266;-0,014628236182034016;1,0;1,0;0,0;1,0;249,0;Lyon;Paris SG;1;2,0;1,0
82;2517026,0;-0,034623585641384125;0,049408458173274994;-0,01476605050265789;1,0;2,0;0,0;1,0;249,0;Wolfsburg;Hamburg;2;1,0;3,0
83;2565925,0;-0,03464392200112343;0,04936496168375015;-0,014689113013446331;1,0;0,0;0,0;1,0;249,0;Ath Madrid;Eibar;0;2,0;2,0
84;2516904,0;-0,03461301699280739;0,04943094775080681;-0,014805863611400127;1,0;1,0;0,0;1,0;249,0;Freiburg;RB Leipzig;1;2,0;1,0
85;2565740,0;-0,03467991203069687;0,04928793013095856;-0,014552876353263855;1,0;2,0;0,0;1,0;249,0;Betis;Barcelona;2;0,0;5,0
86;2565733,0;-0,03564882650971413;0,051745496690273285;-0,01609279401600361;1,0;2,0;0,0;1,0;249,0;Real Madrid;Villarreal;2;0,0;1,0
87;2499977,0;-0,03470855951309204;0,0492263026535511;-0,014443967491388321;1,0;1,0;0,0;1,0;249,0;Watford;Chelsea;1;4,0;1,0
88;2565858,0;-0,060970425605773926;0,10604682564735413;-0,04493299499154091;1,0;1,0;0,0;1,0;249,0;Barcelona;Valencia;1;2,0;1,0
89;2565862,0;-0,03462523967027664;0,049404896795749664;-0,014759758487343788;1,0;0,0;0,0;1,0;249,0;Getafe;Espanol;1;1,0;0,0
90;2499908,0;-0,03461974859237671;0,049416620284318924;-0,014780502766370773;1,0;2,0;0,0;1,0;249,0;West Ham;Newcastle;2;2,0;3,0
91;2565639,0;-0,0346580408513546;0,04933476075530052;-0,01463569886982441;1,0;1,0;0,0;1,0;249,0;Sevilla;Leganes;1;2,0;1,0
92;2500900,0;-0,034617070108652115;0,04942251369357109;-0,014790879562497139;1,0;1,0;0,0;1,0;249,0;Montpellier;Toulouse;1;2,0;1,0
93;2565747,0;-0,034641996026039124;0,049369100481271744;-0,01469642948359251;1,0;2,0;0,0;1,0;249,0;Espanol;Sevilla;2;0,0;3,0
94;2565868,0;-0,07425453513860703;0,1345341056585312;-0,060063038021326065;1,0;1,0;0,0;1,0;249,0;Sociedad;Ath Madrid;1;3,0;0,0
95;2516917,0;-0,034632403403520584;0,04938969388604164;-0,014732833951711655;1,0;2,0;0,0;1,0;249,0;Hannover;Wolfsburg;2;0,0;1,0
96;2516889,0;-0,03461545705795288;0,049425914883613586;-0,014796911738812923;1,0;0,0;0,0;1,0;249,0;Augsburg;Freiburg;0;3,0;3,0
97;2500994,0;-0,03462017700076103;0,04941575229167938;-0,014778952114284039;1,0;0,0;0,0;1,0;249,0;Strasbourg;Metz;0;2,0;2,0
98;2499959,0;-0,0346500426530838;0,04935174435377121;-0,014665772207081318;1,0;2,0;0,0;1,0;249,0;Huddersfield;Liverpool;2;0,0;3,0
99;2565673,0;-0,08483125269412994;0,15721550583839417;-0,0721094161272049;1,0;1,0;0,0;1,0;249,0;Real Madrid;Malaga;1;3,0;2,0
100;2500857,0;-0,044643647968769073;0,07103458046913147;-0,02633753791451454;1,0;1,0;0,0;1,0;249,0;Dijon;Lille;1;3,0;0,0
101;2501023,0;-0,034617796540260315;0,04942097142338753;-0,014788147993385792;1,0;1,0;0,0;1,0;249,0;Nice;Montpellier;1;1,0;0,0
102;2565847,0;-0,034651413559913635;0,04934893175959587;-0,01466076634824276;1,0;2,0;0,0;1,0;249,0;Las Palmas;Real Madrid;2;0,0;3,0
103;2499969,0;-0,034598104655742645;0,049462899565696716;-0,014862366020679474;1,0;1,0;0,0;1,0;249,0;Bournemouth;Stoke;1;2,0;1,0
104;2576091,0;-0,03465501591563225;0,04934125766158104;-0,014647179283201694;1,0;2,0;0,0;1,0;249,0;Cagliari;Inter;2;1,0;3,0
105;2499911,0;-0,034623127430677414;0,04940946400165558;-0,014767827466130257;1,0;2,0;0,0;1,0;249,0;Crystal Palace;Arsenal;2;2,0;3,0
106;2500856,0;-0,034592002630233765;0,04947585240006447;-0,014885303564369678;1,0;0,0;0,0;1,0;249,0;Caen;Guingamp;0;0,0;0,0
107;2516930,0;-0,0346047468483448;0,04944886639714241;-0,014837497845292091;1,0;1,0;0,0;1,0;249,0;RB Leipzig;Augsburg;1;2,0;0,0
108;2565844,0;-0,034615300595760345;0,049426235258579254;-0,01479747798293829;1,0;0,0;0,0;1,0;249,0;Eibar;Sociedad;0;0,0;0,0
109;2501033,0;-0,039402469992637634;0,059795062988996506;-0,02036801539361477;1,0;1,0;0,0;1,0;249,0;Rennes;Toulouse;1;2,0;1,0
110;2500849,0;-0,03462880477309227;0,04939728602766991;-0,014746294356882572;1,0;1,0;0,0;1,0;249,0;Guingamp;Dijon;1;4,0;0,0
111;2576294,0;-0,03467557951807976;0,04929722100496292;-0,014569304883480072;1,0;2,0;0,0;1,0;249,0;Chievo;Inter;2;1,0;2,0
112;2576117,0;-0,0346195213496685;0,04941726103425026;-0,014781594276428223;1,0;0,0;0,0;1,0;249,0;Spal;Verona;0;2,0;2,0
113;2516961,0;-0,034624166786670685;0,04940721020102501;-0,014763843268156052;1,0;2,0;0,0;1,0;249,0;Augsburg;Hoffenheim;2;0,0;2,0
114;2576083,0;-0,06518282741308212;0,11508015543222427;-0,049730733036994934;1,0;1,0;0,0;1,0;249,0;Napoli;Milan;1;2,0;1,0
115;2500952,0;-0,05761345475912094;0,098847895860672;-0,04110954701900482;1,0;1,0;0,0;1,0;249,0;Paris SG;Marseille;1;3,0;0,0
116;2500916,0;-0,042125359177589417;0,06563416868448257;-0,023469317704439163;1,0;2,0;0,0;1,0;249,0;Amiens;St Etienne;2;0,0;2,0
117;2499888,0;-0,06308839470148087;0,11058873683214188;-0,04734525829553604;1,0;1,0;0,0;1,0;249,0;Tottenham;Brighton;1;2,0;0,0
118;2500917,0;-0,034648556262254715;0,04935503751039505;-0,014671565964818;1,0;1,0;0,0;1,0;249,0;Caen;Nantes;1;3,0;2,0
119;2576242,0;-0,07209546118974686;0,12990407645702362;-0,05760391801595688;1,0;1,0;0,0;1,0;249,0;Milan;Chievo;1;3,0;2,0
120;2565890,0;-0,03854799643158913;0,05796267092227936;-0,019394824281334877;1,0;0,0;0,0;1,0;249,0;Valencia;Eibar;0;0,0;0,0
121;2500069,0;-0,034591224044561386;0,04947750270366669;-0,014888226985931396;1,0;0,0;0,0;1,0;249,0;Burnley;Brighton;0;0,0;0,0
122;2576158,0;-0,03466155752539635;0,04932713136076927;-0,014622228220105171;1,0;0,0;0,0;1,0;249,0;Chievo;Udinese;0;1,0;1,0
123;2501009,0;-0,05752601474523544;0,09866038709878922;-0,04100996255874634;1,0;1,0;0,0;1,0;249,0;Lyon;Amiens;1;3,0;0,0
124;2565686,0;-0,047909341752529144;0,07803773134946823;-0,030056994408369064;1,0;1,0;0,0;1,0;249,0;Eibar;Espanol;1;3,0;1,0
125;2565884,0;-0,05045810714364052;0,08350346982479095;-0,0329599529504776;1,0;1,0;0,0;1,0;249,0;Barcelona;Villarreal;1;5,0;1,0
126;2517015,0;-0,047463417053222656;0,07708148658275604;-0,029549112543463707;1,0;1,0;0,0;1,0;249,0;Hamburg;Freiburg;1;1,0;0,0
127;2576125,0;-0,07041103392839432;0,1262919306755066;-0,055685386061668396;1,0;2,0;0,0;1,0;249,0;Inter;Udinese;2;1,0;3,0
128;2576149,0;-0,03461282700300217;0,04943166673183441;-0,014807048253715038;1,0;2,0;0,0;1,0;249,0;Roma;Atalanta;2;1,0;2,0
129;2576104,0;-0,03871125355362892;0,05831276625394821;-0,019580764696002007;1,0;1,0;0,0;1,0;249,0;Inter;Chievo;1;5,0;0,0
130;2516922,0;-0,034612253308296204;0,049432747066020966;-0,014809003099799156;1,0;2,0;0,0;1,0;249,0;M'gladbach;RB Leipzig;2;0,0;1,0
131;2499894,0;-0,03462328389286995;0,049409229308366776;-0,014767380431294441;1,0;2,0;0,0;1,0;249,0;Leicester;Crystal Palace;2;0,0;3,0
132;2516951,0;-0,03464220464229584;0,04936852306127548;-0,01469544880092144;1,0;2,0;0,0;1,0;249,0;Leverkusen;Schalke 04;2;0,0;2,0
133;2576279,0;-0,03465721383690834;0,049336567521095276;-0,014638882130384445;1,0;2,0;0,0;1,0;249,0;Benevento;Atalanta;2;0,0;3,0
134;2576082,0;-0,034613873809576035;0,049429383128881454;-0,014803024008870125;1,0;1,0;0,0;1,0;249,0;Inter;Atalanta;1;2,0;0,0
135;2516856,0;-0,08343452960252762;0,1542203277349472;-0,0705186277627945;1,0;1,0;0,0;1,0;249,0;Bayern Munich;Hannover;1;3,0;1,0
136;2565704,0;-0,07465150952339172;0,1353854387998581;-0,0605151392519474;1,0;1,0;0,0;1,0;249,0;Barcelona;La Coruna;1;4,0;0,0
137;2565913,0;-0,03465813398361206;0,04933454468846321;-0,014635317027568817;1,0;2,0;0,0;1,0;249,0;Getafe;Ath Madrid;2;0,0;1,0
138;2565874,0;-0,05480720102787018;0,09282996505498886;-0,037913378328084946;1,0;0,0;0,0;1,0;249,0;Celta;Barcelona;0;2,0;2,0
139;2499865,0;-0,07736305892467499;0,1412002444267273;-0,06360350549221039;1,0;1,0;0,0;1,0;249,0;Man City;West Ham;1;2,0;1,0
140;2576305,0;-0,03466150909662247;0,04932737350463867;-0,014622624032199383;1,0;1,0;0,0;1,0;249,0;Fiorentina;Napoli;1;3,0;0,0
141;2516837,0;-0,034592948853969574;0,049474086612463;-0,014882110059261322;1,0;0,0;0,0;1,0;249,0;Wolfsburg;Hertha;0;3,0;3,0
142;2499967,0;-0,03459710627794266;0,04946506768465042;-0,01486618909984827;1,0;0,0;0,0;1,0;249,0;Stoke;Watford;0;0,0;0,0
143;2565711,0;-0,07369861751794815;0,1333419531583786;-0,059429895132780075;1,0;2,0;0,0;1,0;249,0;Real Madrid;Barcelona;2;0,0;3,0
144;2565663,0;-0,03538933023810387;0,051189009100198746;-0,015797264873981476;1,0;2,0;0,0;1,0;249,0;Espanol;Valencia;2;0,0;2,0
145;2565852,0;-0,07751144468784332;0,1415185183286667;-0,06377243995666504;1,0;0,0;0,0;1,0;249,0;Real Madrid;Ath Madrid;0;1,0;1,0
146;2500056,0;-0,04190312325954437;0,06515759974718094;-0,023216184228658676;1,0;0,0;0,0;1,0;249,0;Swansea;Everton;0;1,0;1,0
147;2516817,0;-0,04344328120350838;0,06846044957637787;-0,02497035078704357;1,0;2,0;0,0;1,0;249,0;Augsburg;Hannover;2;1,0;2,0
148;2576256,0;-0,03464515507221222;0,049362193793058395;-0,01468425989151001;1,0;0,0;0,0;1,0;249,0;Genoa;Spal;0;1,0;1,0
149;2501011,0;-0,034615084528923035;0,04942674562335014;-0,014798367395997047;1,0;0,0;0,0;1,0;249,0;Nantes;Dijon;0;1,0;1,0
150;2565927,0;-0,034648261964321136;0,04935561493039131;-0,014672600664198399;1,0;0,0;0,0;1,0;249,0;Villarreal;Real Madrid;0;2,0;2,0
151;2576092,0;-0,03658595681190491;0,05375511944293976;-0,017160186544060707;1,0;1,0;0,0;1,0;249,0;Chievo;Spal;1;2,0;1,0
152;2565678,0;-0,03463628143072128;0,049381356686353683;-0,014718103222548962;1,0;1,0;0,0;1,0;249,0;Sevilla;La Coruna;1;2,0;0,0
153;2499990,0;-0,03464066609740257;0,04937193542718887;-0,01470144372433424;1,0;2,0;0,0;1,0;249,0;Arsenal;Man City;2;0,0;3,0
154;2516875,0;-0,03807956725358963;0,05695813149213791;-0,018861308693885803;1,0;1,0;0,0;1,0;249,0;Hoffenheim;Stuttgart;1;1,0;0,0
155;2500809,0;-0,03461959958076477;0,04941705986857414;-0,014781247824430466;1,0;1,0;0,0;1,0;249,0;Dijon;Troyes;1;3,0;1,0
156;2499915,0;-0,03471266105771065;0,04921765625476837;-0,01442863792181015;1,0;2,0;0,0;1,0;249,0;Newcastle;Man City;2;0,0;1,0
157;2565668,0;-0,034613918513059616;0,049429286271333694;-0,014802851714193821;1,0;1,0;0,0;1,0;249,0;Espanol;Getafe;1;1,0;0,0
158;2516854,0;-0,03466033190488815;0,049329739063978195;-0,014626848511397839;1,0;1,0;0,0;1,0;249,0;Hamburg;Hoffenheim;1;3,0;0,0
159;2500037,0;-0,034593258053064346;0,04947330430150032;-0,014880761504173279;1,0;0,0;0,0;1,0;249,0;Watford;Bournemouth;0;2,0;2,0
160;2500023,0;-0,04750428348779678;0,07716913521289825;-0,029595617204904556;1,0;1,0;0,0;1,0;249,0;Liverpool;Watford;1;5,0;0,0
161;2576076,0;-0,061436254531145096;0,10704575479030609;-0,04546356201171875;1,0;1,0;0,0;1,0;249,0;Juventus;Benevento;1;2,0;1,0
162;2500878,0;-0,053998202085494995;0,09109508991241455;-0,03699196130037308;1,0;0,0;0,0;1,0;249,0;Lyon;Angers;0;1,0;1,0
163;2499875,0;-0,03463977575302124;0,049373824149370193;-0,014704792760312557;1,0;0,0;0,0;1,0;249,0;Southampton;Arsenal;0;1,0;1,0
164;2516824,0;-0,03461633622646332;0,049424078315496445;-0,014793651178479195;1,0;0,0;0,0;1,0;249,0;Schalke 04;Wolfsburg;0;1,0;1,0
165;2576212,0;-0,03461688384413719;0,049422889947891235;-0,01479155570268631;1,0;1,0;0,0;1,0;249,0;Bologna;Genoa;1;2,0;0,0
166;2576329,0;-0,034679513424634933;0,04928867146372795;-0,014554220251739025;1,0;1,0;0,0;1,0;249,0;Cagliari;Atalanta;1;1,0;0,0
167;2516864,0;-0,03462078049778938;0,04941460117697716;-0,01477687619626522;1,0;1,0;0,0;1,0;249,0;Wolfsburg;M'gladbach;1;3,0;0,0
168;2565900,0;-0,03462859243154526;0,04939780756831169;-0,014747194945812225;1,0;2,0;0,0;1,0;249,0;Leganes;Levante;2;0,0;3,0
169;2501008,0;-0,034615058451890945;0,04942677915096283;-0,014798437245190144;1,0;0,0;0,0;1,0;249,0;Lille;Guingamp;0;2,0;2,0
170;2576210,0;-0,04895896464586258;0,08028866350650787;-0,03125244379043579;1,0;1,0;0,0;1,0;249,0;Inter;Benevento;1;2,0;0,0
171;2565650,0;-0,04449908062815666;0,07072453945875168;-0,02617289125919342;1,0;1,0;0,0;1,0;249,0;Celta;Ath Bilbao;1;3,0;1,0
172;2500810,0;-0,03462257236242294;0,049410752952098846;-0,014770072884857655;1,0;0,0;0,0;1,0;249,0;Guingamp;Angers;0;1,0;1,0
173;2500060,0;-0,058125488460063934;0,09994591772556305;-0,041692785918712616;1,0;1,0;0,0;1,0;249,0;Arsenal;West Ham;1;4,0;1,0
174;2565909,0;-0,03459886461496353;0,04946140944957733;-0,014859690330922604;1,0;1,0;0,0;1,0;249,0;Alaves;Ath Bilbao;1;3,0;1,0
175;2576319,0;-0,07158433645963669;0,12880799174308777;-0,05702176317572594;1,0;2,0;0,0;1,0;249,0;Fiorentina;Cagliari;2;0,0;1,0
176;2576126,0;-0,05304533988237381;0,08905172348022461;-0,03590666875243187;1,0;1,0;0,0;1,0;249,0;Roma;Cagliari;1;1,0;0,0
177;2500888,0;-0,03462173044681549;0,049412477761507034;-0,014773150905966759;1,0;2,0;0,0;1,0;249,0;Bordeaux;Caen;2;0,0;2,0
178;2516945,0;-0,034623291343450546;0,04940913990139961;-0,014767241664230824;1,0;2,0;0,0;1,0;249,0;Wolfsburg;Bayern Munich;2;1,0;2,0
179;2500893,0;-0,03461888059973717;0,04941847547888756;-0,014783780090510845;1,0;0,0;0,0;1,0;249,0;Monaco;Nice;0;2,0;2,0
180;2576255,0;-0,034643467515707016;0,04936595261096954;-0,014690862968564034;1,0;1,0;0,0;1,0;249,0;Chievo;Sampdoria;1;2,0;1,0
181;2516910,0;-0,059111565351486206;0,10206056386232376;-0,04281582683324814;1,0;1,0;0,0;1,0;249,0;Bayern Munich;Hoffenheim;1;5,0;2,0
182;2517035,0;-0,034635137766599655;0,04938375577330589;-0,014722353778779507;1,0;1,0;0,0;1,0;249,0;Stuttgart;Hoffenheim;1;2,0;0,0
183;2576199,0;-0,03459854796528816;0,04946207255125046;-0,014860870316624641;1,0;1,0;0,0;1,0;249,0;Chievo;Cagliari;1;2,0;1,0
184;2499920,0;-0,08306268602609634;0,15342293679714203;-0,07009507715702057;1,0;1,0;0,0;1,0;249,0;Chelsea;Stoke;1;5,0;0,0
185;2565708,0;-0,03460896015167236;0,049439795315265656;-0,014821465127170086;1,0;0,0;0,0;1,0;249,0;Levante;Leganes;0;0,0;0,0
186;2576172,0;-0,043069031089544296;0,06765784323215485;-0,024544116109609604;1,0;0,0;0,0;1,0;249,0;Crotone;Cagliari;0;1,0;1,0
187;2499851,0;-0,04921688884496689;0,08084174245595932;-0,03154624253511429;1,0;0,0;0,0;1,0;249,0;Brighton;Crystal Palace;0;0,0;0,0
188;2499986,0;-0,034599825739860535;0,04945932701230049;-0,01485601905733347;1,0;1,0;0,0;1,0;249,0;Swansea;Burnley;1;1,0;0,0
189;2500815,0;-0,03461959958076477;0,049417007714509964;-0,014781170524656773;1,0;0,0;0,0;1,0;249,0;Toulouse;Metz;0;0,0;0,0
190;2501063,0;-0,03463951125741005;0,04937426745891571;-0,014705609530210495;1,0;1,0;0,0;1,0;249,0;St Etienne;Lille;1;5,0;0,0
191;2576173,0;-0,08819972723722458;0,1644391417503357;-0,07594595849514008;1,0;2,0;0,0;1,0;249,0;Fiorentina;Verona;2;1,0;4,0
192;2500031,0;-0,034636158496141434;0,049381617456674576;-0,014718565158545971;1,0;2,0;0,0;1,0;249,0;Chelsea;Tottenham;2;1,0;3,0
193;2576110,0;-0,034646954387426376;0,049358513206243515;-0,014677694998681545;1,0;0,0;0,0;1,0;249,0;Chievo;Roma;0;0,0;0,0
194;2565761,0;-0,058459892868995667;0,10066304355859756;-0,042073652148246765;1,0;0,0;0,0;1,0;249,0;Getafe;Leganes;0;0,0;0,0
195;2576298,0;-0,03461344540119171;0,049430180341005325;-0,014804466627538204;1,0;1,0;0,0;1,0;249,0;Atalanta;Torino;1;2,0;1,0
196;2500864,0;-0,03462452068924904;0,049406539648771286;-0,014762637205421925;1,0;1,0;0,0;1,0;249,0;Strasbourg;Toulouse;1;2,0;1,0
197;2499933,0;-0,03461394086480141;0,04942917451262474;-0,014802668243646622;1,0;1,0;0,0;1,0;249,0;Leicester;Huddersfield;1;3,0;0,0
198;2576290,0;-0,04212676361203194;0,06563720852136612;-0,02347090095281601;1,0;0,0;0,0;1,0;249,0;Cagliari;Bologna;0;0,0;0,0
199;2499998,0;-0,03955019265413284;0,060111843049526215;-0,020536288619041443;1,0;2,0;0,0;1,0;249,0;West Brom;Huddersfield;2;1,0;2,0
200;2576081,0;-0,034628912806510925;0,04939712956547737;-0,014745998196303844;1,0;2,0;0,0;1,0;249,0;Verona;Bologna;2;2,0;3,0
201;2500777,0;-0,03460737690329552;0,049443118274211884;-0,0148273641243577;1,0;2,0;0,0;1,0;249,0;Angers;Toulouse;2;0,0;1,0
202;2500804,0;-0,03468438610434532;0,049278151243925095;-0,014535636641085148;1,0;2,0;0,0;1,0;249,0;St Etienne;Lyon;2;0,0;5,0
203;2499881,0;-0,034663066267967224;0,04932386428117752;-0,01461646519601345;1,0;2,0;0,0;1,0;249,0;Swansea;Man City;2;0,0;4,0
204;2576297,0;-0,034591224044561386;0,04947749897837639;-0,014888223260641098;1,0;1,0;0,0;1,0;249,0;Lazio;Sampdoria;1;4,0;0,0
205;2565687,0;-0,03465719521045685;0,04933657869696617;-0,01463890727609396;1,0;0,0;0,0;1,0;249,0;Ath Bilbao;Real Madrid;0;0,0;0,0
206;2499942,0;-0,034623757004737854;0,049408216029405594;-0,014765588566660881;1,0;2,0;0,0;1,0;249,0;Huddersfield;West Ham;2;1,0;4,0
207;2565924,0;-0,05071120336651802;0,08404623717069626;-0,033248189836740494;1,0;1,0;0,0;1,0;249,0;Valencia;La Coruna;1;2,0;1,0
208;2500883,0;-0,0346408411860466;0,049371540546417236;-0,0147007517516613;1,0;1,0;0,0;1,0;249,0;St Etienne;Toulouse;1;2,0;0,0
209;2501051,0;-0,034655310213565826;0,049340538680553436;-0,014645932242274284;1,0;1,0;0,0;1,0;249,0;Monaco;St Etienne;1;1,0;0,0
210;2499856,0;-0,03461166098713875;0,04943404719233513;-0,014811293222010136;1,0;1,0;0,0;1,0;249,0;Everton;West Ham;1;4,0;0,0
211;2500799,0;-0,034630488604307175;0,049393657594919205;-0,014739884994924068;1,0;1,0;0,0;1,0;249,0;Monaco;Guingamp;1;6,0;0,0
212;2516838,0;-0,04510831460356712;0,07203104346990585;-0,026866737753152847;1,0;1,0;0,0;1,0;249,0;Bayern Munich;Augsburg;1;3,0;0,0
213;2576129,0;-0,034648895263671875;0,04935432970523834;-0,014670310541987419;1,0;2,0;0,0;1,0;249,0;Cagliari;Fiorentina;2;0,0;1,0
214;2576090,0;-0,03465508297085762;0,04934096336364746;-0,014646702446043491;1,0;1,0;0,0;1,0;249,0;Bologna;Sampdoria;1;3,0;0,0
215;2516966,0;-0,03460326045751572;0,049452006816864014;-0,014843057841062546;1,0;1,0;0,0;1,0;249,0;Hoffenheim;Wolfsburg;1;3,0;0,0
216;2499919,0;-0,03461163491010666;0,04943414032459259;-0,014811445958912373;1,0;1,0;0,0;1,0;249,0;Bournemouth;Everton;1;2,0;1,0
217;2565908,0;-0,03461049497127533;0,04943661391735077;-0,014815811067819595;1,0;2,0;0,0;1,0;249,0;Girona;Valencia;2;0,0;1,0
218;2501021,0;-0,034618884325027466;0,04941853508353233;-0,014783871360123158;1,0;0,0;0,0;1,0;249,0;Metz;Caen;0;1,0;1,0
219;2500763,0;-0,04380901902914047;0,06924471259117126;-0,025386936962604523;1,0;1,0;0,0;1,0;249,0;Paris SG;Bordeaux;1;6,0;2,0
220;2499907,0;-0,034646715968847275;0,04935896024107933;-0,014678509905934334;1,0;0,0;0,0;1,0;249,0;Swansea;Crystal Palace;0;1,0;1,0
221;2516841,0;-0,034628380089998245;0,04939819499850273;-0,014747901819646358;1,0;1,0;0,0;1,0;249,0;Werder Bremen;Hannover;1;4,0;0,0
222;2565634,0;-0,05494033172726631;0,09311546385288239;-0,03806499391794205;1,0;1,0;0,0;1,0;249,0;Betis;Alaves;1;2,0;0,0
223;2500769,0;-0,034632645547389984;0,04938916489481926;-0,014731901697814465;1,0;1,0;0,0;1,0;249,0;Guingamp;Rennes;1;2,0;0,0
224;2500986,0;-0,03466136381030083;0,04932758957147598;-0,014623032882809639;1,0;2,0;0,0;1,0;249,0;Caen;Montpellier;2;1,0;3,0
225;2565854,0;-0,04316885769367218;0,06787193566560745;-0,02465781569480896;1,0;1,0;0,0;1,0;249,0;Sociedad;Girona;1;5,0;0,0
226;2500990,0;-0,03462554141879082;0,04940437152981758;-0,014758800156414509;1,0;1,0;0,0;1,0;249,0;Lyon;Toulouse;1;2,0;0,0
227;2500081,0;-0,034667547792196274;0,04931429401040077;-0,014599531888961792;1,0;1,0;0,0;1,0;249,0;Brighton;Man United;1;1,0;0,0
228;2576113,0;-0,054175086319446564;0,09147444367408752;-0,037193380296230316;1,0;2,0;0,0;1,0;249,0;Lazio;Torino;2;1,0;3,0
229;2565848,0;-0,06042236089706421;0,10487149655818939;-0,04430876672267914;1,0;2,0;0,0;1,0;249,0;Villarreal;Ath Bilbao;2;1,0;3,0
230;2499812,0;-0,03465491160750389;0,04934144392609596;-0,01464751735329628;1,0;1,0;0,0;1,0;249,0;Burnley;Newcastle;1;1,0;0,0
231;2576162,0;-0,03464727848768234;0,04935777559876442;-0,014676407910883427;1,0;1,0;0,0;1,0;249,0;Sampdoria;Fiorentina;1;3,0;1,0
232;2517018,0;-0,06480956077575684;0,11427970230579376;-0,04930563271045685;1,0;1,0;0,0;1,0;249,0;Bayern Munich;Ein Frankfurt;1;4,0;1,0
233;2516897,0;-0,03462035953998566;0,0494154654443264;-0,014778416603803635;1,0;2,0;0,0;1,0;249,0;Leverkusen;Bayern Munich;2;1,0;3,0
234;2500785,0;-0,03465604782104492;0,04933883249759674;-0,01464295294135809;1,0;2,0;0,0;1,0;249,0;Troyes;Lyon;2;0,0;5,0
235;2499873,0;-0,03466767072677612;0,04931413009762764;-0,014599214307963848;1,0;2,0;0,0;1,0;249,0;Man United;Man City;2;1,0;2,0
236;2516874,0;-0,05356932058930397;0,09017537534236908;-0,036503471434116364;1,0;1,0;0,0;1,0;249,0;Bayern Munich;FC Koln;1;1,0;0,0
237;2576093,0;-0,03467535972595215;0,049297552555799484;-0,014569929800927639;1,0;0,0;0,0;1,0;249,0;Genoa;Roma;0;1,0;1,0
238;2500842,0;-0,034634750336408615;0,04938463121652603;-0,014723890461027622;1,0;1,0;0,0;1,0;249,0;Rennes;Amiens;1;2,0;0,0
239;2565759,0;-0,03471072018146515;0,04922176152467728;-0,014435915276408195;1,0;0,0;0,0;1,0;249,0;Espanol;Barcelona;0;1,0;1,0
240;2499849,0;-0,045136041939258575;0,0720905065536499;-0,026898328214883804;1,0;2,0;0,0;1,0;249,0;Bournemouth;Burnley;2;1,0;2,0
241;2565749,0;-0,03466946631669998;0,04931025952100754;-0,014592375606298447;1,0;2,0;0,0;1,0;249,0;Valencia;Real Madrid;2;1,0;4,0
242;2500875,0;-0,034666843712329865;0,049315840005874634;-0,014602253213524818;1,0;2,0;0,0;1,0;249,0;Toulouse;Lyon;2;1,0;2,0
243;2500938,0;-0,034617695957422256;0,04942106455564499;-0,01478834543377161;1,0;0,0;0,0;1,0;249,0;Caen;Rennes;0;2,0;2,0
244;2499887,0;-0,05794301629066467;0,09955465793609619;-0,04148487746715546;1,0;0,0;0,0;1,0;249,0;Liverpool;West Brom;0;0,0;0,0
245;2576121,0;-0,03459424152970314;0,04947127774357796;-0,014877154491841793;1,0;2,0;0,0;1,0;249,0;Bologna;Juventus;2;0,0;3,0
246;2516895,0;-0,034624096006155014;0,049407392740249634;-0,014764162711799145;1,0;0,0;0,0;1,0;249,0;Werder Bremen;Hoffenheim;0;1,0;1,0
247;2565825,0;-0,06138571351766586;0,10693739354610443;-0,045405980199575424;1,0;2,0;0,0;1,0;249,0;Getafe;Levante;2;0,0;1,0
248;2516872,0;-0,034629032015800476;0,0493968203663826;-0,014745465479791164;1,0;1,0;0,0;1,0;249,0;Hannover;Hoffenheim;1;2,0;0,0
249;2565849,0;-0,034816842526197433;0,04996133968234062;-0,015145210549235344;1,0;1,0;0,0;1,0;249,0;La Coruna;Malaga;1;3,0;2,0
250;2517014,0;-0,034630849957466125;0,04939298704266548;-0,014738665893673897;1,0;1,0;0,0;1,0;249,0;Augsburg;Mainz;1;2,0;0,0
251;2499963,0;-0,03462831303477287;0,04939839243888855;-0,014748232439160347;1,0;1,0;0,0;1,0;249,0;Everton;Leicester;1;2,0;1,0
252;2576071,0;-0,04779164493083954;0,07778535783290863;-0,029922939836978912;1,0;1,0;0,0;1,0;249,0;Cagliari;Verona;1;2,0;1,0
253;2565841,0;-0,034647952765226364;0,04935631901025772;-0,01467383187264204;1,0;2,0;0,0;1,0;249,0;Getafe;Betis;2;0,0;1,0
254;2499847,0;-0,08854512870311737;0,16517981886863708;-0,07633936405181885;1,0;0,0;0,0;1,0;249,0;Tottenham;West Brom;0;1,0;1,0
255;2565787,0;-0,05492879077792168;0,09309069812297821;-0,03805185854434967;1,0;1,0;0,0;1,0;249,0;Ath Madrid;Ath Bilbao;1;2,0;0,0
256;2499898,0;-0,03468795493245125;0,04927053675055504;-0,014522162266075611;1,0;2,0;0,0;1,0;249,0;West Brom;Man United;2;1,0;2,0
257;2565839,0;-0,06700868904590607;0,11899564415216446;-0,051810331642627716;1,0;1,0;0,0;1,0;249,0;Ath Madrid;La Coruna;1;1,0;0,0
258;2565871,0;-0,03460093215107918;0,04945702105760574;-0,014851921238005161;1,0;2,0;0,0;1,0;249,0;Espanol;Eibar;2;0,0;1,0
259;2516925,0;-0,03465447574853897;0,049342360347509384;-0,014649144373834133;1,0;0,0;0,0;1,0;249,0;Hamburg;Hannover;0;1,0;1,0
260;2500824,0;-0,034640680998563766;0,04937177896499634;-0,014701208099722862;1,0;0,0;0,0;1,0;249,0;St Etienne;Strasbourg;0;2,0;2,0
261;2576283,0;-0,03460332006216049;0,04945188760757446;-0,014842848293483257;1,0;1,0;0,0;1,0;249,0;Roma;Genoa;1;2,0;1,0
262;2499931,0;-0,03465002775192261;0,04935179650783539;-0,014665860682725906;1,0;2,0;0,0;1,0;249,0;Burnley;Liverpool;2;1,0;2,0
263;2516986,0;-0,034623224288225174;0,04940924420952797;-0,01476744282990694;1,0;1,0;0,0;1,0;249,0;Schalke 04;Freiburg;1;2,0;0,0
264;2565723,0;-0,0346592478454113;0,04933217540383339;-0,014631123282015324;1,0;0,0;0,0;1,0;249,0;Celta;Real Madrid;0;2,0;2,0
265;2565736,0;-0,08172266185283661;0,1505492776632309;-0,06856890022754669;1,0;2,0;0,0;1,0;249,0;Eibar;Ath Madrid;2;0,0;1,0
266;2500015,0;-0,034628044813871384;0,049398984760046005;-0,014749279245734215;1,0;1,0;0,0;1,0;249,0;Newcastle;Southampton;1;3,0;0,0
267;2499935,0;-0,034643951803445816;0,04936489462852478;-0,014688999392092228;1,0;2,0;0,0;1,0;249,0;Southampton;Crystal Palace;2;1,0;2,0
268;2576259,0;-0,034669600427150726;0,049309808760881424;-0,014591624028980732;1,0;0,0;0,0;1,0;249,0;Spal;Atalanta;0;1,0;1,0
269;2565637,0;-0,03722977638244629;0,05513576418161392;-0,017893459647893906;1,0;2,0;0,0;1,0;249,0;Celta;Ath Madrid;2;0,0;1,0
270;2501058,0;-0,05157364904880524;0,08589574694633484;-0,03423048555850983;1,0;1,0;0,0;1,0;249,0;Lyon;Nice;1;3,0;2,0
271;2576223,0;-0,03459486737847328;0,04946983978152275;-0,014874636195600033;1,0;1,0;0,0;1,0;249,0;Benevento;Verona;1;3,0;0,0
272;2565705,0;-0,04672878235578537;0,0755060687661171;-0,028712395578622818;1,0;0,0;0,0;1,0;249,0;Las Palmas;Espanol;0;2,0;2,0
273;2516845,0;-0,05188208073377609;0,08655714988708496;-0,034581780433654785;1,0;1,0;0,0;1,0;249,0;Wolfsburg;Freiburg;1;3,0;1,0
274;2500967,0;-0,034591224044561386;0,04947750270366669;-0,014888226054608822;1,0;0,0;0,0;1,0;249,0;Dijon;Amiens;0;1,0;1,0
275;2499995,0;-0,0363757498562336;0,05330439284443855;-0,016920719295740128;1,0;1,0;0,0;1,0;249,0;Liverpool;West Ham;1;4,0;1,0
276;2565643,0;-0,03461736813187599;0,04942186549305916;-0,014789736829698086;1,0;2,0;0,0;1,0;249,0;Las Palmas;La Coruna;2;1,0;3,0
277;2565777,0;-0,0697704628109932;0,12491820752620697;-0,05495581775903702;1,0;0,0;0,0;1,0;249,0;Barcelona;Getafe;0;0,0;0,0
278;2576278,0;-0,04169662296772003;0,06471478193998337;-0,022981008514761925;1,0;1,0;0,0;1,0;249,0;Cagliari;Udinese;1;2,0;1,0
279;2565824,0;-0,0673433244228363;0,11971326917409897;-0,05219145119190216;1,0;1,0;0,0;1,0;249,0;Ath Madrid;Celta;1;3,0;0,0
280;2500877,0;-0,05618059262633324;0,09577516466379166;-0,03947761654853821;1,0;0,0;0,0;1,0;249,0;Dijon;Metz;0;1,0;1,0
281;2500093,0;-0,04010431841015816;0,061300117522478104;-0,021167442202568054;1,0;1,0;0,0;1,0;249,0;Man United;Watford;1;1,0;0,0
282;2500084,0;-0,034627027809619904;0,049401018768548965;-0,01475291233509779;1,0;2,0;0,0;1,0;249,0;Leicester;West Ham;2;0,0;2,0
283;2576207,0;-0,03459834307432175;0,04946257546544075;-0,014861740171909332;1,0;1,0;0,0;1,0;249,0;Bologna;Sassuolo;1;2,0;1,0
284;2576066,0;-0,03462231159210205;0,049411263316869736;-0,0147709921002388;1,0;1,0;0,0;1,0;249,0;Spal;Genoa;1;1,0;0,0
285;2501020,0;-0,043697696179151535;0,06900599598884583;-0,02526012435555458;1,0;1,0;0,0;1,0;249,0;Marseille;Lille;1;5,0;1,0
286;2499858,0;-0,03464699536561966;0,04935835301876068;-0,014677438884973526;1,0;2,0;0,0;1,0;249,0;Stoke;Liverpool;2;0,0;3,0
287;2516900,0;-0,03462677821516991;0,04940175265073776;-0,01475415751338005;1,0;1,0;0,0;1,0;249,0;Stuttgart;Hertha;1;1,0;0,0
