match,Date,season,Div,HomeTeam,AwayTeam,FTHG,FTAG,label,lgbm_top1_rs,own_original_comp_bal_fac_ss,own_original_simp_fac_ss,own_top1_adv_comp_fac_ss_miv2,tabnet_own_comp_rs_unsup_rps,tabnet_own_simp_ss_sup,tabnet_owntop1_comp_ss_sup,tabnet_paper_ss_unsup
5967,2020-01-17,T19-20,D1,Schalke 04,M'gladbach,2,0,1.0,0.4518,,,,,,,0.686
5968,2020-01-18,T19-20,D1,Augsburg,Dortmund,3,5,2.0,0.4367,,,,,,,0.5734
5983,2020-01-26,T19-20,D1,Werder Bremen,Hoffenheim,0,3,2.0,0.3195,,,,,,,0.1222
5984,2020-01-26,T19-20,D1,Leverkusen,Fortuna Dusseldorf,3,0,1.0,0.6349,,,,,,,0.7064
5985,2020-01-31,T19-20,D1,Hertha,Schalke 04,0,0,0.0,0.2666,0.3497,0.339,0.3124,0.3028,0.2551,0.2806,0.2775
5986,2020-02-01,T19-20,D1,Augsburg,Werder Bremen,2,1,1.0,0.4058,0.3232,0.421,0.4332,0.4706,0.4368,0.4213,0.2972
5987,2020-02-01,T19-20,D1,Dortmund,Union Berlin,5,0,1.0,0.7591,0.6498,0.8009,0.7881,0.8312,0.8605,0.7973,0.6838
5988,2020-02-01,T19-20,D1,Fortuna Dusseldorf,Ein Frankfurt,1,1,0.0,0.281,0.3211,0.3025,0.3047,0.2758,0.235,0.2713,0.2745
5989,2020-02-01,T19-20,D1,Hoffenheim,Leverkusen,2,1,1.0,0.3248,0.2128,0.3786,0.3029,0.1913,0.4624,0.3927,0.2766
5990,2020-02-01,T19-20,D1,Mainz,Bayern Munich,1,3,2.0,0.6066,0.72,0.8124,0.7506,0.7272,0.8201,0.6946,0.7388
5991,2020-02-01,T19-20,D1,RB Leipzig,M'gladbach,2,2,0.0,0.2392,0.3264,0.2419,0.1946,0.1386,0.1876,0.164,0.2455
5992,2020-02-02,T19-20,D1,FC Koln,Freiburg,4,0,1.0,0.4306,0.2907,0.381,0.4093,0.5332,0.4577,0.3893,0.4082
5993,2020-02-02,T19-20,D1,Paderborn,Wolfsburg,2,4,2.0,0.3687,0.3912,0.4514,0.4822,0.4638,0.3458,0.4113,0.3187
5994,2020-02-07,T19-20,D1,Ein Frankfurt,Augsburg,5,0,1.0,0.5006,0.3995,0.5471,0.5436,0.6633,0.5192,0.5684,0.399
5995,2020-02-08,T19-20,D1,Freiburg,Hoffenheim,1,0,1.0,0.3263,0.2146,0.3009,0.2946,0.3695,0.337,0.3653,0.3938
5996,2020-02-08,T19-20,D1,Hertha,Mainz,1,3,2.0,0.2628,0.3405,0.2221,0.3188,0.2377,0.1678,0.3199,0.245
5997,2020-02-08,T19-20,D1,Schalke 04,Paderborn,1,1,0.0,0.2321,0.3459,0.2556,0.2379,0.1724,0.2724,0.236,0.1939
5998,2020-02-08,T19-20,D1,Werder Bremen,Union Berlin,0,2,2.0,0.2368,0.3113,0.2353,0.2153,0.2602,0.2683,0.2425,0.134
5999,2020-02-08,T19-20,D1,Wolfsburg,Fortuna Dusseldorf,1,1,0.0,0.2502,0.3226,0.2691,0.2361,0.218,0.2743,0.2509,0.2371
6000,2020-02-08,T19-20,D1,Leverkusen,Dortmund,4,3,1.0,0.3582,0.2239,0.305,0.4145,0.2039,0.3854,0.3274,0.3464
6001,2020-02-09,T19-20,D1,Bayern Munich,RB Leipzig,0,0,0.0,0.2268,0.2714,0.1987,0.131,0.1156,0.031,0.0244,0.2216
6002,2020-02-14,T19-20,D1,Dortmund,Ein Frankfurt,4,0,1.0,0.7372,0.4964,0.7039,0.6654,0.8148,0.6121,0.7703,0.6926
6003,2020-02-15,T19-20,D1,Augsburg,Freiburg,1,1,0.0,0.2859,0.3559,0.3392,0.2938,0.2904,0.2326,0.2597,0.2726
6004,2020-02-15,T19-20,D1,Hoffenheim,Wolfsburg,2,3,2.0,0.2092,0.2883,0.1786,0.2397,0.2281,0.2108,0.2135,0.2215
6005,2020-02-15,T19-20,D1,Paderborn,Hertha,1,2,2.0,0.3228,0.2963,0.3217,0.2652,0.2066,0.3041,0.3144,0.3194
6006,2020-02-15,T19-20,D1,RB Leipzig,Werder Bremen,3,0,1.0,0.6506,0.5742,0.7997,0.7758,0.8114,0.6515,0.831,0.4568
6007,2020-02-15,T19-20,D1,Union Berlin,Leverkusen,2,3,2.0,0.454,0.5187,0.4499,0.538,0.5292,0.4134,0.4869,0.5075
6008,2020-02-15,T19-20,D1,Fortuna Dusseldorf,M'gladbach,1,4,2.0,0.3958,0.4507,0.5683,0.5312,0.5514,0.4441,0.4274,0.3328
6009,2020-02-16,T19-20,D1,FC Koln,Bayern Munich,1,4,2.0,0.6238,0.5776,0.7612,0.7108,0.5883,0.7964,0.7041,0.7296
6010,2020-02-16,T19-20,D1,Mainz,Schalke 04,0,0,0.0,0.2716,0.3497,0.3242,0.2878,0.2998,0.2486,0.2526,0.2738
6011,2020-02-21,T19-20,D1,Bayern Munich,Paderborn,3,2,1.0,0.796,0.7477,0.836,0.911,0.8626,0.8476,0.9201,0.753
6012,2020-02-22,T19-20,D1,Freiburg,Fortuna Dusseldorf,0,2,2.0,0.1901,0.2359,0.1878,0.1667,0.1681,0.1674,0.2613,0.3378
6013,2020-02-22,T19-20,D1,Hertha,FC Koln,0,5,2.0,0.2491,0.3454,0.2205,0.2776,0.1934,0.187,0.2999,0.2244
6014,2020-02-22,T19-20,D1,M'gladbach,Hoffenheim,1,1,0.0,0.269,0.3494,0.3228,0.2759,0.2638,0.2071,0.2846,0.2449
6015,2020-02-22,T19-20,D1,Werder Bremen,Dortmund,0,2,2.0,0.4849,0.6192,0.6746,0.584,0.6375,0.5499,0.5457,0.432
6016,2020-02-22,T19-20,D1,Schalke 04,RB Leipzig,0,5,2.0,0.4198,0.4776,0.5967,0.5105,0.4915,0.4983,0.4414,0.2332
6017,2020-02-23,T19-20,D1,Leverkusen,Augsburg,2,0,1.0,0.6517,0.5682,0.6859,0.752,0.7709,0.5624,0.7035,0.6959
6018,2020-02-23,T19-20,D1,Wolfsburg,Mainz,4,0,1.0,0.5411,0.4196,0.5346,0.5225,0.5176,0.5351,0.5476,0.5742
6019,2020-02-24,T19-20,D1,Ein Frankfurt,Union Berlin,1,2,2.0,0.2219,0.2676,0.1646,0.1972,0.1765,0.1748,0.2068,0.3226
6020,2020-02-28,T19-20,D1,Fortuna Dusseldorf,Hertha,3,3,0.0,0.2716,0.358,0.3387,0.3199,0.2881,0.2692,0.2435,0.281
6021,2020-02-29,T19-20,D1,Augsburg,M'gladbach,2,3,2.0,0.3788,0.4994,0.5386,0.5475,0.572,0.4676,0.4195,0.3404
6022,2020-02-29,T19-20,D1,Dortmund,Freiburg,1,0,1.0,0.7536,0.6448,0.836,0.8001,0.8135,0.9153,0.8282,0.6859
6023,2020-02-29,T19-20,D1,Hoffenheim,Bayern Munich,0,6,2.0,0.5286,0.6012,0.648,0.6689,0.5601,0.7092,0.5877,0.7201
6024,2020-02-29,T19-20,D1,Mainz,Paderborn,2,0,1.0,0.5153,0.3712,0.5074,0.5342,0.5553,0.5693,0.5524,0.4652
6025,2020-02-29,T19-20,D1,FC Koln,Schalke 04,3,0,1.0,0.3756,0.436,0.4033,0.4779,0.5302,0.4719,0.4272,0.2019
6026,2020-03-01,T19-20,D1,Union Berlin,Wolfsburg,2,2,0.0,0.2888,0.3364,0.3231,0.3341,0.2893,0.2636,0.2931,0.2776
6027,2020-03-01,T19-20,D1,RB Leipzig,Leverkusen,1,1,0.0,0.2449,0.3483,0.2727,0.2409,0.2532,0.1202,0.1729,0.2545
6028,2020-03-06,T19-20,D1,Paderborn,FC Koln,1,2,2.0,0.3255,0.4731,0.4334,0.4118,0.314,0.3584,0.2875,0.3172
6029,2020-03-07,T19-20,D1,Freiburg,Union Berlin,3,1,1.0,0.4826,0.3022,0.3918,0.4739,0.544,0.4722,0.4154,0.369
6030,2020-03-07,T19-20,D1,Hertha,Werder Bremen,2,2,0.0,0.2707,0.3553,0.3351,0.2838,0.2965,0.2976,0.2335,0.294
6031,2020-03-07,T19-20,D1,Leverkusen,Ein Frankfurt,4,0,1.0,0.629,0.4609,0.6134,0.6409,0.7814,0.6354,0.668,0.6913
6032,2020-03-07,T19-20,D1,Schalke 04,Hoffenheim,1,1,0.0,0.2951,0.3442,0.3381,0.2714,0.2738,0.2707,0.2967,0.1941
6033,2020-03-07,T19-20,D1,Wolfsburg,RB Leipzig,0,0,0.0,0.2394,0.3265,0.2315,0.2787,0.2697,0.256,0.2566,0.2734
6034,2020-03-07,T19-20,D1,M'gladbach,Dortmund,1,2,2.0,0.2939,0.4373,0.3831,0.3933,0.4275,0.3851,0.4125,0.4716
6035,2020-03-08,T19-20,D1,Bayern Munich,Augsburg,2,0,1.0,0.8167,0.8115,0.836,0.9104,0.848,0.797,0.9396,0.7514
6036,2020-03-08,T19-20,D1,Mainz,Fortuna Dusseldorf,1,1,0.0,0.2627,0.3517,0.3208,0.286,0.2325,0.2723,0.2643,0.286
6037,2020-03-11,T19-20,D1,M'gladbach,FC Koln,2,1,1.0,0.6153,0.3604,0.6329,0.5397,0.7917,0.6343,0.5916,0.5892
6038,2020-05-16,T19-20,D1,Augsburg,Wolfsburg,1,2,2.0,0.3586,,,,,,,0.331
6039,2020-05-16,T19-20,D1,Dortmund,Schalke 04,4,0,1.0,0.6874,,,,,,,0.5807
6040,2020-05-16,T19-20,D1,Fortuna Dusseldorf,Paderborn,0,0,0.0,0.2501,,,,,,,0.2844
6041,2020-05-16,T19-20,D1,Hoffenheim,Hertha,0,3,2.0,0.2498,,,,,,,0.2427
6042,2020-05-16,T19-20,D1,RB Leipzig,Freiburg,1,1,0.0,0.1986,,,,,,,0.241
6043,2020-05-16,T19-20,D1,Ein Frankfurt,M'gladbach,1,3,2.0,0.3598,,,,,,,0.3404
6044,2020-05-17,T19-20,D1,FC Koln,Mainz,2,2,0.0,0.2611,,,,,,,0.2552
6045,2020-05-17,T19-20,D1,Union Berlin,Bayern Munich,0,2,2.0,0.5736,,,,,,,0.7431
6046,2020-05-18,T19-20,D1,Werder Bremen,Leverkusen,1,4,2.0,0.5177,,,,,,,0.3811
6047,2020-05-22,T19-20,D1,Hertha,Union Berlin,4,0,1.0,0.4573,,,,,,,0.5105
6048,2020-05-23,T19-20,D1,Freiburg,Werder Bremen,0,1,2.0,0.306,,,,,,,0.4091
6049,2020-05-23,T19-20,D1,M'gladbach,Leverkusen,1,3,2.0,0.2963,,,,,,,0.4103
6050,2020-05-23,T19-20,D1,Paderborn,Hoffenheim,1,1,0.0,0.2662,,,,,,,0.2817
6051,2020-05-23,T19-20,D1,Wolfsburg,Dortmund,0,2,2.0,0.4669,,,,,,,0.448
6052,2020-05-23,T19-20,D1,Bayern Munich,Ein Frankfurt,5,2,1.0,0.8077,,,,,,,0.7388
6053,2020-05-24,T19-20,D1,Schalke 04,Augsburg,0,3,2.0,0.2231,,,,,,,0.1035
6054,2020-05-24,T19-20,D1,Mainz,RB Leipzig,0,5,2.0,0.5933,,,,,,,0.4219
6055,2020-05-24,T19-20,D1,FC Koln,Fortuna Dusseldorf,2,2,0.0,0.2497,,,,,,,0.2686
6056,2020-05-26,T19-20,D1,Dortmund,Bayern Munich,0,1,2.0,0.3154,0.5188,0.3107,0.5342,0.6199,0.144,0.5125,0.3933
6057,2020-05-26,T19-20,D1,Ein Frankfurt,Freiburg,3,3,0.0,0.2765,0.3534,0.3391,0.2876,0.3068,0.2639,0.2751,0.2715
6058,2020-05-26,T19-20,D1,Leverkusen,Wolfsburg,1,4,2.0,0.2057,0.1342,0.0923,0.0801,0.0617,0.0874,0.0662,0.0981
6059,2020-05-26,T19-20,D1,Werder Bremen,M'gladbach,0,0,0.0,0.2487,0.3097,0.2206,0.2813,0.2394,0.2269,0.2695,0.2266
6060,2020-05-27,T19-20,D1,RB Leipzig,Hertha,2,2,0.0,0.1702,0.2901,0.1703,0.1525,0.1249,0.1158,0.1468,0.2465
6061,2020-05-27,T19-20,D1,Augsburg,Paderborn,0,0,0.0,0.2459,0.3434,0.2731,0.2959,0.2572,0.2966,0.2545,0.2832
6062,2020-05-27,T19-20,D1,Fortuna Dusseldorf,Schalke 04,2,1,1.0,0.3947,0.3391,0.4061,0.3883,0.3125,0.411,0.4127,0.2303
6063,2020-05-27,T19-20,D1,Hoffenheim,FC Koln,3,1,1.0,0.4448,0.2939,0.3984,0.5073,0.4847,0.4565,0.4046,0.5325
6064,2020-05-27,T19-20,D1,Union Berlin,Mainz,1,1,0.0,0.2696,0.3545,0.3387,0.2808,0.3066,0.277,0.2461,0.2748
6065,2020-05-29,T19-20,D1,Freiburg,Leverkusen,0,1,2.0,0.5282,0.4855,0.4643,0.5196,0.4912,0.4227,0.4479,0.5372
6066,2020-05-30,T19-20,D1,Hertha,Augsburg,2,0,1.0,0.4642,0.439,0.5548,0.4951,0.6176,0.5177,0.443,0.5
6067,2020-05-30,T19-20,D1,Mainz,Hoffenheim,0,1,2.0,0.3871,0.424,0.3492,0.4224,0.4439,0.3536,0.4269,0.2507
6068,2020-05-30,T19-20,D1,Schalke 04,Werder Bremen,0,1,2.0,0.2932,0.3512,0.2493,0.2456,0.2708,0.1601,0.211,0.1646
6069,2020-05-30,T19-20,D1,Wolfsburg,Ein Frankfurt,1,2,2.0,0.2061,0.2709,0.1678,0.2459,0.2321,0.1911,0.2188,0.1784
6070,2020-05-30,T19-20,D1,Bayern Munich,Fortuna Dusseldorf,5,0,1.0,0.8205,0.7423,0.836,0.8935,0.8707,0.9763,0.9143,0.7541
6071,2020-05-31,T19-20,D1,M'gladbach,Union Berlin,4,1,1.0,0.6363,0.5434,0.7151,0.7255,0.7903,0.6767,0.6583,0.5687
6072,2020-05-31,T19-20,D1,Paderborn,Dortmund,1,6,2.0,0.6245,0.5713,0.8427,0.6521,0.6314,0.7182,0.814,0.5796
6073,2020-06-01,T19-20,D1,FC Koln,RB Leipzig,2,4,2.0,0.5956,0.5212,0.6295,0.6001,0.5226,0.5552,0.5476,0.5611
6074,2020-06-03,T19-20,D1,Werder Bremen,Ein Frankfurt,0,3,2.0,0.2812,0.377,0.2841,0.3201,0.3465,0.3004,0.3801,0.1441
6075,2020-06-05,T19-20,D1,Freiburg,M'gladbach,1,0,1.0,0.3026,0.2045,0.2525,0.2562,0.2484,0.3408,0.3101,0.3851
6076,2020-06-06,T19-20,D1,Ein Frankfurt,Mainz,0,2,2.0,0.2208,0.2218,0.1637,0.1711,0.1735,0.1423,0.2513,0.3423
6077,2020-06-06,T19-20,D1,Fortuna Dusseldorf,Hoffenheim,2,2,0.0,0.2803,0.3316,0.2834,0.2958,0.2505,0.2366,0.256,0.282
6078,2020-06-06,T19-20,D1,Leverkusen,Bayern Munich,2,4,2.0,0.3772,0.5959,0.5918,0.5825,0.6056,0.6281,0.525,0.5455
6079,2020-06-06,T19-20,D1,RB Leipzig,Paderborn,1,1,0.0,0.1437,0.2193,0.1237,0.106,0.1211,0.1913,0.1114,0.2614
6080,2020-06-06,T19-20,D1,Dortmund,Hertha,1,0,1.0,0.765,0.5518,0.8174,0.7651,0.8492,0.8359,0.8699,0.7067
6081,2020-06-07,T19-20,D1,Werder Bremen,Wolfsburg,0,1,2.0,0.3807,0.412,0.4556,0.3714,0.4267,0.395,0.3894,0.1292
6082,2020-06-07,T19-20,D1,Union Berlin,Schalke 04,1,1,0.0,0.2725,0.3583,0.3356,0.3,0.3056,0.2968,0.2595,0.2739
6083,2020-06-07,T19-20,D1,Augsburg,FC Koln,1,1,0.0,0.2615,0.3488,0.3391,0.2765,0.2837,0.3223,0.2379,0.273
6084,2020-06-12,T19-20,D1,Hoffenheim,RB Leipzig,0,2,2.0,0.5478,0.4886,0.5303,0.5201,0.5452,0.4832,0.5561,0.3655
6085,2020-06-13,T19-20,D1,FC Koln,Union Berlin,1,2,2.0,0.2461,0.2573,0.1726,0.218,0.1774,0.2053,0.2963,0.3649
6086,2020-06-13,T19-20,D1,Fortuna Dusseldorf,Dortmund,0,1,2.0,0.6285,0.5993,0.786,0.6507,0.6932,0.7118,0.6165,0.585
6087,2020-06-13,T19-20,D1,Hertha,Ein Frankfurt,1,4,2.0,0.2785,0.3161,0.2234,0.3096,0.2337,0.2851,0.3472,0.2265
6088,2020-06-13,T19-20,D1,Paderborn,Werder Bremen,1,5,2.0,0.3928,0.3444,0.2886,0.3361,0.2685,0.1992,0.3111,0.3987
6089,2020-06-13,T19-20,D1,Wolfsburg,Freiburg,2,2,0.0,0.2787,0.348,0.2833,0.2815,0.2647,0.2276,0.2657,0.2341
6090,2020-06-13,T19-20,D1,Bayern Munich,M'gladbach,2,1,1.0,0.6899,0.6545,0.8077,0.8157,0.8719,0.9681,0.9354,0.7501
6091,2020-06-14,T19-20,D1,Mainz,Augsburg,0,1,2.0,0.2419,0.3215,0.2417,0.2313,0.1857,0.2115,0.2639,0.275
6092,2020-06-14,T19-20,D1,Schalke 04,Leverkusen,1,1,0.0,0.2348,0.3107,0.2374,0.2666,0.2128,0.2452,0.2971,0.2595
6093,2020-06-16,T19-20,D1,M'gladbach,Wolfsburg,3,0,1.0,0.5346,0.3138,0.507,0.5625,0.5236,0.5614,0.5518,0.6072
6094,2020-06-16,T19-20,D1,Freiburg,Hertha,2,1,1.0,0.462,0.3844,0.4112,0.5488,0.56,0.4999,0.4585,0.3916
6095,2020-06-16,T19-20,D1,Union Berlin,Paderborn,1,0,1.0,0.5217,0.3442,0.5219,0.5007,0.5613,0.5389,0.5382,0.4378
6096,2020-06-16,T19-20,D1,Werder Bremen,Bayern Munich,0,1,2.0,0.6261,0.6853,0.8126,0.7366,0.7397,0.8114,0.705,0.5545
6097,2020-06-17,T19-20,D1,Ein Frankfurt,Schalke 04,2,1,1.0,0.4537,0.4765,0.5285,0.5792,0.5864,0.5349,0.5056,0.2218
6098,2020-06-17,T19-20,D1,Augsburg,Hoffenheim,1,3,2.0,0.3528,0.3856,0.3192,0.4156,0.2716,0.394,0.4165,0.3164
6099,2020-06-17,T19-20,D1,Dortmund,Mainz,0,2,2.0,0.0817,0.122,0.0403,0.0679,0.0401,0.0832,0.0649,0.0944
6100,2020-06-17,T19-20,D1,Leverkusen,FC Koln,3,1,1.0,0.6778,0.4905,0.6487,0.7615,0.8058,0.5553,0.636,0.692
6101,2020-06-17,T19-20,D1,RB Leipzig,Fortuna Dusseldorf,2,2,0.0,0.1421,0.2732,0.1237,0.1337,0.1204,0.1623,0.1148,0.2625
6102,2020-06-20,T19-20,D1,Bayern Munich,Freiburg,3,1,1.0,0.8106,0.6996,0.836,0.8769,0.8431,0.9757,0.9347,0.7356
6103,2020-06-20,T19-20,D1,FC Koln,Ein Frankfurt,1,1,0.0,0.2739,0.3419,0.3367,0.2816,0.2856,0.2383,0.2706,0.2553
6104,2020-06-20,T19-20,D1,Fortuna Dusseldorf,Augsburg,1,1,0.0,0.2837,0.3557,0.3385,0.2907,0.2697,0.2857,0.2956,0.2805
6105,2020-06-20,T19-20,D1,Hertha,Leverkusen,2,0,1.0,0.2154,0.2051,0.2962,0.1893,0.2629,0.3528,0.2957,0.2663
6106,2020-06-20,T19-20,D1,Hoffenheim,Union Berlin,4,0,1.0,0.4725,0.4412,0.5594,0.5649,0.5602,0.5393,0.4504,0.5252
6107,2020-06-20,T19-20,D1,Mainz,Werder Bremen,3,1,1.0,0.3386,0.3527,0.4027,0.4313,0.5431,0.5416,0.4333,0.358
6108,2020-06-20,T19-20,D1,Paderborn,M'gladbach,1,3,2.0,0.5096,0.4914,0.7628,0.5711,0.5893,0.5506,0.4465,0.3443
6109,2020-06-20,T19-20,D1,RB Leipzig,Dortmund,0,2,2.0,0.3024,0.3305,0.2717,0.2642,0.2944,0.4005,0.2364,0.5156
6110,2020-06-20,T19-20,D1,Schalke 04,Wolfsburg,1,4,2.0,0.3376,0.4326,0.3612,0.3855,0.4433,0.4089,0.3169,0.1027
6111,2020-06-27,T19-20,D1,Augsburg,RB Leipzig,1,2,2.0,0.5343,0.5155,0.7141,0.6294,0.6854,0.5578,0.6111,0.5254
